solid OpenSCAD_Model
  facet normal 0 0 1
    outer loop
      vertex -93.61939766255644 -58.91341716182545 -1.3500000000000005
      vertex -93.61939766255644 -55.08658283817455 -1.3500000000000005
      vertex -93.90392640201615 -57.97545161008064 -1.3500000000000005
    endloop
  endfacet
  facet normal 0 0 1
    outer loop
      vertex -93.90392640201615 -57.97545161008064 -1.3500000000000005
      vertex -93.90392640201615 -56.02454838991936 -1.3500000000000005
      vertex -94 -57 -1.3500000000000005
    endloop
  endfacet
  facet normal 0 0 1
    outer loop
      vertex -93.90392640201615 -57.97545161008064 -1.3500000000000005
      vertex -93.61939766255644 -55.08658283817455 -1.3500000000000005
      vertex -93.90392640201615 -56.02454838991936 -1.3500000000000005
    endloop
  endfacet
  facet normal 0 0 1
    outer loop
      vertex -93.15734806151272 -59.777851165098014 -1.3500000000000005
      vertex -93.15734806151272 -54.222148834901986 -1.3500000000000005
      vertex -93.61939766255644 -58.91341716182545 -1.3500000000000005
    endloop
  endfacet
  facet normal 0 0 1
    outer loop
      vertex -91.77785116509801 -61.15734806151273 -1.3500000000000005
      vertex -90.91341716182545 -61.61939766255644 -1.3500000000000005
      vertex -90.87080662768072 -58.250033024294105 -1.3500000000000005
    endloop
  endfacet
  facet normal 0 0 1
    outer loop
      vertex -90.91341716182545 -61.61939766255644 -1.3500000000000005
      vertex -89.97545161008064 -61.903926402016154 -1.3500000000000005
      vertex -89.86103772282145 -59.07872894815039 -1.3500000000000005
    endloop
  endfacet
  facet normal 0 0 1
    outer loop
      vertex -90.91341716182545 -61.61939766255644 -1.3500000000000005
      vertex -90.59099025766973 -58.59099025766973 -1.3500000000000005
      vertex -90.87080662768072 -58.250033024294105 -1.3500000000000005
    endloop
  endfacet
  facet normal 0 0 1
    outer loop
      vertex -90.91341716182545 -61.61939766255644 -1.3500000000000005
      vertex -89.86103772282145 -59.07872894815039 -1.3500000000000005
      vertex -90.25003302429411 -58.87080662768073 -1.3500000000000005
    endloop
  endfacet
  facet normal 0 0 1
    outer loop
      vertex -90.91341716182545 -61.61939766255644 -1.3500000000000005
      vertex -90.25003302429411 -58.87080662768073 -1.3500000000000005
      vertex -90.59099025766973 -58.59099025766973 -1.3500000000000005
    endloop
  endfacet
  facet normal 0 0 1
    outer loop
      vertex -89.97545161008064 -61.903926402016154 -1.3500000000000005
      vertex -89.43895322453629 -59.20676688090727 -1.3500000000000005
      vertex -89.86103772282145 -59.07872894815039 -1.3500000000000005
    endloop
  endfacet
  facet normal 0 0 1
    outer loop
      vertex -89.97545161008064 -61.903926402016154 -1.3500000000000005
      vertex -89 -59.25 -1.3500000000000005
      vertex -89.43895322453629 -59.20676688090727 -1.3500000000000005
    endloop
  endfacet
  facet normal 0 0 1
    outer loop
      vertex -92.53553390593274 -60.53553390593274 -1.3500000000000005
      vertex -92.53553390593274 -53.46446609406726 -1.3500000000000005
      vertex -93.15734806151272 -59.777851165098014 -1.3500000000000005
    endloop
  endfacet
  facet normal 0 0 1
    outer loop
      vertex -92.53553390593274 -60.53553390593274 -1.3500000000000005
      vertex -91.77785116509801 -61.15734806151273 -1.3500000000000005
      vertex -91.77785116509801 -52.84265193848727 -1.3500000000000005
    endloop
  endfacet
  facet normal 0 0 1
    outer loop
      vertex -91.77785116509801 -61.15734806151273 -1.3500000000000005
      vertex -90.87080662768072 -58.250033024294105 -1.3500000000000005
      vertex -91.0787289481504 -57.86103772282145 -1.3500000000000005
    endloop
  endfacet
  facet normal 0 0 1
    outer loop
      vertex -91.77785116509801 -61.15734806151273 -1.3500000000000005
      vertex -91.0787289481504 -57.86103772282145 -1.3500000000000005
      vertex -91.20676688090727 -57.43895322453629 -1.3500000000000005
    endloop
  endfacet
  facet normal 0 0 1
    outer loop
      vertex -91.77785116509801 -61.15734806151273 -1.3500000000000005
      vertex -91.20676688090727 -57.43895322453629 -1.3500000000000005
      vertex -91.25 -57 -1.3500000000000005
    endloop
  endfacet
  facet normal 0 0 1
    outer loop
      vertex -91.77785116509801 -61.15734806151273 -1.3500000000000005
      vertex -91.25 -57 -1.3500000000000005
      vertex -90.91341716182545 -52.38060233744356 -1.3500000000000005
    endloop
  endfacet
  facet normal 0 0 1
    outer loop
      vertex -93.61939766255644 -58.91341716182545 -1.3500000000000005
      vertex -93.15734806151272 -54.222148834901986 -1.3500000000000005
      vertex -93.61939766255644 -55.08658283817455 -1.3500000000000005
    endloop
  endfacet
  facet normal 0 0 1
    outer loop
      vertex -93.15734806151272 -59.777851165098014 -1.3500000000000005
      vertex -92.53553390593274 -53.46446609406726 -1.3500000000000005
      vertex -93.15734806151272 -54.222148834901986 -1.3500000000000005
    endloop
  endfacet
  facet normal 0 0 1
    outer loop
      vertex -92.53553390593274 -60.53553390593274 -1.3500000000000005
      vertex -91.77785116509801 -52.84265193848727 -1.3500000000000005
      vertex -92.53553390593274 -53.46446609406726 -1.3500000000000005
    endloop
  endfacet
  facet normal 0 0 1
    outer loop
      vertex -91.77785116509801 -61.15734806151273 -1.3500000000000005
      vertex -90.91341716182545 -52.38060233744356 -1.3500000000000005
      vertex -91.77785116509801 -52.84265193848727 -1.3500000000000005
    endloop
  endfacet
  facet normal 0 0 1
    outer loop
      vertex -91.25 -57 -1.3500000000000005
      vertex -91.20676688090727 -56.56104677546371 -1.3500000000000005
      vertex -90.91341716182545 -52.38060233744356 -1.3500000000000005
    endloop
  endfacet
  facet normal 0 0 1
    outer loop
      vertex -91.20676688090727 -56.56104677546371 -1.3500000000000005
      vertex -91.0787289481504 -56.13896227717855 -1.3500000000000005
      vertex -90.91341716182545 -52.38060233744356 -1.3500000000000005
    endloop
  endfacet
  facet normal 0 0 1
    outer loop
      vertex -91.0787289481504 -56.13896227717855 -1.3500000000000005
      vertex -90.87080662768072 -55.749966975705895 -1.3500000000000005
      vertex -90.91341716182545 -52.38060233744356 -1.3500000000000005
    endloop
  endfacet
  facet normal 0 0 1
    outer loop
      vertex -90.87080662768072 -55.749966975705895 -1.3500000000000005
      vertex -90.59099025766973 -55.40900974233027 -1.3500000000000005
      vertex -90.91341716182545 -52.38060233744356 -1.3500000000000005
    endloop
  endfacet
  facet normal 0 0 1
    outer loop
      vertex -90.59099025766973 -55.40900974233027 -1.3500000000000005
      vertex -90.25003302429411 -55.12919337231927 -1.3500000000000005
      vertex -89.97545161008064 -52.096073597983846 -1.3500000000000005
    endloop
  endfacet
  facet normal 0 0 1
    outer loop
      vertex -90.59099025766973 -55.40900974233027 -1.3500000000000005
      vertex -89.97545161008064 -52.096073597983846 -1.3500000000000005
      vertex -90.91341716182545 -52.38060233744356 -1.3500000000000005
    endloop
  endfacet
  facet normal 0 0 1
    outer loop
      vertex -90.25003302429411 -55.12919337231927 -1.3500000000000005
      vertex -89.86103772282145 -54.92127105184961 -1.3500000000000005
      vertex -89.97545161008064 -52.096073597983846 -1.3500000000000005
    endloop
  endfacet
  facet normal 0 0 1
    outer loop
      vertex -89.86103772282145 -54.92127105184961 -1.3500000000000005
      vertex -89.43895322453629 -54.79323311909273 -1.3500000000000005
      vertex -89.97545161008064 -52.096073597983846 -1.3500000000000005
    endloop
  endfacet
  facet normal 0 0 1
    outer loop
      vertex -89.43895322453629 -54.79323311909273 -1.3500000000000005
      vertex -89 -52 -1.3500000000000005
      vertex -89.97545161008064 -52.096073597983846 -1.3500000000000005
    endloop
  endfacet
  facet normal 0 0 1
    outer loop
      vertex -89.97545161008064 -61.903926402016154 -1.3500000000000005
      vertex -89 -62 -1.3500000000000005
      vertex -89 -59.25 -1.3500000000000005
    endloop
  endfacet
  facet normal 0 0 1
    outer loop
      vertex -89 -62 -1.3500000000000005
      vertex -88.02454838991936 -61.903926402016154 -1.3500000000000005
      vertex -88.56104677546371 -59.20676688090727 -1.3500000000000005
    endloop
  endfacet
  facet normal 0 0 1
    outer loop
      vertex -89 -62 -1.3500000000000005
      vertex -88.56104677546371 -59.20676688090727 -1.3500000000000005
      vertex -89 -59.25 -1.3500000000000005
    endloop
  endfacet
  facet normal 0 0 1
    outer loop
      vertex -88.56104677546371 -59.20676688090727 -1.3500000000000005
      vertex -88.02454838991936 -61.903926402016154 -1.3500000000000005
      vertex -88.13896227717855 -59.07872894815039 -1.3500000000000005
    endloop
  endfacet
  facet normal 0 0 1
    outer loop
      vertex -88.13896227717855 -59.07872894815039 -1.3500000000000005
      vertex -88.02454838991936 -61.903926402016154 -1.3500000000000005
      vertex -87.74996697570589 -58.87080662768073 -1.3500000000000005
    endloop
  endfacet
  facet normal 0 0 1
    outer loop
      vertex -88.02454838991936 -61.903926402016154 -1.3500000000000005
      vertex -87.40900974233027 -58.59099025766973 -1.3500000000000005
      vertex -87.74996697570589 -58.87080662768073 -1.3500000000000005
    endloop
  endfacet
  facet normal 0 0 1
    outer loop
      vertex -88.02454838991936 -61.903926402016154 -1.3500000000000005
      vertex -87.08658283817455 -61.61939766255644 -1.3500000000000005
      vertex -87.40900974233027 -58.59099025766973 -1.3500000000000005
    endloop
  endfacet
  facet normal 0 0 1
    outer loop
      vertex -87.08658283817455 -61.61939766255644 -1.3500000000000005
      vertex -87.12919337231928 -58.250033024294105 -1.3500000000000005
      vertex -87.40900974233027 -58.59099025766973 -1.3500000000000005
    endloop
  endfacet
  facet normal 0 0 1
    outer loop
      vertex -87.08658283817455 -61.61939766255644 -1.3500000000000005
      vertex -86.9212710518496 -57.86103772282145 -1.3500000000000005
      vertex -87.12919337231928 -58.250033024294105 -1.3500000000000005
    endloop
  endfacet
  facet normal 0 0 1
    outer loop
      vertex -87.08658283817455 -61.61939766255644 -1.3500000000000005
      vertex -86.79323311909273 -57.43895322453629 -1.3500000000000005
      vertex -86.9212710518496 -57.86103772282145 -1.3500000000000005
    endloop
  endfacet
  facet normal 0 0 1
    outer loop
      vertex -87.08658283817455 -61.61939766255644 -1.3500000000000005
      vertex -86.75 -57 -1.3500000000000005
      vertex -86.79323311909273 -57.43895322453629 -1.3500000000000005
    endloop
  endfacet
  facet normal 0 0 1
    outer loop
      vertex -87.08658283817455 -61.61939766255644 -1.3500000000000005
      vertex -86.22214883490199 -61.15734806151273 -1.3500000000000005
      vertex -86.22214883490199 -52.84265193848727 -1.3500000000000005
    endloop
  endfacet
  facet normal 0 0 1
    outer loop
      vertex -87.08658283817455 -61.61939766255644 -1.3500000000000005
      vertex -86.22214883490199 -52.84265193848727 -1.3500000000000005
      vertex -86.75 -57 -1.3500000000000005
    endloop
  endfacet
  facet normal 0 0 1
    outer loop
      vertex -86.22214883490199 -61.15734806151273 -1.3500000000000005
      vertex -85.46446609406726 -60.53553390593274 -1.3500000000000005
      vertex -85.46446609406726 -53.46446609406726 -1.3500000000000005
    endloop
  endfacet
  facet normal 0 0 1
    outer loop
      vertex -85.46446609406726 -60.53553390593274 -1.3500000000000005
      vertex -84.84265193848728 -59.777851165098014 -1.3500000000000005
      vertex -84.84265193848728 -54.222148834901986 -1.3500000000000005
    endloop
  endfacet
  facet normal 0 0 1
    outer loop
      vertex -84.84265193848728 -59.777851165098014 -1.3500000000000005
      vertex -84.38060233744356 -58.91341716182545 -1.3500000000000005
      vertex -84.38060233744356 -55.08658283817455 -1.3500000000000005
    endloop
  endfacet
  facet normal 0 0 1
    outer loop
      vertex -84.84265193848728 -59.777851165098014 -1.3500000000000005
      vertex -84.38060233744356 -55.08658283817455 -1.3500000000000005
      vertex -84.84265193848728 -54.222148834901986 -1.3500000000000005
    endloop
  endfacet
  facet normal 0 0 1
    outer loop
      vertex -84.38060233744356 -58.91341716182545 -1.3500000000000005
      vertex -84.09607359798385 -56.02454838991936 -1.3500000000000005
      vertex -84.38060233744356 -55.08658283817455 -1.3500000000000005
    endloop
  endfacet
  facet normal 0 0 1
    outer loop
      vertex -84.38060233744356 -58.91341716182545 -1.3500000000000005
      vertex -84.09607359798385 -57.97545161008064 -1.3500000000000005
      vertex -84.09607359798385 -56.02454838991936 -1.3500000000000005
    endloop
  endfacet
  facet normal 0 0 1
    outer loop
      vertex -84.09607359798385 -57.97545161008064 -1.3500000000000005
      vertex -84 -57 -1.3500000000000005
      vertex -84.09607359798385 -56.02454838991936 -1.3500000000000005
    endloop
  endfacet
  facet normal 0 0 1
    outer loop
      vertex -89.43895322453629 -54.79323311909273 -1.3500000000000005
      vertex -89 -54.75 -1.3500000000000005
      vertex -89 -52 -1.3500000000000005
    endloop
  endfacet
  facet normal 0 0 1
    outer loop
      vertex -89 -54.75 -1.3500000000000005
      vertex -88.56104677546371 -54.79323311909273 -1.3500000000000005
      vertex -88.02454838991936 -52.096073597983846 -1.3500000000000005
    endloop
  endfacet
  facet normal 0 0 1
    outer loop
      vertex -88.56104677546371 -54.79323311909273 -1.3500000000000005
      vertex -88.13896227717855 -54.92127105184961 -1.3500000000000005
      vertex -88.02454838991936 -52.096073597983846 -1.3500000000000005
    endloop
  endfacet
  facet normal 0 0 1
    outer loop
      vertex -88.13896227717855 -54.92127105184961 -1.3500000000000005
      vertex -87.74996697570589 -55.12919337231927 -1.3500000000000005
      vertex -87.08658283817455 -52.38060233744356 -1.3500000000000005
    endloop
  endfacet
  facet normal 0 0 1
    outer loop
      vertex -88.13896227717855 -54.92127105184961 -1.3500000000000005
      vertex -87.08658283817455 -52.38060233744356 -1.3500000000000005
      vertex -88.02454838991936 -52.096073597983846 -1.3500000000000005
    endloop
  endfacet
  facet normal 0 0 1
    outer loop
      vertex -86.22214883490199 -61.15734806151273 -1.3500000000000005
      vertex -85.46446609406726 -53.46446609406726 -1.3500000000000005
      vertex -86.22214883490199 -52.84265193848727 -1.3500000000000005
    endloop
  endfacet
  facet normal 0 0 1
    outer loop
      vertex -86.75 -57 -1.3500000000000005
      vertex -86.22214883490199 -52.84265193848727 -1.3500000000000005
      vertex -86.79323311909273 -56.56104677546371 -1.3500000000000005
    endloop
  endfacet
  facet normal 0 0 1
    outer loop
      vertex -86.79323311909273 -56.56104677546371 -1.3500000000000005
      vertex -86.22214883490199 -52.84265193848727 -1.3500000000000005
      vertex -86.9212710518496 -56.13896227717855 -1.3500000000000005
    endloop
  endfacet
  facet normal 0 0 1
    outer loop
      vertex -86.9212710518496 -56.13896227717855 -1.3500000000000005
      vertex -86.22214883490199 -52.84265193848727 -1.3500000000000005
      vertex -87.12919337231928 -55.749966975705895 -1.3500000000000005
    endloop
  endfacet
  facet normal 0 0 1
    outer loop
      vertex -87.40900974233027 -55.40900974233027 -1.3500000000000005
      vertex -87.08658283817455 -52.38060233744356 -1.3500000000000005
      vertex -87.74996697570589 -55.12919337231927 -1.3500000000000005
    endloop
  endfacet
  facet normal 0 0 1
    outer loop
      vertex -87.40900974233027 -55.40900974233027 -1.3500000000000005
      vertex -87.12919337231928 -55.749966975705895 -1.3500000000000005
      vertex -87.08658283817455 -52.38060233744356 -1.3500000000000005
    endloop
  endfacet
  facet normal 0 0 1
    outer loop
      vertex -87.12919337231928 -55.749966975705895 -1.3500000000000005
      vertex -86.22214883490199 -52.84265193848727 -1.3500000000000005
      vertex -87.08658283817455 -52.38060233744356 -1.3500000000000005
    endloop
  endfacet
  facet normal 0 0 1
    outer loop
      vertex -89 -54.75 -1.3500000000000005
      vertex -88.02454838991936 -52.096073597983846 -1.3500000000000005
      vertex -89 -52 -1.3500000000000005
    endloop
  endfacet
  facet normal 0 0 1
    outer loop
      vertex -85.46446609406726 -60.53553390593274 -1.3500000000000005
      vertex -84.84265193848728 -54.222148834901986 -1.3500000000000005
      vertex -85.46446609406726 -53.46446609406726 -1.3500000000000005
    endloop
  endfacet
  facet normal 0.7730104533627387 0.6343932841636434 0
    outer loop
      vertex -92.53553390593274 -60.53553390593274 -1.3500000000000005
      vertex -93.15734806151272 -59.777851165098014 -1.3500000000000005
      vertex -93.15734806151272 -59.777851165098014 6.35
    endloop
  endfacet
  facet normal 0.9569403357322096 0.2902846772544598 0
    outer loop
      vertex -93.61939766255644 -58.91341716182545 -1.3500000000000005
      vertex -93.90392640201615 -57.97545161008064 -1.3500000000000005
      vertex -93.90392640201615 -57.97545161008064 6.35
    endloop
  endfacet
  facet normal 0.8819212643483516 0.47139673682600414 0
    outer loop
      vertex -93.15734806151272 -59.777851165098014 -1.3500000000000005
      vertex -93.61939766255644 -58.91341716182545 -1.3500000000000005
      vertex -93.61939766255644 -58.91341716182545 6.35
    endloop
  endfacet
  facet normal 0.995184726672197 0.09801714032955905 0
    outer loop
      vertex -93.90392640201615 -57.97545161008064 -1.3500000000000005
      vertex -94 -57 -1.3500000000000005
      vertex -94 -57 6.35
    endloop
  endfacet
  facet normal 0.995184726672197 -0.09801714032955905 0
    outer loop
      vertex -94 -57 -1.3500000000000005
      vertex -93.90392640201615 -56.02454838991936 -1.3500000000000005
      vertex -93.90392640201615 -56.02454838991936 6.35
    endloop
  endfacet
  facet normal 0.47139673682599853 0.8819212643483546 0
    outer loop
      vertex -91.77785116509801 -61.15734806151273 -1.3500000000000005
      vertex -91.77785116509801 -61.15734806151273 6.35
      vertex -90.91341716182545 -61.61939766255644 -1.3500000000000005
    endloop
  endfacet
  facet normal 0.6343932841636477 0.7730104533627351 0
    outer loop
      vertex -92.53553390593274 -60.53553390593274 -1.3500000000000005
      vertex -92.53553390593274 -60.53553390593274 6.35
      vertex -91.77785116509801 -61.15734806151273 -1.3500000000000005
    endloop
  endfacet
  facet normal 0.2902846772544598 0.9569403357322096 0
    outer loop
      vertex -90.91341716182545 -61.61939766255644 -1.3500000000000005
      vertex -90.91341716182545 -61.61939766255644 6.35
      vertex -89.97545161008064 -61.903926402016154 -1.3500000000000005
    endloop
  endfacet
  facet normal 0.09801714032955905 0.995184726672197 0
    outer loop
      vertex -89.97545161008064 -61.903926402016154 -1.3500000000000005
      vertex -89.97545161008064 -61.903926402016154 6.35
      vertex -89 -62 -1.3500000000000005
    endloop
  endfacet
  facet normal 0.9569403357322096 -0.2902846772544598 0
    outer loop
      vertex -93.90392640201615 -56.02454838991936 -1.3500000000000005
      vertex -93.61939766255644 -55.08658283817455 -1.3500000000000005
      vertex -93.61939766255644 -55.08658283817455 6.35
    endloop
  endfacet
  facet normal 0.8819212643483516 -0.47139673682600414 0
    outer loop
      vertex -93.61939766255644 -55.08658283817455 -1.3500000000000005
      vertex -93.15734806151272 -54.222148834901986 -1.3500000000000005
      vertex -93.15734806151272 -54.222148834901986 6.35
    endloop
  endfacet
  facet normal 0.7730104533627387 -0.6343932841636434 0
    outer loop
      vertex -93.15734806151272 -54.222148834901986 -1.3500000000000005
      vertex -92.53553390593274 -53.46446609406726 -1.3500000000000005
      vertex -92.53553390593274 -53.46446609406726 6.35
    endloop
  endfacet
  facet normal 0.6343932841636477 -0.7730104533627351 0
    outer loop
      vertex -92.53553390593274 -53.46446609406726 -1.3500000000000005
      vertex -91.77785116509801 -52.84265193848727 -1.3500000000000005
      vertex -91.77785116509801 -52.84265193848727 6.35
    endloop
  endfacet
  facet normal 0.47139673682599853 -0.8819212643483546 0
    outer loop
      vertex -91.77785116509801 -52.84265193848727 -1.3500000000000005
      vertex -90.91341716182545 -52.38060233744356 -1.3500000000000005
      vertex -90.91341716182545 -52.38060233744356 6.35
    endloop
  endfacet
  facet normal 0.2902846772544598 -0.9569403357322096 0
    outer loop
      vertex -90.91341716182545 -52.38060233744356 -1.3500000000000005
      vertex -89.97545161008064 -52.096073597983846 -1.3500000000000005
      vertex -89.97545161008064 -52.096073597983846 6.35
    endloop
  endfacet
  facet normal -0.09801714032955905 0.995184726672197 0
    outer loop
      vertex -89 -62 -1.3500000000000005
      vertex -89 -62 6.35
      vertex -88.02454838991936 -61.903926402016154 -1.3500000000000005
    endloop
  endfacet
  facet normal -0.2902846772544598 0.9569403357322096 0
    outer loop
      vertex -88.02454838991936 -61.903926402016154 -1.3500000000000005
      vertex -88.02454838991936 -61.903926402016154 6.35
      vertex -87.08658283817455 -61.61939766255644 -1.3500000000000005
    endloop
  endfacet
  facet normal -0.47139673682599853 0.8819212643483546 0
    outer loop
      vertex -87.08658283817455 -61.61939766255644 -1.3500000000000005
      vertex -87.08658283817455 -61.61939766255644 6.35
      vertex -86.22214883490199 -61.15734806151273 -1.3500000000000005
    endloop
  endfacet
  facet normal -0.6343932841636477 0.7730104533627351 0
    outer loop
      vertex -86.22214883490199 -61.15734806151273 -1.3500000000000005
      vertex -86.22214883490199 -61.15734806151273 6.35
      vertex -85.46446609406726 -60.53553390593274 -1.3500000000000005
    endloop
  endfacet
  facet normal -0.7730104533627387 0.6343932841636434 0
    outer loop
      vertex -85.46446609406726 -60.53553390593274 -1.3500000000000005
      vertex -85.46446609406726 -60.53553390593274 6.35
      vertex -84.84265193848728 -59.777851165098014 -1.3500000000000005
    endloop
  endfacet
  facet normal -0.8819212643483516 0.47139673682600414 0
    outer loop
      vertex -84.84265193848728 -59.777851165098014 -1.3500000000000005
      vertex -84.84265193848728 -59.777851165098014 6.35
      vertex -84.38060233744356 -58.91341716182545 -1.3500000000000005
    endloop
  endfacet
  facet normal -0.9569403357322096 0.2902846772544598 0
    outer loop
      vertex -84.38060233744356 -58.91341716182545 -1.3500000000000005
      vertex -84.38060233744356 -58.91341716182545 6.35
      vertex -84.09607359798385 -57.97545161008064 -1.3500000000000005
    endloop
  endfacet
  facet normal -0.995184726672197 0.09801714032955905 0
    outer loop
      vertex -84.09607359798385 -57.97545161008064 -1.3500000000000005
      vertex -84.09607359798385 -57.97545161008064 6.35
      vertex -84 -57 -1.3500000000000005
    endloop
  endfacet
  facet normal -0.995184726672197 -0.09801714032955905 0
    outer loop
      vertex -84 -57 -1.3500000000000005
      vertex -84 -57 6.35
      vertex -84.09607359798385 -56.02454838991936 -1.3500000000000005
    endloop
  endfacet
  facet normal 0.09801714032955905 -0.995184726672197 0
    outer loop
      vertex -89.97545161008064 -52.096073597983846 -1.3500000000000005
      vertex -89 -52 -1.3500000000000005
      vertex -89 -52 6.35
    endloop
  endfacet
  facet normal -0.09801714032955905 -0.995184726672197 0
    outer loop
      vertex -89 -52 -1.3500000000000005
      vertex -88.02454838991936 -52.096073597983846 -1.3500000000000005
      vertex -88.02454838991936 -52.096073597983846 6.35
    endloop
  endfacet
  facet normal -0.2902846772544598 -0.9569403357322096 0
    outer loop
      vertex -88.02454838991936 -52.096073597983846 -1.3500000000000005
      vertex -87.08658283817455 -52.38060233744356 -1.3500000000000005
      vertex -87.08658283817455 -52.38060233744356 6.35
    endloop
  endfacet
  facet normal -0.47139673682599853 -0.8819212643483546 0
    outer loop
      vertex -87.08658283817455 -52.38060233744356 -1.3500000000000005
      vertex -86.22214883490199 -52.84265193848727 -1.3500000000000005
      vertex -86.22214883490199 -52.84265193848727 6.35
    endloop
  endfacet
  facet normal -0.8819212643483516 -0.47139673682600414 0
    outer loop
      vertex -84.84265193848728 -54.222148834901986 -1.3500000000000005
      vertex -84.38060233744356 -55.08658283817455 -1.3500000000000005
      vertex -84.38060233744356 -55.08658283817455 6.35
    endloop
  endfacet
  facet normal -0.6343932841636477 -0.7730104533627351 0
    outer loop
      vertex -86.22214883490199 -52.84265193848727 -1.3500000000000005
      vertex -85.46446609406726 -53.46446609406726 -1.3500000000000005
      vertex -85.46446609406726 -53.46446609406726 6.35
    endloop
  endfacet
  facet normal -0.7730104533627387 -0.6343932841636434 0
    outer loop
      vertex -85.46446609406726 -53.46446609406726 -1.3500000000000005
      vertex -84.84265193848728 -54.222148834901986 -1.3500000000000005
      vertex -84.84265193848728 -54.222148834901986 6.35
    endloop
  endfacet
  facet normal -0.9569403357322096 -0.2902846772544598 0
    outer loop
      vertex -84.09607359798385 -56.02454838991936 -1.3500000000000005
      vertex -84.09607359798385 -56.02454838991936 6.35
      vertex -84.38060233744356 -55.08658283817455 -1.3500000000000005
    endloop
  endfacet
  facet normal 0.8819212643483516 0.47139673682600414 0
    outer loop
      vertex -93.15734806151272 -59.777851165098014 -1.3500000000000005
      vertex -93.61939766255644 -58.91341716182545 6.35
      vertex -93.15734806151272 -59.777851165098014 6.35
    endloop
  endfacet
  facet normal 0.9569403357322096 0.2902846772544598 0
    outer loop
      vertex -93.61939766255644 -58.91341716182545 -1.3500000000000005
      vertex -93.90392640201615 -57.97545161008064 6.35
      vertex -93.61939766255644 -58.91341716182545 6.35
    endloop
  endfacet
  facet normal 0.995184726672197 0.09801714032955905 0
    outer loop
      vertex -93.90392640201615 -57.97545161008064 -1.3500000000000005
      vertex -94 -57 6.35
      vertex -93.90392640201615 -57.97545161008064 6.35
    endloop
  endfacet
  facet normal 0.995184726672197 -0.09801714032955905 0
    outer loop
      vertex -94 -57 -1.3500000000000005
      vertex -93.90392640201615 -56.02454838991936 6.35
      vertex -94 -57 6.35
    endloop
  endfacet
  facet normal 0.6343932841636477 0.7730104533627351 0
    outer loop
      vertex -91.77785116509801 -61.15734806151273 -1.3500000000000005
      vertex -92.53553390593274 -60.53553390593274 6.35
      vertex -91.77785116509801 -61.15734806151273 6.35
    endloop
  endfacet
  facet normal 0.47139673682599853 0.8819212643483546 0
    outer loop
      vertex -90.91341716182545 -61.61939766255644 -1.3500000000000005
      vertex -91.77785116509801 -61.15734806151273 6.35
      vertex -90.91341716182545 -61.61939766255644 6.35
    endloop
  endfacet
  facet normal 0.7730104533627387 0.6343932841636434 0
    outer loop
      vertex -92.53553390593274 -60.53553390593274 -1.3500000000000005
      vertex -93.15734806151272 -59.777851165098014 6.35
      vertex -92.53553390593274 -60.53553390593274 6.35
    endloop
  endfacet
  facet normal 0.2902846772544598 0.9569403357322096 0
    outer loop
      vertex -89.97545161008064 -61.903926402016154 -1.3500000000000005
      vertex -90.91341716182545 -61.61939766255644 6.35
      vertex -89.97545161008064 -61.903926402016154 6.35
    endloop
  endfacet
  facet normal 0.9569403357322096 -0.2902846772544598 0
    outer loop
      vertex -93.90392640201615 -56.02454838991936 -1.3500000000000005
      vertex -93.61939766255644 -55.08658283817455 6.35
      vertex -93.90392640201615 -56.02454838991936 6.35
    endloop
  endfacet
  facet normal 0.8819212643483516 -0.47139673682600414 0
    outer loop
      vertex -93.61939766255644 -55.08658283817455 -1.3500000000000005
      vertex -93.15734806151272 -54.222148834901986 6.35
      vertex -93.61939766255644 -55.08658283817455 6.35
    endloop
  endfacet
  facet normal 0.7730104533627387 -0.6343932841636434 0
    outer loop
      vertex -93.15734806151272 -54.222148834901986 -1.3500000000000005
      vertex -92.53553390593274 -53.46446609406726 6.35
      vertex -93.15734806151272 -54.222148834901986 6.35
    endloop
  endfacet
  facet normal 0.6343932841636477 -0.7730104533627351 0
    outer loop
      vertex -92.53553390593274 -53.46446609406726 -1.3500000000000005
      vertex -91.77785116509801 -52.84265193848727 6.35
      vertex -92.53553390593274 -53.46446609406726 6.35
    endloop
  endfacet
  facet normal 0.47139673682599853 -0.8819212643483546 0
    outer loop
      vertex -91.77785116509801 -52.84265193848727 -1.3500000000000005
      vertex -90.91341716182545 -52.38060233744356 6.35
      vertex -91.77785116509801 -52.84265193848727 6.35
    endloop
  endfacet
  facet normal 0.2902846772544598 -0.9569403357322096 0
    outer loop
      vertex -90.91341716182545 -52.38060233744356 -1.3500000000000005
      vertex -89.97545161008064 -52.096073597983846 6.35
      vertex -90.91341716182545 -52.38060233744356 6.35
    endloop
  endfacet
  facet normal 0.09801714032955905 -0.995184726672197 0
    outer loop
      vertex -89.97545161008064 -52.096073597983846 -1.3500000000000005
      vertex -89 -52 6.35
      vertex -89.97545161008064 -52.096073597983846 6.35
    endloop
  endfacet
  facet normal 0.09801714032955905 0.995184726672197 0
    outer loop
      vertex -89 -62 -1.3500000000000005
      vertex -89.97545161008064 -61.903926402016154 6.35
      vertex -89 -62 6.35
    endloop
  endfacet
  facet normal -0.09801714032955905 0.995184726672197 0
    outer loop
      vertex -88.02454838991936 -61.903926402016154 -1.3500000000000005
      vertex -89 -62 6.35
      vertex -88.02454838991936 -61.903926402016154 6.35
    endloop
  endfacet
  facet normal -0.2902846772544598 0.9569403357322096 0
    outer loop
      vertex -87.08658283817455 -61.61939766255644 -1.3500000000000005
      vertex -88.02454838991936 -61.903926402016154 6.35
      vertex -87.08658283817455 -61.61939766255644 6.35
    endloop
  endfacet
  facet normal -0.47139673682599853 0.8819212643483546 0
    outer loop
      vertex -86.22214883490199 -61.15734806151273 -1.3500000000000005
      vertex -87.08658283817455 -61.61939766255644 6.35
      vertex -86.22214883490199 -61.15734806151273 6.35
    endloop
  endfacet
  facet normal -0.6343932841636477 0.7730104533627351 0
    outer loop
      vertex -85.46446609406726 -60.53553390593274 -1.3500000000000005
      vertex -86.22214883490199 -61.15734806151273 6.35
      vertex -85.46446609406726 -60.53553390593274 6.35
    endloop
  endfacet
  facet normal -0.7730104533627387 0.6343932841636434 0
    outer loop
      vertex -84.84265193848728 -59.777851165098014 -1.3500000000000005
      vertex -85.46446609406726 -60.53553390593274 6.35
      vertex -84.84265193848728 -59.777851165098014 6.35
    endloop
  endfacet
  facet normal -0.8819212643483516 0.47139673682600414 0
    outer loop
      vertex -84.38060233744356 -58.91341716182545 -1.3500000000000005
      vertex -84.84265193848728 -59.777851165098014 6.35
      vertex -84.38060233744356 -58.91341716182545 6.35
    endloop
  endfacet
  facet normal -0.9569403357322096 0.2902846772544598 0
    outer loop
      vertex -84.09607359798385 -57.97545161008064 -1.3500000000000005
      vertex -84.38060233744356 -58.91341716182545 6.35
      vertex -84.09607359798385 -57.97545161008064 6.35
    endloop
  endfacet
  facet normal -0.995184726672197 0.09801714032955905 0
    outer loop
      vertex -84 -57 -1.3500000000000005
      vertex -84.09607359798385 -57.97545161008064 6.35
      vertex -84 -57 6.35
    endloop
  endfacet
  facet normal -0.995184726672197 -0.09801714032955905 0
    outer loop
      vertex -84.09607359798385 -56.02454838991936 -1.3500000000000005
      vertex -84 -57 6.35
      vertex -84.09607359798385 -56.02454838991936 6.35
    endloop
  endfacet
  facet normal -0.09801714032955905 -0.995184726672197 0
    outer loop
      vertex -89 -52 -1.3500000000000005
      vertex -88.02454838991936 -52.096073597983846 6.35
      vertex -89 -52 6.35
    endloop
  endfacet
  facet normal -0.2902846772544598 -0.9569403357322096 0
    outer loop
      vertex -88.02454838991936 -52.096073597983846 -1.3500000000000005
      vertex -87.08658283817455 -52.38060233744356 6.35
      vertex -88.02454838991936 -52.096073597983846 6.35
    endloop
  endfacet
  facet normal -0.47139673682599853 -0.8819212643483546 0
    outer loop
      vertex -87.08658283817455 -52.38060233744356 -1.3500000000000005
      vertex -86.22214883490199 -52.84265193848727 6.35
      vertex -87.08658283817455 -52.38060233744356 6.35
    endloop
  endfacet
  facet normal -0.6343932841636477 -0.7730104533627351 0
    outer loop
      vertex -86.22214883490199 -52.84265193848727 -1.3500000000000005
      vertex -85.46446609406726 -53.46446609406726 6.35
      vertex -86.22214883490199 -52.84265193848727 6.35
    endloop
  endfacet
  facet normal -0.9569403357322096 -0.2902846772544598 0
    outer loop
      vertex -84.38060233744356 -55.08658283817455 -1.3500000000000005
      vertex -84.09607359798385 -56.02454838991936 6.35
      vertex -84.38060233744356 -55.08658283817455 6.35
    endloop
  endfacet
  facet normal -0.7730104533627387 -0.6343932841636434 0
    outer loop
      vertex -85.46446609406726 -53.46446609406726 -1.3500000000000005
      vertex -84.84265193848728 -54.222148834901986 6.35
      vertex -85.46446609406726 -53.46446609406726 6.35
    endloop
  endfacet
  facet normal -0.8819212643483516 -0.47139673682600414 0
    outer loop
      vertex -84.84265193848728 -54.222148834901986 -1.3500000000000005
      vertex -84.38060233744356 -55.08658283817455 6.35
      vertex -84.84265193848728 -54.222148834901986 6.35
    endloop
  endfacet
  facet normal 0 0 1
    outer loop
      vertex -91.77785116509801 52.84265193848727 -1.3500000000000005
      vertex -90.91341716182545 52.38060233744356 -1.3500000000000005
      vertex -90.87080662768072 55.749966975705895 -1.3500000000000005
    endloop
  endfacet
  facet normal 0 0 1
    outer loop
      vertex -92.53553390593274 53.46446609406726 -1.3500000000000005
      vertex -92.53553390593274 60.53553390593274 -1.3500000000000005
      vertex -93.15734806151272 54.222148834901986 -1.3500000000000005
    endloop
  endfacet
  facet normal 0 0 1
    outer loop
      vertex -92.53553390593274 53.46446609406726 -1.3500000000000005
      vertex -91.77785116509801 52.84265193848727 -1.3500000000000005
      vertex -91.77785116509801 61.15734806151273 -1.3500000000000005
    endloop
  endfacet
  facet normal 0 0 1
    outer loop
      vertex -91.77785116509801 52.84265193848727 -1.3500000000000005
      vertex -90.87080662768072 55.749966975705895 -1.3500000000000005
      vertex -91.0787289481504 56.13896227717855 -1.3500000000000005
    endloop
  endfacet
  facet normal 0 0 1
    outer loop
      vertex -91.77785116509801 52.84265193848727 -1.3500000000000005
      vertex -91.0787289481504 56.13896227717855 -1.3500000000000005
      vertex -91.20676688090727 56.56104677546371 -1.3500000000000005
    endloop
  endfacet
  facet normal 0 0 1
    outer loop
      vertex -91.77785116509801 52.84265193848727 -1.3500000000000005
      vertex -91.20676688090727 56.56104677546371 -1.3500000000000005
      vertex -91.25 57 -1.3500000000000005
    endloop
  endfacet
  facet normal 0 0 1
    outer loop
      vertex -90.91341716182545 52.38060233744356 -1.3500000000000005
      vertex -89.97545161008064 52.096073597983846 -1.3500000000000005
      vertex -89.86103772282145 54.92127105184961 -1.3500000000000005
    endloop
  endfacet
  facet normal 0 0 1
    outer loop
      vertex -90.91341716182545 52.38060233744356 -1.3500000000000005
      vertex -90.59099025766973 55.40900974233027 -1.3500000000000005
      vertex -90.87080662768072 55.749966975705895 -1.3500000000000005
    endloop
  endfacet
  facet normal 0 0 1
    outer loop
      vertex -90.91341716182545 52.38060233744356 -1.3500000000000005
      vertex -89.86103772282145 54.92127105184961 -1.3500000000000005
      vertex -90.25003302429411 55.12919337231927 -1.3500000000000005
    endloop
  endfacet
  facet normal 0 0 1
    outer loop
      vertex -90.91341716182545 52.38060233744356 -1.3500000000000005
      vertex -90.25003302429411 55.12919337231927 -1.3500000000000005
      vertex -90.59099025766973 55.40900974233027 -1.3500000000000005
    endloop
  endfacet
  facet normal 0 0 1
    outer loop
      vertex -89.97545161008064 52.096073597983846 -1.3500000000000005
      vertex -89 54.75 -1.3500000000000005
      vertex -89.43895322453629 54.79323311909273 -1.3500000000000005
    endloop
  endfacet
  facet normal 0 0 1
    outer loop
      vertex -89.97545161008064 52.096073597983846 -1.3500000000000005
      vertex -89.43895322453629 54.79323311909273 -1.3500000000000005
      vertex -89.86103772282145 54.92127105184961 -1.3500000000000005
    endloop
  endfacet
  facet normal 0 0 1
    outer loop
      vertex -93.90392640201615 56.02454838991936 -1.3500000000000005
      vertex -93.90392640201615 57.97545161008064 -1.3500000000000005
      vertex -94 57 -1.3500000000000005
    endloop
  endfacet
  facet normal 0 0 1
    outer loop
      vertex -93.61939766255644 55.08658283817455 -1.3500000000000005
      vertex -93.61939766255644 58.91341716182545 -1.3500000000000005
      vertex -93.90392640201615 56.02454838991936 -1.3500000000000005
    endloop
  endfacet
  facet normal 0 0 1
    outer loop
      vertex -93.90392640201615 56.02454838991936 -1.3500000000000005
      vertex -93.61939766255644 58.91341716182545 -1.3500000000000005
      vertex -93.90392640201615 57.97545161008064 -1.3500000000000005
    endloop
  endfacet
  facet normal 0 0 1
    outer loop
      vertex -93.61939766255644 55.08658283817455 -1.3500000000000005
      vertex -93.15734806151272 54.222148834901986 -1.3500000000000005
      vertex -93.15734806151272 59.777851165098014 -1.3500000000000005
    endloop
  endfacet
  facet normal 0 0 1
    outer loop
      vertex -93.61939766255644 55.08658283817455 -1.3500000000000005
      vertex -93.15734806151272 59.777851165098014 -1.3500000000000005
      vertex -93.61939766255644 58.91341716182545 -1.3500000000000005
    endloop
  endfacet
  facet normal 0 0 1
    outer loop
      vertex -93.15734806151272 54.222148834901986 -1.3500000000000005
      vertex -92.53553390593274 60.53553390593274 -1.3500000000000005
      vertex -93.15734806151272 59.777851165098014 -1.3500000000000005
    endloop
  endfacet
  facet normal 0 0 1
    outer loop
      vertex -91.77785116509801 52.84265193848727 -1.3500000000000005
      vertex -91.25 57 -1.3500000000000005
      vertex -90.91341716182545 61.61939766255644 -1.3500000000000005
    endloop
  endfacet
  facet normal 0 0 1
    outer loop
      vertex -92.53553390593274 53.46446609406726 -1.3500000000000005
      vertex -91.77785116509801 61.15734806151273 -1.3500000000000005
      vertex -92.53553390593274 60.53553390593274 -1.3500000000000005
    endloop
  endfacet
  facet normal 0 0 1
    outer loop
      vertex -91.77785116509801 52.84265193848727 -1.3500000000000005
      vertex -90.91341716182545 61.61939766255644 -1.3500000000000005
      vertex -91.77785116509801 61.15734806151273 -1.3500000000000005
    endloop
  endfacet
  facet normal 0 0 1
    outer loop
      vertex -91.25 57 -1.3500000000000005
      vertex -91.20676688090727 57.43895322453629 -1.3500000000000005
      vertex -90.91341716182545 61.61939766255644 -1.3500000000000005
    endloop
  endfacet
  facet normal 0 0 1
    outer loop
      vertex -91.20676688090727 57.43895322453629 -1.3500000000000005
      vertex -91.0787289481504 57.86103772282145 -1.3500000000000005
      vertex -90.91341716182545 61.61939766255644 -1.3500000000000005
    endloop
  endfacet
  facet normal 0 0 1
    outer loop
      vertex -91.0787289481504 57.86103772282145 -1.3500000000000005
      vertex -90.87080662768072 58.250033024294105 -1.3500000000000005
      vertex -90.91341716182545 61.61939766255644 -1.3500000000000005
    endloop
  endfacet
  facet normal 0 0 1
    outer loop
      vertex -90.87080662768072 58.250033024294105 -1.3500000000000005
      vertex -90.59099025766973 58.59099025766973 -1.3500000000000005
      vertex -90.91341716182545 61.61939766255644 -1.3500000000000005
    endloop
  endfacet
  facet normal 0 0 1
    outer loop
      vertex -90.59099025766973 58.59099025766973 -1.3500000000000005
      vertex -90.25003302429411 58.87080662768073 -1.3500000000000005
      vertex -89.97545161008064 61.903926402016154 -1.3500000000000005
    endloop
  endfacet
  facet normal 0 0 1
    outer loop
      vertex -90.59099025766973 58.59099025766973 -1.3500000000000005
      vertex -89.97545161008064 61.903926402016154 -1.3500000000000005
      vertex -90.91341716182545 61.61939766255644 -1.3500000000000005
    endloop
  endfacet
  facet normal 0 0 1
    outer loop
      vertex -90.25003302429411 58.87080662768073 -1.3500000000000005
      vertex -89.86103772282145 59.07872894815039 -1.3500000000000005
      vertex -89.97545161008064 61.903926402016154 -1.3500000000000005
    endloop
  endfacet
  facet normal 0 0 1
    outer loop
      vertex -89.86103772282145 59.07872894815039 -1.3500000000000005
      vertex -89.43895322453629 59.20676688090727 -1.3500000000000005
      vertex -89.97545161008064 61.903926402016154 -1.3500000000000005
    endloop
  endfacet
  facet normal 0 0 1
    outer loop
      vertex -89.43895322453629 59.20676688090727 -1.3500000000000005
      vertex -89 62 -1.3500000000000005
      vertex -89.97545161008064 61.903926402016154 -1.3500000000000005
    endloop
  endfacet
  facet normal 0 0 1
    outer loop
      vertex -89.97545161008064 52.096073597983846 -1.3500000000000005
      vertex -89 52 -1.3500000000000005
      vertex -89 54.75 -1.3500000000000005
    endloop
  endfacet
  facet normal 0 0 1
    outer loop
      vertex -89 52 -1.3500000000000005
      vertex -88.02454838991936 52.096073597983846 -1.3500000000000005
      vertex -88.56104677546371 54.79323311909273 -1.3500000000000005
    endloop
  endfacet
  facet normal 0 0 1
    outer loop
      vertex -89 52 -1.3500000000000005
      vertex -88.56104677546371 54.79323311909273 -1.3500000000000005
      vertex -89 54.75 -1.3500000000000005
    endloop
  endfacet
  facet normal 0 0 1
    outer loop
      vertex -88.56104677546371 54.79323311909273 -1.3500000000000005
      vertex -88.02454838991936 52.096073597983846 -1.3500000000000005
      vertex -88.13896227717855 54.92127105184961 -1.3500000000000005
    endloop
  endfacet
  facet normal 0 0 1
    outer loop
      vertex -88.13896227717855 54.92127105184961 -1.3500000000000005
      vertex -88.02454838991936 52.096073597983846 -1.3500000000000005
      vertex -87.74996697570589 55.12919337231927 -1.3500000000000005
    endloop
  endfacet
  facet normal 0 0 1
    outer loop
      vertex -88.02454838991936 52.096073597983846 -1.3500000000000005
      vertex -87.40900974233027 55.40900974233027 -1.3500000000000005
      vertex -87.74996697570589 55.12919337231927 -1.3500000000000005
    endloop
  endfacet
  facet normal 0 0 1
    outer loop
      vertex -88.02454838991936 52.096073597983846 -1.3500000000000005
      vertex -87.08658283817455 52.38060233744356 -1.3500000000000005
      vertex -87.40900974233027 55.40900974233027 -1.3500000000000005
    endloop
  endfacet
  facet normal 0 0 1
    outer loop
      vertex -87.08658283817455 52.38060233744356 -1.3500000000000005
      vertex -87.12919337231928 55.749966975705895 -1.3500000000000005
      vertex -87.40900974233027 55.40900974233027 -1.3500000000000005
    endloop
  endfacet
  facet normal 0 0 1
    outer loop
      vertex -87.08658283817455 52.38060233744356 -1.3500000000000005
      vertex -86.9212710518496 56.13896227717855 -1.3500000000000005
      vertex -87.12919337231928 55.749966975705895 -1.3500000000000005
    endloop
  endfacet
  facet normal 0 0 1
    outer loop
      vertex -87.08658283817455 52.38060233744356 -1.3500000000000005
      vertex -86.79323311909273 56.56104677546371 -1.3500000000000005
      vertex -86.9212710518496 56.13896227717855 -1.3500000000000005
    endloop
  endfacet
  facet normal 0 0 1
    outer loop
      vertex -87.08658283817455 52.38060233744356 -1.3500000000000005
      vertex -86.75 57 -1.3500000000000005
      vertex -86.79323311909273 56.56104677546371 -1.3500000000000005
    endloop
  endfacet
  facet normal 0 0 1
    outer loop
      vertex -87.08658283817455 52.38060233744356 -1.3500000000000005
      vertex -86.22214883490199 52.84265193848727 -1.3500000000000005
      vertex -86.22214883490199 61.15734806151273 -1.3500000000000005
    endloop
  endfacet
  facet normal 0 0 1
    outer loop
      vertex -86.22214883490199 52.84265193848727 -1.3500000000000005
      vertex -85.46446609406726 53.46446609406726 -1.3500000000000005
      vertex -85.46446609406726 60.53553390593274 -1.3500000000000005
    endloop
  endfacet
  facet normal 0 0 1
    outer loop
      vertex -85.46446609406726 53.46446609406726 -1.3500000000000005
      vertex -84.84265193848728 54.222148834901986 -1.3500000000000005
      vertex -84.84265193848728 59.777851165098014 -1.3500000000000005
    endloop
  endfacet
  facet normal 0 0 1
    outer loop
      vertex -84.84265193848728 54.222148834901986 -1.3500000000000005
      vertex -84.38060233744356 55.08658283817455 -1.3500000000000005
      vertex -84.38060233744356 58.91341716182545 -1.3500000000000005
    endloop
  endfacet
  facet normal 0 0 1
    outer loop
      vertex -87.08658283817455 52.38060233744356 -1.3500000000000005
      vertex -86.22214883490199 61.15734806151273 -1.3500000000000005
      vertex -86.75 57 -1.3500000000000005
    endloop
  endfacet
  facet normal 0 0 1
    outer loop
      vertex -86.75 57 -1.3500000000000005
      vertex -86.22214883490199 61.15734806151273 -1.3500000000000005
      vertex -86.79323311909273 57.43895322453629 -1.3500000000000005
    endloop
  endfacet
  facet normal 0 0 1
    outer loop
      vertex -86.22214883490199 52.84265193848727 -1.3500000000000005
      vertex -85.46446609406726 60.53553390593274 -1.3500000000000005
      vertex -86.22214883490199 61.15734806151273 -1.3500000000000005
    endloop
  endfacet
  facet normal 0 0 1
    outer loop
      vertex -86.79323311909273 57.43895322453629 -1.3500000000000005
      vertex -86.22214883490199 61.15734806151273 -1.3500000000000005
      vertex -86.9212710518496 57.86103772282145 -1.3500000000000005
    endloop
  endfacet
  facet normal 0 0 1
    outer loop
      vertex -86.9212710518496 57.86103772282145 -1.3500000000000005
      vertex -86.22214883490199 61.15734806151273 -1.3500000000000005
      vertex -87.12919337231928 58.250033024294105 -1.3500000000000005
    endloop
  endfacet
  facet normal 0 0 1
    outer loop
      vertex -89.43895322453629 59.20676688090727 -1.3500000000000005
      vertex -89 59.25 -1.3500000000000005
      vertex -89 62 -1.3500000000000005
    endloop
  endfacet
  facet normal 0 0 1
    outer loop
      vertex -89 59.25 -1.3500000000000005
      vertex -88.56104677546371 59.20676688090727 -1.3500000000000005
      vertex -88.02454838991936 61.903926402016154 -1.3500000000000005
    endloop
  endfacet
  facet normal 0 0 1
    outer loop
      vertex -88.56104677546371 59.20676688090727 -1.3500000000000005
      vertex -88.13896227717855 59.07872894815039 -1.3500000000000005
      vertex -88.02454838991936 61.903926402016154 -1.3500000000000005
    endloop
  endfacet
  facet normal 0 0 1
    outer loop
      vertex -88.13896227717855 59.07872894815039 -1.3500000000000005
      vertex -87.74996697570589 58.87080662768073 -1.3500000000000005
      vertex -87.08658283817455 61.61939766255644 -1.3500000000000005
    endloop
  endfacet
  facet normal 0 0 1
    outer loop
      vertex -88.13896227717855 59.07872894815039 -1.3500000000000005
      vertex -87.08658283817455 61.61939766255644 -1.3500000000000005
      vertex -88.02454838991936 61.903926402016154 -1.3500000000000005
    endloop
  endfacet
  facet normal 0 0 1
    outer loop
      vertex -89 59.25 -1.3500000000000005
      vertex -88.02454838991936 61.903926402016154 -1.3500000000000005
      vertex -89 62 -1.3500000000000005
    endloop
  endfacet
  facet normal 0 0 1
    outer loop
      vertex -87.40900974233027 58.59099025766973 -1.3500000000000005
      vertex -87.08658283817455 61.61939766255644 -1.3500000000000005
      vertex -87.74996697570589 58.87080662768073 -1.3500000000000005
    endloop
  endfacet
  facet normal 0 0 1
    outer loop
      vertex -87.40900974233027 58.59099025766973 -1.3500000000000005
      vertex -87.12919337231928 58.250033024294105 -1.3500000000000005
      vertex -87.08658283817455 61.61939766255644 -1.3500000000000005
    endloop
  endfacet
  facet normal 0 0 1
    outer loop
      vertex -87.12919337231928 58.250033024294105 -1.3500000000000005
      vertex -86.22214883490199 61.15734806151273 -1.3500000000000005
      vertex -87.08658283817455 61.61939766255644 -1.3500000000000005
    endloop
  endfacet
  facet normal 0 0 1
    outer loop
      vertex -84.84265193848728 54.222148834901986 -1.3500000000000005
      vertex -84.38060233744356 58.91341716182545 -1.3500000000000005
      vertex -84.84265193848728 59.777851165098014 -1.3500000000000005
    endloop
  endfacet
  facet normal 0 0 1
    outer loop
      vertex -84.38060233744356 55.08658283817455 -1.3500000000000005
      vertex -84.09607359798385 57.97545161008064 -1.3500000000000005
      vertex -84.38060233744356 58.91341716182545 -1.3500000000000005
    endloop
  endfacet
  facet normal 0 0 1
    outer loop
      vertex -85.46446609406726 53.46446609406726 -1.3500000000000005
      vertex -84.84265193848728 59.777851165098014 -1.3500000000000005
      vertex -85.46446609406726 60.53553390593274 -1.3500000000000005
    endloop
  endfacet
  facet normal 0 0 1
    outer loop
      vertex -84.38060233744356 55.08658283817455 -1.3500000000000005
      vertex -84.09607359798385 56.02454838991936 -1.3500000000000005
      vertex -84.09607359798385 57.97545161008064 -1.3500000000000005
    endloop
  endfacet
  facet normal 0 0 1
    outer loop
      vertex -84.09607359798385 56.02454838991936 -1.3500000000000005
      vertex -84 57 -1.3500000000000005
      vertex -84.09607359798385 57.97545161008064 -1.3500000000000005
    endloop
  endfacet
  facet normal 0.7730104533627387 0.6343932841636434 0
    outer loop
      vertex -92.53553390593274 53.46446609406726 -1.3500000000000005
      vertex -93.15734806151272 54.222148834901986 -1.3500000000000005
      vertex -93.15734806151272 54.222148834901986 6.35
    endloop
  endfacet
  facet normal 0.9569403357322096 0.2902846772544598 0
    outer loop
      vertex -93.61939766255644 55.08658283817455 -1.3500000000000005
      vertex -93.90392640201615 56.02454838991936 -1.3500000000000005
      vertex -93.90392640201615 56.02454838991936 6.35
    endloop
  endfacet
  facet normal 0.8819212643483516 0.47139673682600414 0
    outer loop
      vertex -93.61939766255644 55.08658283817455 -1.3500000000000005
      vertex -93.61939766255644 55.08658283817455 6.35
      vertex -93.15734806151272 54.222148834901986 -1.3500000000000005
    endloop
  endfacet
  facet normal 0.47139673682599853 0.8819212643483546 0
    outer loop
      vertex -91.77785116509801 52.84265193848727 -1.3500000000000005
      vertex -91.77785116509801 52.84265193848727 6.35
      vertex -90.91341716182545 52.38060233744356 -1.3500000000000005
    endloop
  endfacet
  facet normal 0.2902846772544598 0.9569403357322096 0
    outer loop
      vertex -90.91341716182545 52.38060233744356 -1.3500000000000005
      vertex -90.91341716182545 52.38060233744356 6.35
      vertex -89.97545161008064 52.096073597983846 -1.3500000000000005
    endloop
  endfacet
  facet normal 0.09801714032955905 0.995184726672197 0
    outer loop
      vertex -89.97545161008064 52.096073597983846 -1.3500000000000005
      vertex -89.97545161008064 52.096073597983846 6.35
      vertex -89 52 -1.3500000000000005
    endloop
  endfacet
  facet normal 0.6343932841636477 0.7730104533627351 0
    outer loop
      vertex -92.53553390593274 53.46446609406726 -1.3500000000000005
      vertex -92.53553390593274 53.46446609406726 6.35
      vertex -91.77785116509801 52.84265193848727 -1.3500000000000005
    endloop
  endfacet
  facet normal 0.995184726672197 0.09801714032955905 0
    outer loop
      vertex -93.90392640201615 56.02454838991936 -1.3500000000000005
      vertex -94 57 -1.3500000000000005
      vertex -94 57 6.35
    endloop
  endfacet
  facet normal 0.995184726672197 -0.09801714032955905 0
    outer loop
      vertex -94 57 -1.3500000000000005
      vertex -93.90392640201615 57.97545161008064 -1.3500000000000005
      vertex -93.90392640201615 57.97545161008064 6.35
    endloop
  endfacet
  facet normal 0.9569403357322096 -0.2902846772544598 0
    outer loop
      vertex -93.90392640201615 57.97545161008064 -1.3500000000000005
      vertex -93.61939766255644 58.91341716182545 -1.3500000000000005
      vertex -93.61939766255644 58.91341716182545 6.35
    endloop
  endfacet
  facet normal 0.8819212643483516 -0.47139673682600414 0
    outer loop
      vertex -93.61939766255644 58.91341716182545 -1.3500000000000005
      vertex -93.15734806151272 59.777851165098014 -1.3500000000000005
      vertex -93.15734806151272 59.777851165098014 6.35
    endloop
  endfacet
  facet normal 0.7730104533627387 -0.6343932841636434 0
    outer loop
      vertex -93.15734806151272 59.777851165098014 -1.3500000000000005
      vertex -92.53553390593274 60.53553390593274 -1.3500000000000005
      vertex -92.53553390593274 60.53553390593274 6.35
    endloop
  endfacet
  facet normal 0.6343932841636477 -0.7730104533627351 0
    outer loop
      vertex -92.53553390593274 60.53553390593274 -1.3500000000000005
      vertex -91.77785116509801 61.15734806151273 -1.3500000000000005
      vertex -91.77785116509801 61.15734806151273 6.35
    endloop
  endfacet
  facet normal 0.47139673682599853 -0.8819212643483546 0
    outer loop
      vertex -91.77785116509801 61.15734806151273 -1.3500000000000005
      vertex -90.91341716182545 61.61939766255644 -1.3500000000000005
      vertex -90.91341716182545 61.61939766255644 6.35
    endloop
  endfacet
  facet normal 0.2902846772544598 -0.9569403357322096 0
    outer loop
      vertex -90.91341716182545 61.61939766255644 -1.3500000000000005
      vertex -89.97545161008064 61.903926402016154 -1.3500000000000005
      vertex -89.97545161008064 61.903926402016154 6.35
    endloop
  endfacet
  facet normal -0.09801714032955905 0.995184726672197 0
    outer loop
      vertex -89 52 -1.3500000000000005
      vertex -89 52 6.35
      vertex -88.02454838991936 52.096073597983846 -1.3500000000000005
    endloop
  endfacet
  facet normal -0.2902846772544598 0.9569403357322096 0
    outer loop
      vertex -88.02454838991936 52.096073597983846 -1.3500000000000005
      vertex -88.02454838991936 52.096073597983846 6.35
      vertex -87.08658283817455 52.38060233744356 -1.3500000000000005
    endloop
  endfacet
  facet normal -0.47139673682599853 0.8819212643483546 0
    outer loop
      vertex -87.08658283817455 52.38060233744356 -1.3500000000000005
      vertex -87.08658283817455 52.38060233744356 6.35
      vertex -86.22214883490199 52.84265193848727 -1.3500000000000005
    endloop
  endfacet
  facet normal -0.6343932841636477 0.7730104533627351 0
    outer loop
      vertex -86.22214883490199 52.84265193848727 -1.3500000000000005
      vertex -86.22214883490199 52.84265193848727 6.35
      vertex -85.46446609406726 53.46446609406726 -1.3500000000000005
    endloop
  endfacet
  facet normal -0.7730104533627387 0.6343932841636434 0
    outer loop
      vertex -85.46446609406726 53.46446609406726 -1.3500000000000005
      vertex -85.46446609406726 53.46446609406726 6.35
      vertex -84.84265193848728 54.222148834901986 -1.3500000000000005
    endloop
  endfacet
  facet normal -0.8819212643483516 0.47139673682600414 0
    outer loop
      vertex -84.84265193848728 54.222148834901986 -1.3500000000000005
      vertex -84.84265193848728 54.222148834901986 6.35
      vertex -84.38060233744356 55.08658283817455 -1.3500000000000005
    endloop
  endfacet
  facet normal -0.9569403357322096 0.2902846772544598 0
    outer loop
      vertex -84.38060233744356 55.08658283817455 -1.3500000000000005
      vertex -84.38060233744356 55.08658283817455 6.35
      vertex -84.09607359798385 56.02454838991936 -1.3500000000000005
    endloop
  endfacet
  facet normal 0.09801714032955905 -0.995184726672197 0
    outer loop
      vertex -89.97545161008064 61.903926402016154 -1.3500000000000005
      vertex -89 62 -1.3500000000000005
      vertex -89 62 6.35
    endloop
  endfacet
  facet normal -0.09801714032955905 -0.995184726672197 0
    outer loop
      vertex -89 62 -1.3500000000000005
      vertex -88.02454838991936 61.903926402016154 -1.3500000000000005
      vertex -88.02454838991936 61.903926402016154 6.35
    endloop
  endfacet
  facet normal -0.2902846772544598 -0.9569403357322096 0
    outer loop
      vertex -88.02454838991936 61.903926402016154 -1.3500000000000005
      vertex -87.08658283817455 61.61939766255644 -1.3500000000000005
      vertex -87.08658283817455 61.61939766255644 6.35
    endloop
  endfacet
  facet normal -0.47139673682599853 -0.8819212643483546 0
    outer loop
      vertex -87.08658283817455 61.61939766255644 -1.3500000000000005
      vertex -86.22214883490199 61.15734806151273 -1.3500000000000005
      vertex -86.22214883490199 61.15734806151273 6.35
    endloop
  endfacet
  facet normal -0.8819212643483516 -0.47139673682600414 0
    outer loop
      vertex -84.38060233744356 58.91341716182545 -1.3500000000000005
      vertex -84.38060233744356 58.91341716182545 6.35
      vertex -84.84265193848728 59.777851165098014 -1.3500000000000005
    endloop
  endfacet
  facet normal -0.995184726672197 0.09801714032955905 0
    outer loop
      vertex -84.09607359798385 56.02454838991936 -1.3500000000000005
      vertex -84.09607359798385 56.02454838991936 6.35
      vertex -84 57 -1.3500000000000005
    endloop
  endfacet
  facet normal -0.995184726672197 -0.09801714032955905 0
    outer loop
      vertex -84 57 -1.3500000000000005
      vertex -84 57 6.35
      vertex -84.09607359798385 57.97545161008064 -1.3500000000000005
    endloop
  endfacet
  facet normal -0.9569403357322096 -0.2902846772544598 0
    outer loop
      vertex -84.09607359798385 57.97545161008064 -1.3500000000000005
      vertex -84.09607359798385 57.97545161008064 6.35
      vertex -84.38060233744356 58.91341716182545 -1.3500000000000005
    endloop
  endfacet
  facet normal -0.6343932841636477 -0.7730104533627351 0
    outer loop
      vertex -85.46446609406726 60.53553390593274 -1.3500000000000005
      vertex -85.46446609406726 60.53553390593274 6.35
      vertex -86.22214883490199 61.15734806151273 -1.3500000000000005
    endloop
  endfacet
  facet normal -0.7730104533627387 -0.6343932841636434 0
    outer loop
      vertex -85.46446609406726 60.53553390593274 -1.3500000000000005
      vertex -84.84265193848728 59.777851165098014 -1.3500000000000005
      vertex -84.84265193848728 59.777851165098014 6.35
    endloop
  endfacet
  facet normal 0.8819212643483516 0.47139673682600414 0
    outer loop
      vertex -93.15734806151272 54.222148834901986 -1.3500000000000005
      vertex -93.61939766255644 55.08658283817455 6.35
      vertex -93.15734806151272 54.222148834901986 6.35
    endloop
  endfacet
  facet normal 0.9569403357322096 0.2902846772544598 0
    outer loop
      vertex -93.61939766255644 55.08658283817455 -1.3500000000000005
      vertex -93.90392640201615 56.02454838991936 6.35
      vertex -93.61939766255644 55.08658283817455 6.35
    endloop
  endfacet
  facet normal 0.6343932841636477 0.7730104533627351 0
    outer loop
      vertex -91.77785116509801 52.84265193848727 -1.3500000000000005
      vertex -92.53553390593274 53.46446609406726 6.35
      vertex -91.77785116509801 52.84265193848727 6.35
    endloop
  endfacet
  facet normal 0.47139673682599853 0.8819212643483546 0
    outer loop
      vertex -90.91341716182545 52.38060233744356 -1.3500000000000005
      vertex -91.77785116509801 52.84265193848727 6.35
      vertex -90.91341716182545 52.38060233744356 6.35
    endloop
  endfacet
  facet normal 0.2902846772544598 0.9569403357322096 0
    outer loop
      vertex -89.97545161008064 52.096073597983846 -1.3500000000000005
      vertex -90.91341716182545 52.38060233744356 6.35
      vertex -89.97545161008064 52.096073597983846 6.35
    endloop
  endfacet
  facet normal 0.7730104533627387 0.6343932841636434 0
    outer loop
      vertex -92.53553390593274 53.46446609406726 -1.3500000000000005
      vertex -93.15734806151272 54.222148834901986 6.35
      vertex -92.53553390593274 53.46446609406726 6.35
    endloop
  endfacet
  facet normal 0.995184726672197 0.09801714032955905 0
    outer loop
      vertex -93.90392640201615 56.02454838991936 -1.3500000000000005
      vertex -94 57 6.35
      vertex -93.90392640201615 56.02454838991936 6.35
    endloop
  endfacet
  facet normal 0.995184726672197 -0.09801714032955905 0
    outer loop
      vertex -94 57 -1.3500000000000005
      vertex -93.90392640201615 57.97545161008064 6.35
      vertex -94 57 6.35
    endloop
  endfacet
  facet normal 0.9569403357322096 -0.2902846772544598 0
    outer loop
      vertex -93.90392640201615 57.97545161008064 -1.3500000000000005
      vertex -93.61939766255644 58.91341716182545 6.35
      vertex -93.90392640201615 57.97545161008064 6.35
    endloop
  endfacet
  facet normal 0.8819212643483516 -0.47139673682600414 0
    outer loop
      vertex -93.61939766255644 58.91341716182545 -1.3500000000000005
      vertex -93.15734806151272 59.777851165098014 6.35
      vertex -93.61939766255644 58.91341716182545 6.35
    endloop
  endfacet
  facet normal 0.7730104533627387 -0.6343932841636434 0
    outer loop
      vertex -93.15734806151272 59.777851165098014 -1.3500000000000005
      vertex -92.53553390593274 60.53553390593274 6.35
      vertex -93.15734806151272 59.777851165098014 6.35
    endloop
  endfacet
  facet normal 0.6343932841636477 -0.7730104533627351 0
    outer loop
      vertex -92.53553390593274 60.53553390593274 -1.3500000000000005
      vertex -91.77785116509801 61.15734806151273 6.35
      vertex -92.53553390593274 60.53553390593274 6.35
    endloop
  endfacet
  facet normal 0.47139673682599853 -0.8819212643483546 0
    outer loop
      vertex -91.77785116509801 61.15734806151273 -1.3500000000000005
      vertex -90.91341716182545 61.61939766255644 6.35
      vertex -91.77785116509801 61.15734806151273 6.35
    endloop
  endfacet
  facet normal 0.2902846772544598 -0.9569403357322096 0
    outer loop
      vertex -90.91341716182545 61.61939766255644 -1.3500000000000005
      vertex -89.97545161008064 61.903926402016154 6.35
      vertex -90.91341716182545 61.61939766255644 6.35
    endloop
  endfacet
  facet normal 0.09801714032955905 -0.995184726672197 0
    outer loop
      vertex -89.97545161008064 61.903926402016154 -1.3500000000000005
      vertex -89 62 6.35
      vertex -89.97545161008064 61.903926402016154 6.35
    endloop
  endfacet
  facet normal 0.09801714032955905 0.995184726672197 0
    outer loop
      vertex -89 52 -1.3500000000000005
      vertex -89.97545161008064 52.096073597983846 6.35
      vertex -89 52 6.35
    endloop
  endfacet
  facet normal -0.09801714032955905 0.995184726672197 0
    outer loop
      vertex -88.02454838991936 52.096073597983846 -1.3500000000000005
      vertex -89 52 6.35
      vertex -88.02454838991936 52.096073597983846 6.35
    endloop
  endfacet
  facet normal -0.2902846772544598 0.9569403357322096 0
    outer loop
      vertex -87.08658283817455 52.38060233744356 -1.3500000000000005
      vertex -88.02454838991936 52.096073597983846 6.35
      vertex -87.08658283817455 52.38060233744356 6.35
    endloop
  endfacet
  facet normal -0.47139673682599853 0.8819212643483546 0
    outer loop
      vertex -86.22214883490199 52.84265193848727 -1.3500000000000005
      vertex -87.08658283817455 52.38060233744356 6.35
      vertex -86.22214883490199 52.84265193848727 6.35
    endloop
  endfacet
  facet normal -0.6343932841636477 0.7730104533627351 0
    outer loop
      vertex -85.46446609406726 53.46446609406726 -1.3500000000000005
      vertex -86.22214883490199 52.84265193848727 6.35
      vertex -85.46446609406726 53.46446609406726 6.35
    endloop
  endfacet
  facet normal -0.7730104533627387 0.6343932841636434 0
    outer loop
      vertex -84.84265193848728 54.222148834901986 -1.3500000000000005
      vertex -85.46446609406726 53.46446609406726 6.35
      vertex -84.84265193848728 54.222148834901986 6.35
    endloop
  endfacet
  facet normal -0.8819212643483516 0.47139673682600414 0
    outer loop
      vertex -84.38060233744356 55.08658283817455 -1.3500000000000005
      vertex -84.84265193848728 54.222148834901986 6.35
      vertex -84.38060233744356 55.08658283817455 6.35
    endloop
  endfacet
  facet normal -0.9569403357322096 0.2902846772544598 0
    outer loop
      vertex -84.09607359798385 56.02454838991936 -1.3500000000000005
      vertex -84.38060233744356 55.08658283817455 6.35
      vertex -84.09607359798385 56.02454838991936 6.35
    endloop
  endfacet
  facet normal -0.09801714032955905 -0.995184726672197 0
    outer loop
      vertex -89 62 -1.3500000000000005
      vertex -88.02454838991936 61.903926402016154 6.35
      vertex -89 62 6.35
    endloop
  endfacet
  facet normal -0.2902846772544598 -0.9569403357322096 0
    outer loop
      vertex -88.02454838991936 61.903926402016154 -1.3500000000000005
      vertex -87.08658283817455 61.61939766255644 6.35
      vertex -88.02454838991936 61.903926402016154 6.35
    endloop
  endfacet
  facet normal -0.47139673682599853 -0.8819212643483546 0
    outer loop
      vertex -87.08658283817455 61.61939766255644 -1.3500000000000005
      vertex -86.22214883490199 61.15734806151273 6.35
      vertex -87.08658283817455 61.61939766255644 6.35
    endloop
  endfacet
  facet normal -0.6343932841636477 -0.7730104533627351 0
    outer loop
      vertex -86.22214883490199 61.15734806151273 -1.3500000000000005
      vertex -85.46446609406726 60.53553390593274 6.35
      vertex -86.22214883490199 61.15734806151273 6.35
    endloop
  endfacet
  facet normal -0.9569403357322096 -0.2902846772544598 0
    outer loop
      vertex -84.38060233744356 58.91341716182545 -1.3500000000000005
      vertex -84.09607359798385 57.97545161008064 6.35
      vertex -84.38060233744356 58.91341716182545 6.35
    endloop
  endfacet
  facet normal -0.995184726672197 0.09801714032955905 0
    outer loop
      vertex -84 57 -1.3500000000000005
      vertex -84.09607359798385 56.02454838991936 6.35
      vertex -84 57 6.35
    endloop
  endfacet
  facet normal -0.995184726672197 -0.09801714032955905 0
    outer loop
      vertex -84.09607359798385 57.97545161008064 -1.3500000000000005
      vertex -84 57 6.35
      vertex -84.09607359798385 57.97545161008064 6.35
    endloop
  endfacet
  facet normal -0.7730104533627387 -0.6343932841636434 0
    outer loop
      vertex -85.46446609406726 60.53553390593274 -1.3500000000000005
      vertex -84.84265193848728 59.777851165098014 6.35
      vertex -85.46446609406726 60.53553390593274 6.35
    endloop
  endfacet
  facet normal -0.8819212643483516 -0.47139673682600414 0
    outer loop
      vertex -84.84265193848728 59.777851165098014 -1.3500000000000005
      vertex -84.38060233744356 58.91341716182545 6.35
      vertex -84.84265193848728 59.777851165098014 6.35
    endloop
  endfacet
  facet normal 0 0 1
    outer loop
      vertex 84.09607359798385 -57.97545161008064 -1.3500000000000005
      vertex 84.09607359798385 -56.02454838991936 -1.3500000000000005
      vertex 84 -57 -1.3500000000000005
    endloop
  endfacet
  facet normal 0 0 1
    outer loop
      vertex 84.09607359798385 -57.97545161008064 -1.3500000000000005
      vertex 84.38060233744356 -55.08658283817455 -1.3500000000000005
      vertex 84.09607359798385 -56.02454838991936 -1.3500000000000005
    endloop
  endfacet
  facet normal 0 0 1
    outer loop
      vertex 84.84265193848728 -59.777851165098014 -1.3500000000000005
      vertex 85.46446609406726 -60.53553390593274 -1.3500000000000005
      vertex 85.46446609406726 -53.46446609406726 -1.3500000000000005
    endloop
  endfacet
  facet normal 0 0 1
    outer loop
      vertex 84.38060233744356 -58.91341716182545 -1.3500000000000005
      vertex 84.38060233744356 -55.08658283817455 -1.3500000000000005
      vertex 84.09607359798385 -57.97545161008064 -1.3500000000000005
    endloop
  endfacet
  facet normal 0 0 1
    outer loop
      vertex 84.84265193848728 -59.777851165098014 -1.3500000000000005
      vertex 84.84265193848728 -54.222148834901986 -1.3500000000000005
      vertex 84.38060233744356 -58.91341716182545 -1.3500000000000005
    endloop
  endfacet
  facet normal 0 0 1
    outer loop
      vertex 86.22214883490199 -61.15734806151273 -1.3500000000000005
      vertex 87.08658283817455 -61.61939766255644 -1.3500000000000005
      vertex 87.12919337231928 -58.250033024294105 -1.3500000000000005
    endloop
  endfacet
  facet normal 0 0 1
    outer loop
      vertex 87.08658283817455 -61.61939766255644 -1.3500000000000005
      vertex 87.40900974233027 -58.59099025766973 -1.3500000000000005
      vertex 87.12919337231928 -58.250033024294105 -1.3500000000000005
    endloop
  endfacet
  facet normal 0 0 1
    outer loop
      vertex 87.08658283817455 -61.61939766255644 -1.3500000000000005
      vertex 87.74996697570589 -58.87080662768073 -1.3500000000000005
      vertex 87.40900974233027 -58.59099025766973 -1.3500000000000005
    endloop
  endfacet
  facet normal 0 0 1
    outer loop
      vertex 88.02454838991936 -61.903926402016154 -1.3500000000000005
      vertex 89 -62 -1.3500000000000005
      vertex 89 -59.25 -1.3500000000000005
    endloop
  endfacet
  facet normal 0 0 1
    outer loop
      vertex 87.08658283817455 -61.61939766255644 -1.3500000000000005
      vertex 88.02454838991936 -61.903926402016154 -1.3500000000000005
      vertex 88.13896227717855 -59.07872894815039 -1.3500000000000005
    endloop
  endfacet
  facet normal 0 0 1
    outer loop
      vertex 87.08658283817455 -61.61939766255644 -1.3500000000000005
      vertex 88.13896227717855 -59.07872894815039 -1.3500000000000005
      vertex 87.74996697570589 -58.87080662768073 -1.3500000000000005
    endloop
  endfacet
  facet normal 0 0 1
    outer loop
      vertex 88.02454838991936 -61.903926402016154 -1.3500000000000005
      vertex 88.56104677546371 -59.20676688090727 -1.3500000000000005
      vertex 88.13896227717855 -59.07872894815039 -1.3500000000000005
    endloop
  endfacet
  facet normal 0 0 1
    outer loop
      vertex 88.02454838991936 -61.903926402016154 -1.3500000000000005
      vertex 89 -59.25 -1.3500000000000005
      vertex 88.56104677546371 -59.20676688090727 -1.3500000000000005
    endloop
  endfacet
  facet normal 0 0 1
    outer loop
      vertex 89 -62 -1.3500000000000005
      vertex 89.43895322453629 -59.20676688090727 -1.3500000000000005
      vertex 89 -59.25 -1.3500000000000005
    endloop
  endfacet
  facet normal 0 0 1
    outer loop
      vertex 86.22214883490199 -61.15734806151273 -1.3500000000000005
      vertex 87.12919337231928 -58.250033024294105 -1.3500000000000005
      vertex 86.9212710518496 -57.86103772282145 -1.3500000000000005
    endloop
  endfacet
  facet normal 0 0 1
    outer loop
      vertex 86.22214883490199 -61.15734806151273 -1.3500000000000005
      vertex 86.9212710518496 -57.86103772282145 -1.3500000000000005
      vertex 86.79323311909273 -57.43895322453629 -1.3500000000000005
    endloop
  endfacet
  facet normal 0 0 1
    outer loop
      vertex 86.22214883490199 -61.15734806151273 -1.3500000000000005
      vertex 86.22214883490199 -52.84265193848727 -1.3500000000000005
      vertex 85.46446609406726 -60.53553390593274 -1.3500000000000005
    endloop
  endfacet
  facet normal 0 0 1
    outer loop
      vertex 86.22214883490199 -61.15734806151273 -1.3500000000000005
      vertex 86.79323311909273 -57.43895322453629 -1.3500000000000005
      vertex 86.75 -57 -1.3500000000000005
    endloop
  endfacet
  facet normal 0 0 1
    outer loop
      vertex 86.22214883490199 -61.15734806151273 -1.3500000000000005
      vertex 86.75 -57 -1.3500000000000005
      vertex 87.08658283817455 -52.38060233744356 -1.3500000000000005
    endloop
  endfacet
  facet normal 0 0 1
    outer loop
      vertex 84.38060233744356 -58.91341716182545 -1.3500000000000005
      vertex 84.84265193848728 -54.222148834901986 -1.3500000000000005
      vertex 84.38060233744356 -55.08658283817455 -1.3500000000000005
    endloop
  endfacet
  facet normal 0 0 1
    outer loop
      vertex 84.84265193848728 -59.777851165098014 -1.3500000000000005
      vertex 85.46446609406726 -53.46446609406726 -1.3500000000000005
      vertex 84.84265193848728 -54.222148834901986 -1.3500000000000005
    endloop
  endfacet
  facet normal 0 0 1
    outer loop
      vertex 85.46446609406726 -60.53553390593274 -1.3500000000000005
      vertex 86.22214883490199 -52.84265193848727 -1.3500000000000005
      vertex 85.46446609406726 -53.46446609406726 -1.3500000000000005
    endloop
  endfacet
  facet normal 0 0 1
    outer loop
      vertex 86.22214883490199 -61.15734806151273 -1.3500000000000005
      vertex 87.08658283817455 -52.38060233744356 -1.3500000000000005
      vertex 86.22214883490199 -52.84265193848727 -1.3500000000000005
    endloop
  endfacet
  facet normal 0 0 1
    outer loop
      vertex 86.75 -57 -1.3500000000000005
      vertex 86.79323311909273 -56.56104677546371 -1.3500000000000005
      vertex 87.08658283817455 -52.38060233744356 -1.3500000000000005
    endloop
  endfacet
  facet normal 0 0 1
    outer loop
      vertex 86.79323311909273 -56.56104677546371 -1.3500000000000005
      vertex 86.9212710518496 -56.13896227717855 -1.3500000000000005
      vertex 87.08658283817455 -52.38060233744356 -1.3500000000000005
    endloop
  endfacet
  facet normal 0 0 1
    outer loop
      vertex 86.9212710518496 -56.13896227717855 -1.3500000000000005
      vertex 87.12919337231928 -55.749966975705895 -1.3500000000000005
      vertex 87.08658283817455 -52.38060233744356 -1.3500000000000005
    endloop
  endfacet
  facet normal 0 0 1
    outer loop
      vertex 87.12919337231928 -55.749966975705895 -1.3500000000000005
      vertex 87.40900974233027 -55.40900974233027 -1.3500000000000005
      vertex 87.08658283817455 -52.38060233744356 -1.3500000000000005
    endloop
  endfacet
  facet normal 0 0 1
    outer loop
      vertex 87.40900974233027 -55.40900974233027 -1.3500000000000005
      vertex 88.02454838991936 -52.096073597983846 -1.3500000000000005
      vertex 87.08658283817455 -52.38060233744356 -1.3500000000000005
    endloop
  endfacet
  facet normal 0 0 1
    outer loop
      vertex 87.40900974233027 -55.40900974233027 -1.3500000000000005
      vertex 87.74996697570589 -55.12919337231927 -1.3500000000000005
      vertex 88.02454838991936 -52.096073597983846 -1.3500000000000005
    endloop
  endfacet
  facet normal 0 0 1
    outer loop
      vertex 87.74996697570589 -55.12919337231927 -1.3500000000000005
      vertex 88.13896227717855 -54.92127105184961 -1.3500000000000005
      vertex 88.02454838991936 -52.096073597983846 -1.3500000000000005
    endloop
  endfacet
  facet normal 0 0 1
    outer loop
      vertex 88.02454838991936 -52.096073597983846 -1.3500000000000005
      vertex 88.13896227717855 -54.92127105184961 -1.3500000000000005
      vertex 88.56104677546371 -54.79323311909273 -1.3500000000000005
    endloop
  endfacet
  facet normal 0 0 1
    outer loop
      vertex 88.56104677546371 -54.79323311909273 -1.3500000000000005
      vertex 89 -54.75 -1.3500000000000005
      vertex 89 -52 -1.3500000000000005
    endloop
  endfacet
  facet normal 0 0 1
    outer loop
      vertex 88.02454838991936 -52.096073597983846 -1.3500000000000005
      vertex 88.56104677546371 -54.79323311909273 -1.3500000000000005
      vertex 89 -52 -1.3500000000000005
    endloop
  endfacet
  facet normal 0 0 1
    outer loop
      vertex 89 -54.75 -1.3500000000000005
      vertex 89.97545161008064 -52.096073597983846 -1.3500000000000005
      vertex 89 -52 -1.3500000000000005
    endloop
  endfacet
  facet normal 0 0 1
    outer loop
      vertex 89 -62 -1.3500000000000005
      vertex 89.97545161008064 -61.903926402016154 -1.3500000000000005
      vertex 89.43895322453629 -59.20676688090727 -1.3500000000000005
    endloop
  endfacet
  facet normal 0 0 1
    outer loop
      vertex 89.97545161008064 -61.903926402016154 -1.3500000000000005
      vertex 89.86103772282145 -59.07872894815039 -1.3500000000000005
      vertex 89.43895322453629 -59.20676688090727 -1.3500000000000005
    endloop
  endfacet
  facet normal 0 0 1
    outer loop
      vertex 89.97545161008064 -61.903926402016154 -1.3500000000000005
      vertex 90.25003302429411 -58.87080662768073 -1.3500000000000005
      vertex 89.86103772282145 -59.07872894815039 -1.3500000000000005
    endloop
  endfacet
  facet normal 0 0 1
    outer loop
      vertex 89.97545161008064 -61.903926402016154 -1.3500000000000005
      vertex 90.91341716182545 -61.61939766255644 -1.3500000000000005
      vertex 90.59099025766973 -58.59099025766973 -1.3500000000000005
    endloop
  endfacet
  facet normal 0 0 1
    outer loop
      vertex 89.97545161008064 -61.903926402016154 -1.3500000000000005
      vertex 90.59099025766973 -58.59099025766973 -1.3500000000000005
      vertex 90.25003302429411 -58.87080662768073 -1.3500000000000005
    endloop
  endfacet
  facet normal 0 0 1
    outer loop
      vertex 90.91341716182545 -61.61939766255644 -1.3500000000000005
      vertex 90.87080662768072 -58.250033024294105 -1.3500000000000005
      vertex 90.59099025766973 -58.59099025766973 -1.3500000000000005
    endloop
  endfacet
  facet normal 0 0 1
    outer loop
      vertex 90.91341716182545 -61.61939766255644 -1.3500000000000005
      vertex 91.0787289481504 -57.86103772282145 -1.3500000000000005
      vertex 90.87080662768072 -58.250033024294105 -1.3500000000000005
    endloop
  endfacet
  facet normal 0 0 1
    outer loop
      vertex 90.91341716182545 -61.61939766255644 -1.3500000000000005
      vertex 91.20676688090727 -57.43895322453629 -1.3500000000000005
      vertex 91.0787289481504 -57.86103772282145 -1.3500000000000005
    endloop
  endfacet
  facet normal 0 0 1
    outer loop
      vertex 90.91341716182545 -61.61939766255644 -1.3500000000000005
      vertex 91.25 -57 -1.3500000000000005
      vertex 91.20676688090727 -57.43895322453629 -1.3500000000000005
    endloop
  endfacet
  facet normal 0 0 1
    outer loop
      vertex 90.91341716182545 -61.61939766255644 -1.3500000000000005
      vertex 91.77785116509801 -61.15734806151273 -1.3500000000000005
      vertex 91.77785116509801 -52.84265193848727 -1.3500000000000005
    endloop
  endfacet
  facet normal 0 0 1
    outer loop
      vertex 91.77785116509801 -61.15734806151273 -1.3500000000000005
      vertex 92.53553390593274 -60.53553390593274 -1.3500000000000005
      vertex 92.53553390593274 -53.46446609406726 -1.3500000000000005
    endloop
  endfacet
  facet normal 0 0 1
    outer loop
      vertex 90.91341716182545 -61.61939766255644 -1.3500000000000005
      vertex 91.77785116509801 -52.84265193848727 -1.3500000000000005
      vertex 91.25 -57 -1.3500000000000005
    endloop
  endfacet
  facet normal 0 0 1
    outer loop
      vertex 92.53553390593274 -60.53553390593274 -1.3500000000000005
      vertex 93.15734806151272 -59.777851165098014 -1.3500000000000005
      vertex 93.15734806151272 -54.222148834901986 -1.3500000000000005
    endloop
  endfacet
  facet normal 0 0 1
    outer loop
      vertex 93.15734806151272 -59.777851165098014 -1.3500000000000005
      vertex 93.61939766255644 -58.91341716182545 -1.3500000000000005
      vertex 93.61939766255644 -55.08658283817455 -1.3500000000000005
    endloop
  endfacet
  facet normal 0 0 1
    outer loop
      vertex 93.15734806151272 -59.777851165098014 -1.3500000000000005
      vertex 93.61939766255644 -55.08658283817455 -1.3500000000000005
      vertex 93.15734806151272 -54.222148834901986 -1.3500000000000005
    endloop
  endfacet
  facet normal 0 0 1
    outer loop
      vertex 93.61939766255644 -58.91341716182545 -1.3500000000000005
      vertex 93.90392640201615 -57.97545161008064 -1.3500000000000005
      vertex 93.90392640201615 -56.02454838991936 -1.3500000000000005
    endloop
  endfacet
  facet normal 0 0 1
    outer loop
      vertex 93.61939766255644 -58.91341716182545 -1.3500000000000005
      vertex 93.90392640201615 -56.02454838991936 -1.3500000000000005
      vertex 93.61939766255644 -55.08658283817455 -1.3500000000000005
    endloop
  endfacet
  facet normal 0 0 1
    outer loop
      vertex 93.90392640201615 -57.97545161008064 -1.3500000000000005
      vertex 94 -57 -1.3500000000000005
      vertex 93.90392640201615 -56.02454838991936 -1.3500000000000005
    endloop
  endfacet
  facet normal 0 0 1
    outer loop
      vertex 89.43895322453629 -54.79323311909273 -1.3500000000000005
      vertex 89.86103772282145 -54.92127105184961 -1.3500000000000005
      vertex 89.97545161008064 -52.096073597983846 -1.3500000000000005
    endloop
  endfacet
  facet normal 0 0 1
    outer loop
      vertex 89 -54.75 -1.3500000000000005
      vertex 89.43895322453629 -54.79323311909273 -1.3500000000000005
      vertex 89.97545161008064 -52.096073597983846 -1.3500000000000005
    endloop
  endfacet
  facet normal 0 0 1
    outer loop
      vertex 90.59099025766973 -55.40900974233027 -1.3500000000000005
      vertex 90.91341716182545 -52.38060233744356 -1.3500000000000005
      vertex 90.25003302429411 -55.12919337231927 -1.3500000000000005
    endloop
  endfacet
  facet normal 0 0 1
    outer loop
      vertex 89.86103772282145 -54.92127105184961 -1.3500000000000005
      vertex 90.25003302429411 -55.12919337231927 -1.3500000000000005
      vertex 90.91341716182545 -52.38060233744356 -1.3500000000000005
    endloop
  endfacet
  facet normal 0 0 1
    outer loop
      vertex 90.59099025766973 -55.40900974233027 -1.3500000000000005
      vertex 90.87080662768072 -55.749966975705895 -1.3500000000000005
      vertex 90.91341716182545 -52.38060233744356 -1.3500000000000005
    endloop
  endfacet
  facet normal 0 0 1
    outer loop
      vertex 89.86103772282145 -54.92127105184961 -1.3500000000000005
      vertex 90.91341716182545 -52.38060233744356 -1.3500000000000005
      vertex 89.97545161008064 -52.096073597983846 -1.3500000000000005
    endloop
  endfacet
  facet normal 0 0 1
    outer loop
      vertex 91.25 -57 -1.3500000000000005
      vertex 91.77785116509801 -52.84265193848727 -1.3500000000000005
      vertex 91.20676688090727 -56.56104677546371 -1.3500000000000005
    endloop
  endfacet
  facet normal 0 0 1
    outer loop
      vertex 91.20676688090727 -56.56104677546371 -1.3500000000000005
      vertex 91.77785116509801 -52.84265193848727 -1.3500000000000005
      vertex 91.0787289481504 -56.13896227717855 -1.3500000000000005
    endloop
  endfacet
  facet normal 0 0 1
    outer loop
      vertex 90.87080662768072 -55.749966975705895 -1.3500000000000005
      vertex 91.0787289481504 -56.13896227717855 -1.3500000000000005
      vertex 91.77785116509801 -52.84265193848727 -1.3500000000000005
    endloop
  endfacet
  facet normal 0 0 1
    outer loop
      vertex 91.77785116509801 -61.15734806151273 -1.3500000000000005
      vertex 92.53553390593274 -53.46446609406726 -1.3500000000000005
      vertex 91.77785116509801 -52.84265193848727 -1.3500000000000005
    endloop
  endfacet
  facet normal 0 0 1
    outer loop
      vertex 92.53553390593274 -60.53553390593274 -1.3500000000000005
      vertex 93.15734806151272 -54.222148834901986 -1.3500000000000005
      vertex 92.53553390593274 -53.46446609406726 -1.3500000000000005
    endloop
  endfacet
  facet normal 0 0 1
    outer loop
      vertex 90.87080662768072 -55.749966975705895 -1.3500000000000005
      vertex 91.77785116509801 -52.84265193848727 -1.3500000000000005
      vertex 90.91341716182545 -52.38060233744356 -1.3500000000000005
    endloop
  endfacet
  facet normal 0.7730104533627387 0.6343932841636434 0
    outer loop
      vertex 84.84265193848728 -59.777851165098014 -1.3500000000000005
      vertex 84.84265193848728 -59.777851165098014 6.35
      vertex 85.46446609406726 -60.53553390593274 -1.3500000000000005
    endloop
  endfacet
  facet normal 0.6343932841636477 0.7730104533627351 0
    outer loop
      vertex 86.22214883490199 -61.15734806151273 -1.3500000000000005
      vertex 85.46446609406726 -60.53553390593274 -1.3500000000000005
      vertex 85.46446609406726 -60.53553390593274 6.35
    endloop
  endfacet
  facet normal 0.9569403357322096 0.2902846772544598 0
    outer loop
      vertex 84.38060233744356 -58.91341716182545 -1.3500000000000005
      vertex 84.09607359798385 -57.97545161008064 -1.3500000000000005
      vertex 84.09607359798385 -57.97545161008064 6.35
    endloop
  endfacet
  facet normal 0.995184726672197 0.09801714032955905 0
    outer loop
      vertex 84.09607359798385 -57.97545161008064 -1.3500000000000005
      vertex 84 -57 -1.3500000000000005
      vertex 84 -57 6.35
    endloop
  endfacet
  facet normal 0.995184726672197 -0.09801714032955905 0
    outer loop
      vertex 84 -57 -1.3500000000000005
      vertex 84.09607359798385 -56.02454838991936 -1.3500000000000005
      vertex 84.09607359798385 -56.02454838991936 6.35
    endloop
  endfacet
  facet normal 0.8819212643483516 0.47139673682600414 0
    outer loop
      vertex 84.84265193848728 -59.777851165098014 -1.3500000000000005
      vertex 84.38060233744356 -58.91341716182545 -1.3500000000000005
      vertex 84.38060233744356 -58.91341716182545 6.35
    endloop
  endfacet
  facet normal 0.47139673682599853 0.8819212643483546 0
    outer loop
      vertex 86.22214883490199 -61.15734806151273 -1.3500000000000005
      vertex 86.22214883490199 -61.15734806151273 6.35
      vertex 87.08658283817455 -61.61939766255644 -1.3500000000000005
    endloop
  endfacet
  facet normal 0.2902846772544598 0.9569403357322096 0
    outer loop
      vertex 87.08658283817455 -61.61939766255644 -1.3500000000000005
      vertex 87.08658283817455 -61.61939766255644 6.35
      vertex 88.02454838991936 -61.903926402016154 -1.3500000000000005
    endloop
  endfacet
  facet normal 0.09801714032955905 0.995184726672197 0
    outer loop
      vertex 88.02454838991936 -61.903926402016154 -1.3500000000000005
      vertex 88.02454838991936 -61.903926402016154 6.35
      vertex 89 -62 -1.3500000000000005
    endloop
  endfacet
  facet normal -0.09801714032955905 0.995184726672197 0
    outer loop
      vertex 89 -62 -1.3500000000000005
      vertex 89 -62 6.35
      vertex 89.97545161008064 -61.903926402016154 -1.3500000000000005
    endloop
  endfacet
  facet normal 0.9569403357322096 -0.2902846772544598 0
    outer loop
      vertex 84.09607359798385 -56.02454838991936 -1.3500000000000005
      vertex 84.38060233744356 -55.08658283817455 -1.3500000000000005
      vertex 84.38060233744356 -55.08658283817455 6.35
    endloop
  endfacet
  facet normal 0.8819212643483516 -0.47139673682600414 0
    outer loop
      vertex 84.38060233744356 -55.08658283817455 -1.3500000000000005
      vertex 84.84265193848728 -54.222148834901986 -1.3500000000000005
      vertex 84.84265193848728 -54.222148834901986 6.35
    endloop
  endfacet
  facet normal 0.7730104533627387 -0.6343932841636434 0
    outer loop
      vertex 84.84265193848728 -54.222148834901986 -1.3500000000000005
      vertex 85.46446609406726 -53.46446609406726 -1.3500000000000005
      vertex 85.46446609406726 -53.46446609406726 6.35
    endloop
  endfacet
  facet normal 0.6343932841636477 -0.7730104533627351 0
    outer loop
      vertex 85.46446609406726 -53.46446609406726 -1.3500000000000005
      vertex 86.22214883490199 -52.84265193848727 -1.3500000000000005
      vertex 86.22214883490199 -52.84265193848727 6.35
    endloop
  endfacet
  facet normal 0.47139673682599853 -0.8819212643483546 0
    outer loop
      vertex 86.22214883490199 -52.84265193848727 -1.3500000000000005
      vertex 87.08658283817455 -52.38060233744356 -1.3500000000000005
      vertex 87.08658283817455 -52.38060233744356 6.35
    endloop
  endfacet
  facet normal 0.2902846772544598 -0.9569403357322096 0
    outer loop
      vertex 87.08658283817455 -52.38060233744356 -1.3500000000000005
      vertex 88.02454838991936 -52.096073597983846 -1.3500000000000005
      vertex 88.02454838991936 -52.096073597983846 6.35
    endloop
  endfacet
  facet normal 0.09801714032955905 -0.995184726672197 0
    outer loop
      vertex 88.02454838991936 -52.096073597983846 -1.3500000000000005
      vertex 89 -52 -1.3500000000000005
      vertex 89 -52 6.35
    endloop
  endfacet
  facet normal -0.2902846772544598 0.9569403357322096 0
    outer loop
      vertex 89.97545161008064 -61.903926402016154 -1.3500000000000005
      vertex 89.97545161008064 -61.903926402016154 6.35
      vertex 90.91341716182545 -61.61939766255644 -1.3500000000000005
    endloop
  endfacet
  facet normal -0.47139673682599853 0.8819212643483546 0
    outer loop
      vertex 90.91341716182545 -61.61939766255644 -1.3500000000000005
      vertex 90.91341716182545 -61.61939766255644 6.35
      vertex 91.77785116509801 -61.15734806151273 -1.3500000000000005
    endloop
  endfacet
  facet normal -0.6343932841636477 0.7730104533627351 0
    outer loop
      vertex 91.77785116509801 -61.15734806151273 -1.3500000000000005
      vertex 91.77785116509801 -61.15734806151273 6.35
      vertex 92.53553390593274 -60.53553390593274 -1.3500000000000005
    endloop
  endfacet
  facet normal -0.7730104533627387 0.6343932841636434 0
    outer loop
      vertex 92.53553390593274 -60.53553390593274 -1.3500000000000005
      vertex 92.53553390593274 -60.53553390593274 6.35
      vertex 93.15734806151272 -59.777851165098014 -1.3500000000000005
    endloop
  endfacet
  facet normal -0.8819212643483516 0.47139673682600414 0
    outer loop
      vertex 93.15734806151272 -59.777851165098014 -1.3500000000000005
      vertex 93.15734806151272 -59.777851165098014 6.35
      vertex 93.61939766255644 -58.91341716182545 -1.3500000000000005
    endloop
  endfacet
  facet normal -0.9569403357322096 0.2902846772544598 0
    outer loop
      vertex 93.61939766255644 -58.91341716182545 -1.3500000000000005
      vertex 93.61939766255644 -58.91341716182545 6.35
      vertex 93.90392640201615 -57.97545161008064 -1.3500000000000005
    endloop
  endfacet
  facet normal -0.995184726672197 0.09801714032955905 0
    outer loop
      vertex 93.90392640201615 -57.97545161008064 -1.3500000000000005
      vertex 93.90392640201615 -57.97545161008064 6.35
      vertex 94 -57 -1.3500000000000005
    endloop
  endfacet
  facet normal -0.995184726672197 -0.09801714032955905 0
    outer loop
      vertex 94 -57 -1.3500000000000005
      vertex 94 -57 6.35
      vertex 93.90392640201615 -56.02454838991936 -1.3500000000000005
    endloop
  endfacet
  facet normal -0.6343932841636477 -0.7730104533627351 0
    outer loop
      vertex 91.77785116509801 -52.84265193848727 -1.3500000000000005
      vertex 92.53553390593274 -53.46446609406726 -1.3500000000000005
      vertex 92.53553390593274 -53.46446609406726 6.35
    endloop
  endfacet
  facet normal -0.09801714032955905 -0.995184726672197 0
    outer loop
      vertex 89 -52 -1.3500000000000005
      vertex 89.97545161008064 -52.096073597983846 -1.3500000000000005
      vertex 89.97545161008064 -52.096073597983846 6.35
    endloop
  endfacet
  facet normal -0.2902846772544598 -0.9569403357322096 0
    outer loop
      vertex 89.97545161008064 -52.096073597983846 -1.3500000000000005
      vertex 90.91341716182545 -52.38060233744356 -1.3500000000000005
      vertex 90.91341716182545 -52.38060233744356 6.35
    endloop
  endfacet
  facet normal -0.47139673682599853 -0.8819212643483546 0
    outer loop
      vertex 90.91341716182545 -52.38060233744356 -1.3500000000000005
      vertex 91.77785116509801 -52.84265193848727 -1.3500000000000005
      vertex 91.77785116509801 -52.84265193848727 6.35
    endloop
  endfacet
  facet normal -0.8819212643483516 -0.47139673682600414 0
    outer loop
      vertex 93.15734806151272 -54.222148834901986 -1.3500000000000005
      vertex 93.61939766255644 -55.08658283817455 -1.3500000000000005
      vertex 93.61939766255644 -55.08658283817455 6.35
    endloop
  endfacet
  facet normal -0.9569403357322096 -0.2902846772544598 0
    outer loop
      vertex 93.90392640201615 -56.02454838991936 -1.3500000000000005
      vertex 93.90392640201615 -56.02454838991936 6.35
      vertex 93.61939766255644 -55.08658283817455 -1.3500000000000005
    endloop
  endfacet
  facet normal -0.7730104533627387 -0.6343932841636434 0
    outer loop
      vertex 93.15734806151272 -54.222148834901986 -1.3500000000000005
      vertex 93.15734806151272 -54.222148834901986 6.35
      vertex 92.53553390593274 -53.46446609406726 -1.3500000000000005
    endloop
  endfacet
  facet normal 0.8819212643483516 0.47139673682600414 0
    outer loop
      vertex 84.84265193848728 -59.777851165098014 -1.3500000000000005
      vertex 84.38060233744356 -58.91341716182545 6.35
      vertex 84.84265193848728 -59.777851165098014 6.35
    endloop
  endfacet
  facet normal 0.7730104533627387 0.6343932841636434 0
    outer loop
      vertex 85.46446609406726 -60.53553390593274 -1.3500000000000005
      vertex 84.84265193848728 -59.777851165098014 6.35
      vertex 85.46446609406726 -60.53553390593274 6.35
    endloop
  endfacet
  facet normal 0.995184726672197 0.09801714032955905 0
    outer loop
      vertex 84.09607359798385 -57.97545161008064 -1.3500000000000005
      vertex 84 -57 6.35
      vertex 84.09607359798385 -57.97545161008064 6.35
    endloop
  endfacet
  facet normal 0.995184726672197 -0.09801714032955905 0
    outer loop
      vertex 84 -57 -1.3500000000000005
      vertex 84.09607359798385 -56.02454838991936 6.35
      vertex 84 -57 6.35
    endloop
  endfacet
  facet normal 0.9569403357322096 0.2902846772544598 0
    outer loop
      vertex 84.38060233744356 -58.91341716182545 -1.3500000000000005
      vertex 84.09607359798385 -57.97545161008064 6.35
      vertex 84.38060233744356 -58.91341716182545 6.35
    endloop
  endfacet
  facet normal 0.6343932841636477 0.7730104533627351 0
    outer loop
      vertex 86.22214883490199 -61.15734806151273 -1.3500000000000005
      vertex 85.46446609406726 -60.53553390593274 6.35
      vertex 86.22214883490199 -61.15734806151273 6.35
    endloop
  endfacet
  facet normal 0.47139673682599853 0.8819212643483546 0
    outer loop
      vertex 87.08658283817455 -61.61939766255644 -1.3500000000000005
      vertex 86.22214883490199 -61.15734806151273 6.35
      vertex 87.08658283817455 -61.61939766255644 6.35
    endloop
  endfacet
  facet normal 0.2902846772544598 0.9569403357322096 0
    outer loop
      vertex 88.02454838991936 -61.903926402016154 -1.3500000000000005
      vertex 87.08658283817455 -61.61939766255644 6.35
      vertex 88.02454838991936 -61.903926402016154 6.35
    endloop
  endfacet
  facet normal 0.09801714032955905 0.995184726672197 0
    outer loop
      vertex 89 -62 -1.3500000000000005
      vertex 88.02454838991936 -61.903926402016154 6.35
      vertex 89 -62 6.35
    endloop
  endfacet
  facet normal 0.9569403357322096 -0.2902846772544598 0
    outer loop
      vertex 84.09607359798385 -56.02454838991936 -1.3500000000000005
      vertex 84.38060233744356 -55.08658283817455 6.35
      vertex 84.09607359798385 -56.02454838991936 6.35
    endloop
  endfacet
  facet normal 0.8819212643483516 -0.47139673682600414 0
    outer loop
      vertex 84.38060233744356 -55.08658283817455 -1.3500000000000005
      vertex 84.84265193848728 -54.222148834901986 6.35
      vertex 84.38060233744356 -55.08658283817455 6.35
    endloop
  endfacet
  facet normal 0.7730104533627387 -0.6343932841636434 0
    outer loop
      vertex 84.84265193848728 -54.222148834901986 -1.3500000000000005
      vertex 85.46446609406726 -53.46446609406726 6.35
      vertex 84.84265193848728 -54.222148834901986 6.35
    endloop
  endfacet
  facet normal 0.6343932841636477 -0.7730104533627351 0
    outer loop
      vertex 85.46446609406726 -53.46446609406726 -1.3500000000000005
      vertex 86.22214883490199 -52.84265193848727 6.35
      vertex 85.46446609406726 -53.46446609406726 6.35
    endloop
  endfacet
  facet normal 0.47139673682599853 -0.8819212643483546 0
    outer loop
      vertex 86.22214883490199 -52.84265193848727 -1.3500000000000005
      vertex 87.08658283817455 -52.38060233744356 6.35
      vertex 86.22214883490199 -52.84265193848727 6.35
    endloop
  endfacet
  facet normal 0.2902846772544598 -0.9569403357322096 0
    outer loop
      vertex 87.08658283817455 -52.38060233744356 -1.3500000000000005
      vertex 88.02454838991936 -52.096073597983846 6.35
      vertex 87.08658283817455 -52.38060233744356 6.35
    endloop
  endfacet
  facet normal 0.09801714032955905 -0.995184726672197 0
    outer loop
      vertex 88.02454838991936 -52.096073597983846 -1.3500000000000005
      vertex 89 -52 6.35
      vertex 88.02454838991936 -52.096073597983846 6.35
    endloop
  endfacet
  facet normal -0.09801714032955905 -0.995184726672197 0
    outer loop
      vertex 89 -52 -1.3500000000000005
      vertex 89.97545161008064 -52.096073597983846 6.35
      vertex 89 -52 6.35
    endloop
  endfacet
  facet normal -0.09801714032955905 0.995184726672197 0
    outer loop
      vertex 89.97545161008064 -61.903926402016154 -1.3500000000000005
      vertex 89 -62 6.35
      vertex 89.97545161008064 -61.903926402016154 6.35
    endloop
  endfacet
  facet normal -0.2902846772544598 0.9569403357322096 0
    outer loop
      vertex 90.91341716182545 -61.61939766255644 -1.3500000000000005
      vertex 89.97545161008064 -61.903926402016154 6.35
      vertex 90.91341716182545 -61.61939766255644 6.35
    endloop
  endfacet
  facet normal -0.47139673682599853 0.8819212643483546 0
    outer loop
      vertex 91.77785116509801 -61.15734806151273 -1.3500000000000005
      vertex 90.91341716182545 -61.61939766255644 6.35
      vertex 91.77785116509801 -61.15734806151273 6.35
    endloop
  endfacet
  facet normal -0.6343932841636477 0.7730104533627351 0
    outer loop
      vertex 92.53553390593274 -60.53553390593274 -1.3500000000000005
      vertex 91.77785116509801 -61.15734806151273 6.35
      vertex 92.53553390593274 -60.53553390593274 6.35
    endloop
  endfacet
  facet normal -0.7730104533627387 0.6343932841636434 0
    outer loop
      vertex 93.15734806151272 -59.777851165098014 -1.3500000000000005
      vertex 92.53553390593274 -60.53553390593274 6.35
      vertex 93.15734806151272 -59.777851165098014 6.35
    endloop
  endfacet
  facet normal -0.8819212643483516 0.47139673682600414 0
    outer loop
      vertex 93.61939766255644 -58.91341716182545 -1.3500000000000005
      vertex 93.15734806151272 -59.777851165098014 6.35
      vertex 93.61939766255644 -58.91341716182545 6.35
    endloop
  endfacet
  facet normal -0.9569403357322096 0.2902846772544598 0
    outer loop
      vertex 93.90392640201615 -57.97545161008064 -1.3500000000000005
      vertex 93.61939766255644 -58.91341716182545 6.35
      vertex 93.90392640201615 -57.97545161008064 6.35
    endloop
  endfacet
  facet normal -0.995184726672197 0.09801714032955905 0
    outer loop
      vertex 94 -57 -1.3500000000000005
      vertex 93.90392640201615 -57.97545161008064 6.35
      vertex 94 -57 6.35
    endloop
  endfacet
  facet normal -0.995184726672197 -0.09801714032955905 0
    outer loop
      vertex 93.90392640201615 -56.02454838991936 -1.3500000000000005
      vertex 94 -57 6.35
      vertex 93.90392640201615 -56.02454838991936 6.35
    endloop
  endfacet
  facet normal -0.7730104533627387 -0.6343932841636434 0
    outer loop
      vertex 92.53553390593274 -53.46446609406726 -1.3500000000000005
      vertex 93.15734806151272 -54.222148834901986 6.35
      vertex 92.53553390593274 -53.46446609406726 6.35
    endloop
  endfacet
  facet normal -0.2902846772544598 -0.9569403357322096 0
    outer loop
      vertex 89.97545161008064 -52.096073597983846 -1.3500000000000005
      vertex 90.91341716182545 -52.38060233744356 6.35
      vertex 89.97545161008064 -52.096073597983846 6.35
    endloop
  endfacet
  facet normal -0.47139673682599853 -0.8819212643483546 0
    outer loop
      vertex 90.91341716182545 -52.38060233744356 -1.3500000000000005
      vertex 91.77785116509801 -52.84265193848727 6.35
      vertex 90.91341716182545 -52.38060233744356 6.35
    endloop
  endfacet
  facet normal -0.6343932841636477 -0.7730104533627351 0
    outer loop
      vertex 91.77785116509801 -52.84265193848727 -1.3500000000000005
      vertex 92.53553390593274 -53.46446609406726 6.35
      vertex 91.77785116509801 -52.84265193848727 6.35
    endloop
  endfacet
  facet normal -0.9569403357322096 -0.2902846772544598 0
    outer loop
      vertex 93.61939766255644 -55.08658283817455 -1.3500000000000005
      vertex 93.90392640201615 -56.02454838991936 6.35
      vertex 93.61939766255644 -55.08658283817455 6.35
    endloop
  endfacet
  facet normal -0.8819212643483516 -0.47139673682600414 0
    outer loop
      vertex 93.15734806151272 -54.222148834901986 -1.3500000000000005
      vertex 93.61939766255644 -55.08658283817455 6.35
      vertex 93.15734806151272 -54.222148834901986 6.35
    endloop
  endfacet
  facet normal 0 0 1
    outer loop
      vertex 84.84265193848728 54.222148834901986 -1.3500000000000005
      vertex 85.46446609406726 53.46446609406726 -1.3500000000000005
      vertex 85.46446609406726 60.53553390593274 -1.3500000000000005
    endloop
  endfacet
  facet normal 0 0 1
    outer loop
      vertex 88.02454838991936 52.096073597983846 -1.3500000000000005
      vertex 89 52 -1.3500000000000005
      vertex 89 54.75 -1.3500000000000005
    endloop
  endfacet
  facet normal 0 0 1
    outer loop
      vertex 86.22214883490199 52.84265193848727 -1.3500000000000005
      vertex 87.08658283817455 52.38060233744356 -1.3500000000000005
      vertex 87.12919337231928 55.749966975705895 -1.3500000000000005
    endloop
  endfacet
  facet normal 0 0 1
    outer loop
      vertex 87.08658283817455 52.38060233744356 -1.3500000000000005
      vertex 87.40900974233027 55.40900974233027 -1.3500000000000005
      vertex 87.12919337231928 55.749966975705895 -1.3500000000000005
    endloop
  endfacet
  facet normal 0 0 1
    outer loop
      vertex 87.08658283817455 52.38060233744356 -1.3500000000000005
      vertex 87.74996697570589 55.12919337231927 -1.3500000000000005
      vertex 87.40900974233027 55.40900974233027 -1.3500000000000005
    endloop
  endfacet
  facet normal 0 0 1
    outer loop
      vertex 86.22214883490199 52.84265193848727 -1.3500000000000005
      vertex 87.12919337231928 55.749966975705895 -1.3500000000000005
      vertex 86.9212710518496 56.13896227717855 -1.3500000000000005
    endloop
  endfacet
  facet normal 0 0 1
    outer loop
      vertex 86.22214883490199 52.84265193848727 -1.3500000000000005
      vertex 86.9212710518496 56.13896227717855 -1.3500000000000005
      vertex 86.79323311909273 56.56104677546371 -1.3500000000000005
    endloop
  endfacet
  facet normal 0 0 1
    outer loop
      vertex 86.22214883490199 52.84265193848727 -1.3500000000000005
      vertex 86.79323311909273 56.56104677546371 -1.3500000000000005
      vertex 86.75 57 -1.3500000000000005
    endloop
  endfacet
  facet normal 0 0 1
    outer loop
      vertex 85.46446609406726 53.46446609406726 -1.3500000000000005
      vertex 86.22214883490199 52.84265193848727 -1.3500000000000005
      vertex 86.22214883490199 61.15734806151273 -1.3500000000000005
    endloop
  endfacet
  facet normal 0 0 1
    outer loop
      vertex 87.08658283817455 52.38060233744356 -1.3500000000000005
      vertex 88.02454838991936 52.096073597983846 -1.3500000000000005
      vertex 88.13896227717855 54.92127105184961 -1.3500000000000005
    endloop
  endfacet
  facet normal 0 0 1
    outer loop
      vertex 87.08658283817455 52.38060233744356 -1.3500000000000005
      vertex 88.13896227717855 54.92127105184961 -1.3500000000000005
      vertex 87.74996697570589 55.12919337231927 -1.3500000000000005
    endloop
  endfacet
  facet normal 0 0 1
    outer loop
      vertex 88.02454838991936 52.096073597983846 -1.3500000000000005
      vertex 88.56104677546371 54.79323311909273 -1.3500000000000005
      vertex 88.13896227717855 54.92127105184961 -1.3500000000000005
    endloop
  endfacet
  facet normal 0 0 1
    outer loop
      vertex 88.02454838991936 52.096073597983846 -1.3500000000000005
      vertex 89 54.75 -1.3500000000000005
      vertex 88.56104677546371 54.79323311909273 -1.3500000000000005
    endloop
  endfacet
  facet normal 0 0 1
    outer loop
      vertex 89 52 -1.3500000000000005
      vertex 89.43895322453629 54.79323311909273 -1.3500000000000005
      vertex 89 54.75 -1.3500000000000005
    endloop
  endfacet
  facet normal 0 0 1
    outer loop
      vertex 84.09607359798385 56.02454838991936 -1.3500000000000005
      vertex 84.09607359798385 57.97545161008064 -1.3500000000000005
      vertex 84 57 -1.3500000000000005
    endloop
  endfacet
  facet normal 0 0 1
    outer loop
      vertex 84.09607359798385 56.02454838991936 -1.3500000000000005
      vertex 84.38060233744356 58.91341716182545 -1.3500000000000005
      vertex 84.09607359798385 57.97545161008064 -1.3500000000000005
    endloop
  endfacet
  facet normal 0 0 1
    outer loop
      vertex 84.38060233744356 55.08658283817455 -1.3500000000000005
      vertex 84.38060233744356 58.91341716182545 -1.3500000000000005
      vertex 84.09607359798385 56.02454838991936 -1.3500000000000005
    endloop
  endfacet
  facet normal 0 0 1
    outer loop
      vertex 84.38060233744356 55.08658283817455 -1.3500000000000005
      vertex 84.84265193848728 54.222148834901986 -1.3500000000000005
      vertex 84.84265193848728 59.777851165098014 -1.3500000000000005
    endloop
  endfacet
  facet normal 0 0 1
    outer loop
      vertex 84.38060233744356 55.08658283817455 -1.3500000000000005
      vertex 84.84265193848728 59.777851165098014 -1.3500000000000005
      vertex 84.38060233744356 58.91341716182545 -1.3500000000000005
    endloop
  endfacet
  facet normal 0 0 1
    outer loop
      vertex 84.84265193848728 54.222148834901986 -1.3500000000000005
      vertex 85.46446609406726 60.53553390593274 -1.3500000000000005
      vertex 84.84265193848728 59.777851165098014 -1.3500000000000005
    endloop
  endfacet
  facet normal 0 0 1
    outer loop
      vertex 85.46446609406726 53.46446609406726 -1.3500000000000005
      vertex 86.22214883490199 61.15734806151273 -1.3500000000000005
      vertex 85.46446609406726 60.53553390593274 -1.3500000000000005
    endloop
  endfacet
  facet normal 0 0 1
    outer loop
      vertex 86.22214883490199 52.84265193848727 -1.3500000000000005
      vertex 86.75 57 -1.3500000000000005
      vertex 87.08658283817455 61.61939766255644 -1.3500000000000005
    endloop
  endfacet
  facet normal 0 0 1
    outer loop
      vertex 86.22214883490199 52.84265193848727 -1.3500000000000005
      vertex 87.08658283817455 61.61939766255644 -1.3500000000000005
      vertex 86.22214883490199 61.15734806151273 -1.3500000000000005
    endloop
  endfacet
  facet normal 0 0 1
    outer loop
      vertex 86.75 57 -1.3500000000000005
      vertex 86.79323311909273 57.43895322453629 -1.3500000000000005
      vertex 87.08658283817455 61.61939766255644 -1.3500000000000005
    endloop
  endfacet
  facet normal 0 0 1
    outer loop
      vertex 86.79323311909273 57.43895322453629 -1.3500000000000005
      vertex 86.9212710518496 57.86103772282145 -1.3500000000000005
      vertex 87.08658283817455 61.61939766255644 -1.3500000000000005
    endloop
  endfacet
  facet normal 0 0 1
    outer loop
      vertex 86.9212710518496 57.86103772282145 -1.3500000000000005
      vertex 87.12919337231928 58.250033024294105 -1.3500000000000005
      vertex 87.08658283817455 61.61939766255644 -1.3500000000000005
    endloop
  endfacet
  facet normal 0 0 1
    outer loop
      vertex 87.12919337231928 58.250033024294105 -1.3500000000000005
      vertex 87.40900974233027 58.59099025766973 -1.3500000000000005
      vertex 87.08658283817455 61.61939766255644 -1.3500000000000005
    endloop
  endfacet
  facet normal 0 0 1
    outer loop
      vertex 87.40900974233027 58.59099025766973 -1.3500000000000005
      vertex 88.02454838991936 61.903926402016154 -1.3500000000000005
      vertex 87.08658283817455 61.61939766255644 -1.3500000000000005
    endloop
  endfacet
  facet normal 0 0 1
    outer loop
      vertex 87.40900974233027 58.59099025766973 -1.3500000000000005
      vertex 87.74996697570589 58.87080662768073 -1.3500000000000005
      vertex 88.02454838991936 61.903926402016154 -1.3500000000000005
    endloop
  endfacet
  facet normal 0 0 1
    outer loop
      vertex 87.74996697570589 58.87080662768073 -1.3500000000000005
      vertex 88.13896227717855 59.07872894815039 -1.3500000000000005
      vertex 88.02454838991936 61.903926402016154 -1.3500000000000005
    endloop
  endfacet
  facet normal 0 0 1
    outer loop
      vertex 88.02454838991936 61.903926402016154 -1.3500000000000005
      vertex 88.13896227717855 59.07872894815039 -1.3500000000000005
      vertex 88.56104677546371 59.20676688090727 -1.3500000000000005
    endloop
  endfacet
  facet normal 0 0 1
    outer loop
      vertex 88.56104677546371 59.20676688090727 -1.3500000000000005
      vertex 89 59.25 -1.3500000000000005
      vertex 89 62 -1.3500000000000005
    endloop
  endfacet
  facet normal 0 0 1
    outer loop
      vertex 88.02454838991936 61.903926402016154 -1.3500000000000005
      vertex 88.56104677546371 59.20676688090727 -1.3500000000000005
      vertex 89 62 -1.3500000000000005
    endloop
  endfacet
  facet normal 0 0 1
    outer loop
      vertex 89 59.25 -1.3500000000000005
      vertex 89.97545161008064 61.903926402016154 -1.3500000000000005
      vertex 89 62 -1.3500000000000005
    endloop
  endfacet
  facet normal 0 0 1
    outer loop
      vertex 89 52 -1.3500000000000005
      vertex 89.97545161008064 52.096073597983846 -1.3500000000000005
      vertex 89.43895322453629 54.79323311909273 -1.3500000000000005
    endloop
  endfacet
  facet normal 0 0 1
    outer loop
      vertex 89.97545161008064 52.096073597983846 -1.3500000000000005
      vertex 89.86103772282145 54.92127105184961 -1.3500000000000005
      vertex 89.43895322453629 54.79323311909273 -1.3500000000000005
    endloop
  endfacet
  facet normal 0 0 1
    outer loop
      vertex 89.97545161008064 52.096073597983846 -1.3500000000000005
      vertex 90.25003302429411 55.12919337231927 -1.3500000000000005
      vertex 89.86103772282145 54.92127105184961 -1.3500000000000005
    endloop
  endfacet
  facet normal 0 0 1
    outer loop
      vertex 89.97545161008064 52.096073597983846 -1.3500000000000005
      vertex 90.91341716182545 52.38060233744356 -1.3500000000000005
      vertex 90.59099025766973 55.40900974233027 -1.3500000000000005
    endloop
  endfacet
  facet normal 0 0 1
    outer loop
      vertex 89.97545161008064 52.096073597983846 -1.3500000000000005
      vertex 90.59099025766973 55.40900974233027 -1.3500000000000005
      vertex 90.25003302429411 55.12919337231927 -1.3500000000000005
    endloop
  endfacet
  facet normal 0 0 1
    outer loop
      vertex 90.91341716182545 52.38060233744356 -1.3500000000000005
      vertex 90.87080662768072 55.749966975705895 -1.3500000000000005
      vertex 90.59099025766973 55.40900974233027 -1.3500000000000005
    endloop
  endfacet
  facet normal 0 0 1
    outer loop
      vertex 90.91341716182545 52.38060233744356 -1.3500000000000005
      vertex 91.0787289481504 56.13896227717855 -1.3500000000000005
      vertex 90.87080662768072 55.749966975705895 -1.3500000000000005
    endloop
  endfacet
  facet normal 0 0 1
    outer loop
      vertex 90.91341716182545 52.38060233744356 -1.3500000000000005
      vertex 91.20676688090727 56.56104677546371 -1.3500000000000005
      vertex 91.0787289481504 56.13896227717855 -1.3500000000000005
    endloop
  endfacet
  facet normal 0 0 1
    outer loop
      vertex 90.91341716182545 52.38060233744356 -1.3500000000000005
      vertex 91.25 57 -1.3500000000000005
      vertex 91.20676688090727 56.56104677546371 -1.3500000000000005
    endloop
  endfacet
  facet normal 0 0 1
    outer loop
      vertex 90.91341716182545 52.38060233744356 -1.3500000000000005
      vertex 91.77785116509801 52.84265193848727 -1.3500000000000005
      vertex 91.77785116509801 61.15734806151273 -1.3500000000000005
    endloop
  endfacet
  facet normal 0 0 1
    outer loop
      vertex 91.77785116509801 52.84265193848727 -1.3500000000000005
      vertex 92.53553390593274 53.46446609406726 -1.3500000000000005
      vertex 92.53553390593274 60.53553390593274 -1.3500000000000005
    endloop
  endfacet
  facet normal 0 0 1
    outer loop
      vertex 92.53553390593274 53.46446609406726 -1.3500000000000005
      vertex 93.15734806151272 54.222148834901986 -1.3500000000000005
      vertex 93.15734806151272 59.777851165098014 -1.3500000000000005
    endloop
  endfacet
  facet normal 0 0 1
    outer loop
      vertex 93.15734806151272 54.222148834901986 -1.3500000000000005
      vertex 93.61939766255644 55.08658283817455 -1.3500000000000005
      vertex 93.61939766255644 58.91341716182545 -1.3500000000000005
    endloop
  endfacet
  facet normal 0 0 1
    outer loop
      vertex 90.91341716182545 52.38060233744356 -1.3500000000000005
      vertex 91.77785116509801 61.15734806151273 -1.3500000000000005
      vertex 91.25 57 -1.3500000000000005
    endloop
  endfacet
  facet normal 0 0 1
    outer loop
      vertex 91.25 57 -1.3500000000000005
      vertex 91.77785116509801 61.15734806151273 -1.3500000000000005
      vertex 91.20676688090727 57.43895322453629 -1.3500000000000005
    endloop
  endfacet
  facet normal 0 0 1
    outer loop
      vertex 91.20676688090727 57.43895322453629 -1.3500000000000005
      vertex 91.77785116509801 61.15734806151273 -1.3500000000000005
      vertex 91.0787289481504 57.86103772282145 -1.3500000000000005
    endloop
  endfacet
  facet normal 0 0 1
    outer loop
      vertex 90.87080662768072 58.250033024294105 -1.3500000000000005
      vertex 91.0787289481504 57.86103772282145 -1.3500000000000005
      vertex 91.77785116509801 61.15734806151273 -1.3500000000000005
    endloop
  endfacet
  facet normal 0 0 1
    outer loop
      vertex 91.77785116509801 52.84265193848727 -1.3500000000000005
      vertex 92.53553390593274 60.53553390593274 -1.3500000000000005
      vertex 91.77785116509801 61.15734806151273 -1.3500000000000005
    endloop
  endfacet
  facet normal 0 0 1
    outer loop
      vertex 92.53553390593274 53.46446609406726 -1.3500000000000005
      vertex 93.15734806151272 59.777851165098014 -1.3500000000000005
      vertex 92.53553390593274 60.53553390593274 -1.3500000000000005
    endloop
  endfacet
  facet normal 0 0 1
    outer loop
      vertex 89 59.25 -1.3500000000000005
      vertex 89.43895322453629 59.20676688090727 -1.3500000000000005
      vertex 89.97545161008064 61.903926402016154 -1.3500000000000005
    endloop
  endfacet
  facet normal 0 0 1
    outer loop
      vertex 89.43895322453629 59.20676688090727 -1.3500000000000005
      vertex 89.86103772282145 59.07872894815039 -1.3500000000000005
      vertex 89.97545161008064 61.903926402016154 -1.3500000000000005
    endloop
  endfacet
  facet normal 0 0 1
    outer loop
      vertex 90.25003302429411 58.87080662768073 -1.3500000000000005
      vertex 90.59099025766973 58.59099025766973 -1.3500000000000005
      vertex 90.91341716182545 61.61939766255644 -1.3500000000000005
    endloop
  endfacet
  facet normal 0 0 1
    outer loop
      vertex 89.86103772282145 59.07872894815039 -1.3500000000000005
      vertex 90.25003302429411 58.87080662768073 -1.3500000000000005
      vertex 90.91341716182545 61.61939766255644 -1.3500000000000005
    endloop
  endfacet
  facet normal 0 0 1
    outer loop
      vertex 90.59099025766973 58.59099025766973 -1.3500000000000005
      vertex 90.87080662768072 58.250033024294105 -1.3500000000000005
      vertex 90.91341716182545 61.61939766255644 -1.3500000000000005
    endloop
  endfacet
  facet normal 0 0 1
    outer loop
      vertex 89.86103772282145 59.07872894815039 -1.3500000000000005
      vertex 90.91341716182545 61.61939766255644 -1.3500000000000005
      vertex 89.97545161008064 61.903926402016154 -1.3500000000000005
    endloop
  endfacet
  facet normal 0 0 1
    outer loop
      vertex 90.87080662768072 58.250033024294105 -1.3500000000000005
      vertex 91.77785116509801 61.15734806151273 -1.3500000000000005
      vertex 90.91341716182545 61.61939766255644 -1.3500000000000005
    endloop
  endfacet
  facet normal 0 0 1
    outer loop
      vertex 93.15734806151272 54.222148834901986 -1.3500000000000005
      vertex 93.61939766255644 58.91341716182545 -1.3500000000000005
      vertex 93.15734806151272 59.777851165098014 -1.3500000000000005
    endloop
  endfacet
  facet normal 0 0 1
    outer loop
      vertex 93.61939766255644 55.08658283817455 -1.3500000000000005
      vertex 93.90392640201615 56.02454838991936 -1.3500000000000005
      vertex 93.90392640201615 57.97545161008064 -1.3500000000000005
    endloop
  endfacet
  facet normal 0 0 1
    outer loop
      vertex 93.90392640201615 56.02454838991936 -1.3500000000000005
      vertex 94 57 -1.3500000000000005
      vertex 93.90392640201615 57.97545161008064 -1.3500000000000005
    endloop
  endfacet
  facet normal 0 0 1
    outer loop
      vertex 93.61939766255644 55.08658283817455 -1.3500000000000005
      vertex 93.90392640201615 57.97545161008064 -1.3500000000000005
      vertex 93.61939766255644 58.91341716182545 -1.3500000000000005
    endloop
  endfacet
  facet normal 0.9569403357322096 0.2902846772544598 0
    outer loop
      vertex 84.38060233744356 55.08658283817455 -1.3500000000000005
      vertex 84.09607359798385 56.02454838991936 -1.3500000000000005
      vertex 84.09607359798385 56.02454838991936 6.35
    endloop
  endfacet
  facet normal 0.7730104533627387 0.6343932841636434 0
    outer loop
      vertex 84.84265193848728 54.222148834901986 -1.3500000000000005
      vertex 84.84265193848728 54.222148834901986 6.35
      vertex 85.46446609406726 53.46446609406726 -1.3500000000000005
    endloop
  endfacet
  facet normal 0.6343932841636477 0.7730104533627351 0
    outer loop
      vertex 85.46446609406726 53.46446609406726 -1.3500000000000005
      vertex 85.46446609406726 53.46446609406726 6.35
      vertex 86.22214883490199 52.84265193848727 -1.3500000000000005
    endloop
  endfacet
  facet normal 0.8819212643483516 0.47139673682600414 0
    outer loop
      vertex 84.38060233744356 55.08658283817455 -1.3500000000000005
      vertex 84.38060233744356 55.08658283817455 6.35
      vertex 84.84265193848728 54.222148834901986 -1.3500000000000005
    endloop
  endfacet
  facet normal 0.47139673682599853 0.8819212643483546 0
    outer loop
      vertex 86.22214883490199 52.84265193848727 -1.3500000000000005
      vertex 86.22214883490199 52.84265193848727 6.35
      vertex 87.08658283817455 52.38060233744356 -1.3500000000000005
    endloop
  endfacet
  facet normal 0.2902846772544598 0.9569403357322096 0
    outer loop
      vertex 87.08658283817455 52.38060233744356 -1.3500000000000005
      vertex 87.08658283817455 52.38060233744356 6.35
      vertex 88.02454838991936 52.096073597983846 -1.3500000000000005
    endloop
  endfacet
  facet normal 0.09801714032955905 0.995184726672197 0
    outer loop
      vertex 88.02454838991936 52.096073597983846 -1.3500000000000005
      vertex 88.02454838991936 52.096073597983846 6.35
      vertex 89 52 -1.3500000000000005
    endloop
  endfacet
  facet normal -0.09801714032955905 0.995184726672197 0
    outer loop
      vertex 89 52 -1.3500000000000005
      vertex 89 52 6.35
      vertex 89.97545161008064 52.096073597983846 -1.3500000000000005
    endloop
  endfacet
  facet normal 0.995184726672197 0.09801714032955905 0
    outer loop
      vertex 84.09607359798385 56.02454838991936 -1.3500000000000005
      vertex 84 57 -1.3500000000000005
      vertex 84 57 6.35
    endloop
  endfacet
  facet normal 0.995184726672197 -0.09801714032955905 0
    outer loop
      vertex 84 57 -1.3500000000000005
      vertex 84.09607359798385 57.97545161008064 -1.3500000000000005
      vertex 84.09607359798385 57.97545161008064 6.35
    endloop
  endfacet
  facet normal 0.9569403357322096 -0.2902846772544598 0
    outer loop
      vertex 84.09607359798385 57.97545161008064 -1.3500000000000005
      vertex 84.38060233744356 58.91341716182545 -1.3500000000000005
      vertex 84.38060233744356 58.91341716182545 6.35
    endloop
  endfacet
  facet normal 0.8819212643483516 -0.47139673682600414 0
    outer loop
      vertex 84.38060233744356 58.91341716182545 -1.3500000000000005
      vertex 84.84265193848728 59.777851165098014 -1.3500000000000005
      vertex 84.84265193848728 59.777851165098014 6.35
    endloop
  endfacet
  facet normal 0.7730104533627387 -0.6343932841636434 0
    outer loop
      vertex 84.84265193848728 59.777851165098014 -1.3500000000000005
      vertex 85.46446609406726 60.53553390593274 -1.3500000000000005
      vertex 85.46446609406726 60.53553390593274 6.35
    endloop
  endfacet
  facet normal 0.6343932841636477 -0.7730104533627351 0
    outer loop
      vertex 85.46446609406726 60.53553390593274 -1.3500000000000005
      vertex 86.22214883490199 61.15734806151273 -1.3500000000000005
      vertex 86.22214883490199 61.15734806151273 6.35
    endloop
  endfacet
  facet normal 0.47139673682599853 -0.8819212643483546 0
    outer loop
      vertex 86.22214883490199 61.15734806151273 -1.3500000000000005
      vertex 87.08658283817455 61.61939766255644 -1.3500000000000005
      vertex 87.08658283817455 61.61939766255644 6.35
    endloop
  endfacet
  facet normal 0.2902846772544598 -0.9569403357322096 0
    outer loop
      vertex 87.08658283817455 61.61939766255644 -1.3500000000000005
      vertex 88.02454838991936 61.903926402016154 -1.3500000000000005
      vertex 88.02454838991936 61.903926402016154 6.35
    endloop
  endfacet
  facet normal 0.09801714032955905 -0.995184726672197 0
    outer loop
      vertex 88.02454838991936 61.903926402016154 -1.3500000000000005
      vertex 89 62 -1.3500000000000005
      vertex 89 62 6.35
    endloop
  endfacet
  facet normal -0.2902846772544598 0.9569403357322096 0
    outer loop
      vertex 89.97545161008064 52.096073597983846 -1.3500000000000005
      vertex 89.97545161008064 52.096073597983846 6.35
      vertex 90.91341716182545 52.38060233744356 -1.3500000000000005
    endloop
  endfacet
  facet normal -0.47139673682599853 0.8819212643483546 0
    outer loop
      vertex 90.91341716182545 52.38060233744356 -1.3500000000000005
      vertex 90.91341716182545 52.38060233744356 6.35
      vertex 91.77785116509801 52.84265193848727 -1.3500000000000005
    endloop
  endfacet
  facet normal -0.6343932841636477 0.7730104533627351 0
    outer loop
      vertex 91.77785116509801 52.84265193848727 -1.3500000000000005
      vertex 91.77785116509801 52.84265193848727 6.35
      vertex 92.53553390593274 53.46446609406726 -1.3500000000000005
    endloop
  endfacet
  facet normal -0.7730104533627387 0.6343932841636434 0
    outer loop
      vertex 92.53553390593274 53.46446609406726 -1.3500000000000005
      vertex 92.53553390593274 53.46446609406726 6.35
      vertex 93.15734806151272 54.222148834901986 -1.3500000000000005
    endloop
  endfacet
  facet normal -0.8819212643483516 0.47139673682600414 0
    outer loop
      vertex 93.15734806151272 54.222148834901986 -1.3500000000000005
      vertex 93.15734806151272 54.222148834901986 6.35
      vertex 93.61939766255644 55.08658283817455 -1.3500000000000005
    endloop
  endfacet
  facet normal -0.9569403357322096 0.2902846772544598 0
    outer loop
      vertex 93.61939766255644 55.08658283817455 -1.3500000000000005
      vertex 93.61939766255644 55.08658283817455 6.35
      vertex 93.90392640201615 56.02454838991936 -1.3500000000000005
    endloop
  endfacet
  facet normal -0.09801714032955905 -0.995184726672197 0
    outer loop
      vertex 89 62 -1.3500000000000005
      vertex 89.97545161008064 61.903926402016154 -1.3500000000000005
      vertex 89.97545161008064 61.903926402016154 6.35
    endloop
  endfacet
  facet normal -0.2902846772544598 -0.9569403357322096 0
    outer loop
      vertex 89.97545161008064 61.903926402016154 -1.3500000000000005
      vertex 90.91341716182545 61.61939766255644 -1.3500000000000005
      vertex 90.91341716182545 61.61939766255644 6.35
    endloop
  endfacet
  facet normal -0.6343932841636477 -0.7730104533627351 0
    outer loop
      vertex 91.77785116509801 61.15734806151273 -1.3500000000000005
      vertex 92.53553390593274 60.53553390593274 -1.3500000000000005
      vertex 92.53553390593274 60.53553390593274 6.35
    endloop
  endfacet
  facet normal -0.47139673682599853 -0.8819212643483546 0
    outer loop
      vertex 90.91341716182545 61.61939766255644 -1.3500000000000005
      vertex 91.77785116509801 61.15734806151273 -1.3500000000000005
      vertex 91.77785116509801 61.15734806151273 6.35
    endloop
  endfacet
  facet normal -0.995184726672197 0.09801714032955905 0
    outer loop
      vertex 93.90392640201615 56.02454838991936 -1.3500000000000005
      vertex 93.90392640201615 56.02454838991936 6.35
      vertex 94 57 -1.3500000000000005
    endloop
  endfacet
  facet normal -0.995184726672197 -0.09801714032955905 0
    outer loop
      vertex 94 57 -1.3500000000000005
      vertex 94 57 6.35
      vertex 93.90392640201615 57.97545161008064 -1.3500000000000005
    endloop
  endfacet
  facet normal -0.8819212643483516 -0.47139673682600414 0
    outer loop
      vertex 93.61939766255644 58.91341716182545 -1.3500000000000005
      vertex 93.61939766255644 58.91341716182545 6.35
      vertex 93.15734806151272 59.777851165098014 -1.3500000000000005
    endloop
  endfacet
  facet normal -0.9569403357322096 -0.2902846772544598 0
    outer loop
      vertex 93.90392640201615 57.97545161008064 -1.3500000000000005
      vertex 93.90392640201615 57.97545161008064 6.35
      vertex 93.61939766255644 58.91341716182545 -1.3500000000000005
    endloop
  endfacet
  facet normal -0.7730104533627387 -0.6343932841636434 0
    outer loop
      vertex 93.15734806151272 59.777851165098014 -1.3500000000000005
      vertex 93.15734806151272 59.777851165098014 6.35
      vertex 92.53553390593274 60.53553390593274 -1.3500000000000005
    endloop
  endfacet
  facet normal 0.8819212643483516 0.47139673682600414 0
    outer loop
      vertex 84.84265193848728 54.222148834901986 -1.3500000000000005
      vertex 84.38060233744356 55.08658283817455 6.35
      vertex 84.84265193848728 54.222148834901986 6.35
    endloop
  endfacet
  facet normal 0.7730104533627387 0.6343932841636434 0
    outer loop
      vertex 85.46446609406726 53.46446609406726 -1.3500000000000005
      vertex 84.84265193848728 54.222148834901986 6.35
      vertex 85.46446609406726 53.46446609406726 6.35
    endloop
  endfacet
  facet normal 0.9569403357322096 0.2902846772544598 0
    outer loop
      vertex 84.38060233744356 55.08658283817455 -1.3500000000000005
      vertex 84.09607359798385 56.02454838991936 6.35
      vertex 84.38060233744356 55.08658283817455 6.35
    endloop
  endfacet
  facet normal 0.6343932841636477 0.7730104533627351 0
    outer loop
      vertex 86.22214883490199 52.84265193848727 -1.3500000000000005
      vertex 85.46446609406726 53.46446609406726 6.35
      vertex 86.22214883490199 52.84265193848727 6.35
    endloop
  endfacet
  facet normal 0.47139673682599853 0.8819212643483546 0
    outer loop
      vertex 87.08658283817455 52.38060233744356 -1.3500000000000005
      vertex 86.22214883490199 52.84265193848727 6.35
      vertex 87.08658283817455 52.38060233744356 6.35
    endloop
  endfacet
  facet normal 0.2902846772544598 0.9569403357322096 0
    outer loop
      vertex 88.02454838991936 52.096073597983846 -1.3500000000000005
      vertex 87.08658283817455 52.38060233744356 6.35
      vertex 88.02454838991936 52.096073597983846 6.35
    endloop
  endfacet
  facet normal 0.09801714032955905 0.995184726672197 0
    outer loop
      vertex 89 52 -1.3500000000000005
      vertex 88.02454838991936 52.096073597983846 6.35
      vertex 89 52 6.35
    endloop
  endfacet
  facet normal 0.995184726672197 0.09801714032955905 0
    outer loop
      vertex 84.09607359798385 56.02454838991936 -1.3500000000000005
      vertex 84 57 6.35
      vertex 84.09607359798385 56.02454838991936 6.35
    endloop
  endfacet
  facet normal 0.995184726672197 -0.09801714032955905 0
    outer loop
      vertex 84 57 -1.3500000000000005
      vertex 84.09607359798385 57.97545161008064 6.35
      vertex 84 57 6.35
    endloop
  endfacet
  facet normal 0.9569403357322096 -0.2902846772544598 0
    outer loop
      vertex 84.09607359798385 57.97545161008064 -1.3500000000000005
      vertex 84.38060233744356 58.91341716182545 6.35
      vertex 84.09607359798385 57.97545161008064 6.35
    endloop
  endfacet
  facet normal 0.8819212643483516 -0.47139673682600414 0
    outer loop
      vertex 84.38060233744356 58.91341716182545 -1.3500000000000005
      vertex 84.84265193848728 59.777851165098014 6.35
      vertex 84.38060233744356 58.91341716182545 6.35
    endloop
  endfacet
  facet normal 0.7730104533627387 -0.6343932841636434 0
    outer loop
      vertex 84.84265193848728 59.777851165098014 -1.3500000000000005
      vertex 85.46446609406726 60.53553390593274 6.35
      vertex 84.84265193848728 59.777851165098014 6.35
    endloop
  endfacet
  facet normal 0.6343932841636477 -0.7730104533627351 0
    outer loop
      vertex 85.46446609406726 60.53553390593274 -1.3500000000000005
      vertex 86.22214883490199 61.15734806151273 6.35
      vertex 85.46446609406726 60.53553390593274 6.35
    endloop
  endfacet
  facet normal 0.47139673682599853 -0.8819212643483546 0
    outer loop
      vertex 86.22214883490199 61.15734806151273 -1.3500000000000005
      vertex 87.08658283817455 61.61939766255644 6.35
      vertex 86.22214883490199 61.15734806151273 6.35
    endloop
  endfacet
  facet normal 0.2902846772544598 -0.9569403357322096 0
    outer loop
      vertex 87.08658283817455 61.61939766255644 -1.3500000000000005
      vertex 88.02454838991936 61.903926402016154 6.35
      vertex 87.08658283817455 61.61939766255644 6.35
    endloop
  endfacet
  facet normal 0.09801714032955905 -0.995184726672197 0
    outer loop
      vertex 88.02454838991936 61.903926402016154 -1.3500000000000005
      vertex 89 62 6.35
      vertex 88.02454838991936 61.903926402016154 6.35
    endloop
  endfacet
  facet normal -0.09801714032955905 -0.995184726672197 0
    outer loop
      vertex 89 62 -1.3500000000000005
      vertex 89.97545161008064 61.903926402016154 6.35
      vertex 89 62 6.35
    endloop
  endfacet
  facet normal -0.09801714032955905 0.995184726672197 0
    outer loop
      vertex 89.97545161008064 52.096073597983846 -1.3500000000000005
      vertex 89 52 6.35
      vertex 89.97545161008064 52.096073597983846 6.35
    endloop
  endfacet
  facet normal -0.2902846772544598 0.9569403357322096 0
    outer loop
      vertex 90.91341716182545 52.38060233744356 -1.3500000000000005
      vertex 89.97545161008064 52.096073597983846 6.35
      vertex 90.91341716182545 52.38060233744356 6.35
    endloop
  endfacet
  facet normal -0.47139673682599853 0.8819212643483546 0
    outer loop
      vertex 91.77785116509801 52.84265193848727 -1.3500000000000005
      vertex 90.91341716182545 52.38060233744356 6.35
      vertex 91.77785116509801 52.84265193848727 6.35
    endloop
  endfacet
  facet normal -0.6343932841636477 0.7730104533627351 0
    outer loop
      vertex 92.53553390593274 53.46446609406726 -1.3500000000000005
      vertex 91.77785116509801 52.84265193848727 6.35
      vertex 92.53553390593274 53.46446609406726 6.35
    endloop
  endfacet
  facet normal -0.7730104533627387 0.6343932841636434 0
    outer loop
      vertex 93.15734806151272 54.222148834901986 -1.3500000000000005
      vertex 92.53553390593274 53.46446609406726 6.35
      vertex 93.15734806151272 54.222148834901986 6.35
    endloop
  endfacet
  facet normal -0.8819212643483516 0.47139673682600414 0
    outer loop
      vertex 93.61939766255644 55.08658283817455 -1.3500000000000005
      vertex 93.15734806151272 54.222148834901986 6.35
      vertex 93.61939766255644 55.08658283817455 6.35
    endloop
  endfacet
  facet normal -0.9569403357322096 0.2902846772544598 0
    outer loop
      vertex 93.90392640201615 56.02454838991936 -1.3500000000000005
      vertex 93.61939766255644 55.08658283817455 6.35
      vertex 93.90392640201615 56.02454838991936 6.35
    endloop
  endfacet
  facet normal -0.2902846772544598 -0.9569403357322096 0
    outer loop
      vertex 89.97545161008064 61.903926402016154 -1.3500000000000005
      vertex 90.91341716182545 61.61939766255644 6.35
      vertex 89.97545161008064 61.903926402016154 6.35
    endloop
  endfacet
  facet normal -0.7730104533627387 -0.6343932841636434 0
    outer loop
      vertex 92.53553390593274 60.53553390593274 -1.3500000000000005
      vertex 93.15734806151272 59.777851165098014 6.35
      vertex 92.53553390593274 60.53553390593274 6.35
    endloop
  endfacet
  facet normal -0.47139673682599853 -0.8819212643483546 0
    outer loop
      vertex 90.91341716182545 61.61939766255644 -1.3500000000000005
      vertex 91.77785116509801 61.15734806151273 6.35
      vertex 90.91341716182545 61.61939766255644 6.35
    endloop
  endfacet
  facet normal -0.6343932841636477 -0.7730104533627351 0
    outer loop
      vertex 91.77785116509801 61.15734806151273 -1.3500000000000005
      vertex 92.53553390593274 60.53553390593274 6.35
      vertex 91.77785116509801 61.15734806151273 6.35
    endloop
  endfacet
  facet normal -0.995184726672197 0.09801714032955905 0
    outer loop
      vertex 94 57 -1.3500000000000005
      vertex 93.90392640201615 56.02454838991936 6.35
      vertex 94 57 6.35
    endloop
  endfacet
  facet normal -0.995184726672197 -0.09801714032955905 0
    outer loop
      vertex 93.90392640201615 57.97545161008064 -1.3500000000000005
      vertex 94 57 6.35
      vertex 93.90392640201615 57.97545161008064 6.35
    endloop
  endfacet
  facet normal -0.9569403357322096 -0.2902846772544598 0
    outer loop
      vertex 93.61939766255644 58.91341716182545 -1.3500000000000005
      vertex 93.90392640201615 57.97545161008064 6.35
      vertex 93.61939766255644 58.91341716182545 6.35
    endloop
  endfacet
  facet normal -0.8819212643483516 -0.47139673682600414 0
    outer loop
      vertex 93.15734806151272 59.777851165098014 -1.3500000000000005
      vertex 93.61939766255644 58.91341716182545 6.35
      vertex 93.15734806151272 59.777851165098014 6.35
    endloop
  endfacet
  facet normal 0 0 1
    outer loop
      vertex -4.157348061512726 -59.777851165098014 -1.3500000000000005
      vertex -3.5355339059327378 -60.53553390593274 -1.3500000000000005
      vertex -3.5355339059327378 -53.46446609406726 -1.3500000000000005
    endloop
  endfacet
  facet normal 0 0 1
    outer loop
      vertex -4.157348061512726 -59.777851165098014 -1.3500000000000005
      vertex -4.157348061512726 -54.222148834901986 -1.3500000000000005
      vertex -4.619397662556434 -58.91341716182545 -1.3500000000000005
    endloop
  endfacet
  facet normal 0 0 1
    outer loop
      vertex -4.619397662556434 -58.91341716182545 -1.3500000000000005
      vertex -4.619397662556434 -55.08658283817455 -1.3500000000000005
      vertex -4.903926402016152 -57.97545161008064 -1.3500000000000005
    endloop
  endfacet
  facet normal 0 0 1
    outer loop
      vertex -4.903926402016152 -57.97545161008064 -1.3500000000000005
      vertex -4.903926402016152 -56.02454838991936 -1.3500000000000005
      vertex -5 -57 -1.3500000000000005
    endloop
  endfacet
  facet normal 0 0 1
    outer loop
      vertex -4.903926402016152 -57.97545161008064 -1.3500000000000005
      vertex -4.619397662556434 -55.08658283817455 -1.3500000000000005
      vertex -4.903926402016152 -56.02454838991936 -1.3500000000000005
    endloop
  endfacet
  facet normal 0 0 1
    outer loop
      vertex -2.777851165098011 -61.15734806151273 -1.3500000000000005
      vertex -1.913417161825449 -61.61939766255644 -1.3500000000000005
      vertex -1.8708066276807267 -58.250033024294105 -1.3500000000000005
    endloop
  endfacet
  facet normal 0 0 1
    outer loop
      vertex -1.913417161825449 -61.61939766255644 -1.3500000000000005
      vertex -1.5909902576697321 -58.59099025766973 -1.3500000000000005
      vertex -1.8708066276807267 -58.250033024294105 -1.3500000000000005
    endloop
  endfacet
  facet normal 0 0 1
    outer loop
      vertex -0.9754516100806412 -61.903926402016154 -1.3500000000000005
      vertex 0 -62 -1.3500000000000005
      vertex 0 -59.25 -1.3500000000000005
    endloop
  endfacet
  facet normal 0 0 1
    outer loop
      vertex -1.913417161825449 -61.61939766255644 -1.3500000000000005
      vertex -0.9754516100806412 -61.903926402016154 -1.3500000000000005
      vertex -0.861037722821452 -59.07872894815039 -1.3500000000000005
    endloop
  endfacet
  facet normal 0 0 1
    outer loop
      vertex -1.913417161825449 -61.61939766255644 -1.3500000000000005
      vertex -0.861037722821452 -59.07872894815039 -1.3500000000000005
      vertex -1.250033024294105 -58.87080662768073 -1.3500000000000005
    endloop
  endfacet
  facet normal 0 0 1
    outer loop
      vertex -1.913417161825449 -61.61939766255644 -1.3500000000000005
      vertex -1.250033024294105 -58.87080662768073 -1.3500000000000005
      vertex -1.5909902576697321 -58.59099025766973 -1.3500000000000005
    endloop
  endfacet
  facet normal 0 0 1
    outer loop
      vertex -0.9754516100806412 -61.903926402016154 -1.3500000000000005
      vertex -0.43895322453628854 -59.20676688090727 -1.3500000000000005
      vertex -0.861037722821452 -59.07872894815039 -1.3500000000000005
    endloop
  endfacet
  facet normal 0 0 1
    outer loop
      vertex -0.9754516100806412 -61.903926402016154 -1.3500000000000005
      vertex 0 -59.25 -1.3500000000000005
      vertex -0.43895322453628854 -59.20676688090727 -1.3500000000000005
    endloop
  endfacet
  facet normal 0 0 1
    outer loop
      vertex -3.5355339059327378 -60.53553390593274 -1.3500000000000005
      vertex -2.777851165098011 -61.15734806151273 -1.3500000000000005
      vertex -2.777851165098011 -52.84265193848727 -1.3500000000000005
    endloop
  endfacet
  facet normal 0 0 1
    outer loop
      vertex -2.777851165098011 -61.15734806151273 -1.3500000000000005
      vertex -1.8708066276807267 -58.250033024294105 -1.3500000000000005
      vertex -2.078728948150395 -57.86103772282145 -1.3500000000000005
    endloop
  endfacet
  facet normal 0 0 1
    outer loop
      vertex -2.777851165098011 -61.15734806151273 -1.3500000000000005
      vertex -2.078728948150395 -57.86103772282145 -1.3500000000000005
      vertex -2.2067668809072685 -57.43895322453629 -1.3500000000000005
    endloop
  endfacet
  facet normal 0 0 1
    outer loop
      vertex -2.777851165098011 -61.15734806151273 -1.3500000000000005
      vertex -2.2067668809072685 -57.43895322453629 -1.3500000000000005
      vertex -2.25 -57 -1.3500000000000005
    endloop
  endfacet
  facet normal 0 0 1
    outer loop
      vertex -2.777851165098011 -61.15734806151273 -1.3500000000000005
      vertex -2.25 -57 -1.3500000000000005
      vertex -1.913417161825449 -52.38060233744356 -1.3500000000000005
    endloop
  endfacet
  facet normal 0 0 1
    outer loop
      vertex -4.619397662556434 -58.91341716182545 -1.3500000000000005
      vertex -4.157348061512726 -54.222148834901986 -1.3500000000000005
      vertex -4.619397662556434 -55.08658283817455 -1.3500000000000005
    endloop
  endfacet
  facet normal 0 0 1
    outer loop
      vertex -4.157348061512726 -59.777851165098014 -1.3500000000000005
      vertex -3.5355339059327378 -53.46446609406726 -1.3500000000000005
      vertex -4.157348061512726 -54.222148834901986 -1.3500000000000005
    endloop
  endfacet
  facet normal 0 0 1
    outer loop
      vertex -3.5355339059327378 -60.53553390593274 -1.3500000000000005
      vertex -2.777851165098011 -52.84265193848727 -1.3500000000000005
      vertex -3.5355339059327378 -53.46446609406726 -1.3500000000000005
    endloop
  endfacet
  facet normal 0 0 1
    outer loop
      vertex -2.777851165098011 -61.15734806151273 -1.3500000000000005
      vertex -1.913417161825449 -52.38060233744356 -1.3500000000000005
      vertex -2.777851165098011 -52.84265193848727 -1.3500000000000005
    endloop
  endfacet
  facet normal 0 0 1
    outer loop
      vertex -2.25 -57 -1.3500000000000005
      vertex -2.2067668809072685 -56.56104677546371 -1.3500000000000005
      vertex -1.913417161825449 -52.38060233744356 -1.3500000000000005
    endloop
  endfacet
  facet normal 0 0 1
    outer loop
      vertex -2.2067668809072685 -56.56104677546371 -1.3500000000000005
      vertex -2.078728948150395 -56.13896227717855 -1.3500000000000005
      vertex -1.913417161825449 -52.38060233744356 -1.3500000000000005
    endloop
  endfacet
  facet normal 0 0 1
    outer loop
      vertex -2.078728948150395 -56.13896227717855 -1.3500000000000005
      vertex -1.8708066276807267 -55.749966975705895 -1.3500000000000005
      vertex -1.913417161825449 -52.38060233744356 -1.3500000000000005
    endloop
  endfacet
  facet normal 0 0 1
    outer loop
      vertex -1.8708066276807267 -55.749966975705895 -1.3500000000000005
      vertex -1.5909902576697321 -55.40900974233027 -1.3500000000000005
      vertex -1.913417161825449 -52.38060233744356 -1.3500000000000005
    endloop
  endfacet
  facet normal 0 0 1
    outer loop
      vertex -1.5909902576697321 -55.40900974233027 -1.3500000000000005
      vertex -1.250033024294105 -55.12919337231927 -1.3500000000000005
      vertex -0.9754516100806412 -52.096073597983846 -1.3500000000000005
    endloop
  endfacet
  facet normal 0 0 1
    outer loop
      vertex -1.250033024294105 -55.12919337231927 -1.3500000000000005
      vertex -0.861037722821452 -54.92127105184961 -1.3500000000000005
      vertex -0.9754516100806412 -52.096073597983846 -1.3500000000000005
    endloop
  endfacet
  facet normal 0 0 1
    outer loop
      vertex -1.5909902576697321 -55.40900974233027 -1.3500000000000005
      vertex -0.9754516100806412 -52.096073597983846 -1.3500000000000005
      vertex -1.913417161825449 -52.38060233744356 -1.3500000000000005
    endloop
  endfacet
  facet normal 0 0 1
    outer loop
      vertex -0.861037722821452 -54.92127105184961 -1.3500000000000005
      vertex -0.43895322453628854 -54.79323311909273 -1.3500000000000005
      vertex -0.9754516100806412 -52.096073597983846 -1.3500000000000005
    endloop
  endfacet
  facet normal 0 0 1
    outer loop
      vertex -0.43895322453628854 -54.79323311909273 -1.3500000000000005
      vertex 0 -54.75 -1.3500000000000005
      vertex 0 -52 -1.3500000000000005
    endloop
  endfacet
  facet normal 0 0 1
    outer loop
      vertex -0.43895322453628854 -54.79323311909273 -1.3500000000000005
      vertex 0 -52 -1.3500000000000005
      vertex -0.9754516100806412 -52.096073597983846 -1.3500000000000005
    endloop
  endfacet
  facet normal 0.7730104533627361 0.6343932841636467 0
    outer loop
      vertex -4.157348061512726 -59.777851165098014 -1.3500000000000005
      vertex -4.157348061512726 -59.777851165098014 6.35
      vertex -3.5355339059327378 -60.53553390593274 -1.3500000000000005
    endloop
  endfacet
  facet normal 0.8819212643483554 0.47139673682599714 0
    outer loop
      vertex -4.157348061512726 -59.777851165098014 -1.3500000000000005
      vertex -4.619397662556434 -58.91341716182545 -1.3500000000000005
      vertex -4.619397662556434 -58.91341716182545 6.35
    endloop
  endfacet
  facet normal 0.956940335732209 0.29028467725446144 0
    outer loop
      vertex -4.619397662556434 -58.91341716182545 -1.3500000000000005
      vertex -4.903926402016152 -57.97545161008064 -1.3500000000000005
      vertex -4.903926402016152 -57.97545161008064 6.35
    endloop
  endfacet
  facet normal 0.9951847266721968 0.09801714032956084 0
    outer loop
      vertex -4.903926402016152 -57.97545161008064 -1.3500000000000005
      vertex -5 -57 -1.3500000000000005
      vertex -5 -57 6.35
    endloop
  endfacet
  facet normal 0.9951847266721968 -0.09801714032956084 0
    outer loop
      vertex -5 -57 -1.3500000000000005
      vertex -4.903926402016152 -56.02454838991936 -1.3500000000000005
      vertex -4.903926402016152 -56.02454838991936 6.35
    endloop
  endfacet
  facet normal 0.47139673682599925 0.8819212643483542 0
    outer loop
      vertex -2.777851165098011 -61.15734806151273 -1.3500000000000005
      vertex -2.777851165098011 -61.15734806151273 6.35
      vertex -1.913417161825449 -61.61939766255644 -1.3500000000000005
    endloop
  endfacet
  facet normal 0.6343932841636464 0.7730104533627362 0
    outer loop
      vertex -3.5355339059327378 -60.53553390593274 -1.3500000000000005
      vertex -3.5355339059327378 -60.53553390593274 6.35
      vertex -2.777851165098011 -61.15734806151273 -1.3500000000000005
    endloop
  endfacet
  facet normal 0.29028467725446044 0.9569403357322094 0
    outer loop
      vertex -1.913417161825449 -61.61939766255644 -1.3500000000000005
      vertex -1.913417161825449 -61.61939766255644 6.35
      vertex -0.9754516100806412 -61.903926402016154 -1.3500000000000005
    endloop
  endfacet
  facet normal 0.09801714032955892 0.9951847266721972 0
    outer loop
      vertex -0.9754516100806412 -61.903926402016154 -1.3500000000000005
      vertex -0.9754516100806412 -61.903926402016154 6.35
      vertex 0 -62 -1.3500000000000005
    endloop
  endfacet
  facet normal 0.956940335732209 -0.29028467725446144 0
    outer loop
      vertex -4.903926402016152 -56.02454838991936 -1.3500000000000005
      vertex -4.619397662556434 -55.08658283817455 -1.3500000000000005
      vertex -4.619397662556434 -55.08658283817455 6.35
    endloop
  endfacet
  facet normal 0.8819212643483554 -0.47139673682599714 0
    outer loop
      vertex -4.619397662556434 -55.08658283817455 -1.3500000000000005
      vertex -4.157348061512726 -54.222148834901986 -1.3500000000000005
      vertex -4.157348061512726 -54.222148834901986 6.35
    endloop
  endfacet
  facet normal 0.7730104533627361 -0.6343932841636467 0
    outer loop
      vertex -4.157348061512726 -54.222148834901986 -1.3500000000000005
      vertex -3.5355339059327378 -53.46446609406726 -1.3500000000000005
      vertex -3.5355339059327378 -53.46446609406726 6.35
    endloop
  endfacet
  facet normal 0.6343932841636464 -0.7730104533627362 0
    outer loop
      vertex -3.5355339059327378 -53.46446609406726 -1.3500000000000005
      vertex -2.777851165098011 -52.84265193848727 -1.3500000000000005
      vertex -2.777851165098011 -52.84265193848727 6.35
    endloop
  endfacet
  facet normal 0.47139673682599925 -0.8819212643483542 0
    outer loop
      vertex -2.777851165098011 -52.84265193848727 -1.3500000000000005
      vertex -1.913417161825449 -52.38060233744356 -1.3500000000000005
      vertex -1.913417161825449 -52.38060233744356 6.35
    endloop
  endfacet
  facet normal 0.29028467725446044 -0.9569403357322094 0
    outer loop
      vertex -1.913417161825449 -52.38060233744356 -1.3500000000000005
      vertex -0.9754516100806412 -52.096073597983846 -1.3500000000000005
      vertex -0.9754516100806412 -52.096073597983846 6.35
    endloop
  endfacet
  facet normal 0.09801714032955892 -0.9951847266721972 0
    outer loop
      vertex -0.9754516100806412 -52.096073597983846 -1.3500000000000005
      vertex 0 -52 -1.3500000000000005
      vertex 0 -52 6.35
    endloop
  endfacet
  facet normal 0.8819212643483554 0.47139673682599714 0
    outer loop
      vertex -4.157348061512726 -59.777851165098014 -1.3500000000000005
      vertex -4.619397662556434 -58.91341716182545 6.35
      vertex -4.157348061512726 -59.777851165098014 6.35
    endloop
  endfacet
  facet normal 0.7730104533627361 0.6343932841636467 0
    outer loop
      vertex -3.5355339059327378 -60.53553390593274 -1.3500000000000005
      vertex -4.157348061512726 -59.777851165098014 6.35
      vertex -3.5355339059327378 -60.53553390593274 6.35
    endloop
  endfacet
  facet normal 0.956940335732209 0.29028467725446144 0
    outer loop
      vertex -4.619397662556434 -58.91341716182545 -1.3500000000000005
      vertex -4.903926402016152 -57.97545161008064 6.35
      vertex -4.619397662556434 -58.91341716182545 6.35
    endloop
  endfacet
  facet normal 0.9951847266721968 0.09801714032956084 0
    outer loop
      vertex -4.903926402016152 -57.97545161008064 -1.3500000000000005
      vertex -5 -57 6.35
      vertex -4.903926402016152 -57.97545161008064 6.35
    endloop
  endfacet
  facet normal 0.9951847266721968 -0.09801714032956084 0
    outer loop
      vertex -5 -57 -1.3500000000000005
      vertex -4.903926402016152 -56.02454838991936 6.35
      vertex -5 -57 6.35
    endloop
  endfacet
  facet normal 0.6343932841636464 0.7730104533627362 0
    outer loop
      vertex -2.777851165098011 -61.15734806151273 -1.3500000000000005
      vertex -3.5355339059327378 -60.53553390593274 6.35
      vertex -2.777851165098011 -61.15734806151273 6.35
    endloop
  endfacet
  facet normal 0.47139673682599925 0.8819212643483542 0
    outer loop
      vertex -1.913417161825449 -61.61939766255644 -1.3500000000000005
      vertex -2.777851165098011 -61.15734806151273 6.35
      vertex -1.913417161825449 -61.61939766255644 6.35
    endloop
  endfacet
  facet normal 0.29028467725446044 0.9569403357322094 0
    outer loop
      vertex -0.9754516100806412 -61.903926402016154 -1.3500000000000005
      vertex -1.913417161825449 -61.61939766255644 6.35
      vertex -0.9754516100806412 -61.903926402016154 6.35
    endloop
  endfacet
  facet normal 0.09801714032955892 0.9951847266721972 0
    outer loop
      vertex 0 -62 -1.3500000000000005
      vertex -0.9754516100806412 -61.903926402016154 6.35
      vertex 0 -62 6.35
    endloop
  endfacet
  facet normal 0.956940335732209 -0.29028467725446144 0
    outer loop
      vertex -4.903926402016152 -56.02454838991936 -1.3500000000000005
      vertex -4.619397662556434 -55.08658283817455 6.35
      vertex -4.903926402016152 -56.02454838991936 6.35
    endloop
  endfacet
  facet normal 0.8819212643483554 -0.47139673682599714 0
    outer loop
      vertex -4.619397662556434 -55.08658283817455 -1.3500000000000005
      vertex -4.157348061512726 -54.222148834901986 6.35
      vertex -4.619397662556434 -55.08658283817455 6.35
    endloop
  endfacet
  facet normal 0.7730104533627361 -0.6343932841636467 0
    outer loop
      vertex -4.157348061512726 -54.222148834901986 -1.3500000000000005
      vertex -3.5355339059327378 -53.46446609406726 6.35
      vertex -4.157348061512726 -54.222148834901986 6.35
    endloop
  endfacet
  facet normal 0.6343932841636464 -0.7730104533627362 0
    outer loop
      vertex -3.5355339059327378 -53.46446609406726 -1.3500000000000005
      vertex -2.777851165098011 -52.84265193848727 6.35
      vertex -3.5355339059327378 -53.46446609406726 6.35
    endloop
  endfacet
  facet normal 0.47139673682599925 -0.8819212643483542 0
    outer loop
      vertex -2.777851165098011 -52.84265193848727 -1.3500000000000005
      vertex -1.913417161825449 -52.38060233744356 6.35
      vertex -2.777851165098011 -52.84265193848727 6.35
    endloop
  endfacet
  facet normal 0.29028467725446044 -0.9569403357322094 0
    outer loop
      vertex -1.913417161825449 -52.38060233744356 -1.3500000000000005
      vertex -0.9754516100806412 -52.096073597983846 6.35
      vertex -1.913417161825449 -52.38060233744356 6.35
    endloop
  endfacet
  facet normal 0.09801714032955892 -0.9951847266721972 0
    outer loop
      vertex -0.9754516100806412 -52.096073597983846 -1.3500000000000005
      vertex 0 -52 6.35
      vertex -0.9754516100806412 -52.096073597983846 6.35
    endloop
  endfacet
  facet normal 0 0 1
    outer loop
      vertex 0 -62 -1.3500000000000005
      vertex 0.9754516100806412 -61.903926402016154 -1.3500000000000005
      vertex 0.43895322453628854 -59.20676688090727 -1.3500000000000005
    endloop
  endfacet
  facet normal 0 0 1
    outer loop
      vertex 0 -62 -1.3500000000000005
      vertex 0.43895322453628854 -59.20676688090727 -1.3500000000000005
      vertex 0 -59.25 -1.3500000000000005
    endloop
  endfacet
  facet normal 0 0 1
    outer loop
      vertex 0.9754516100806412 -61.903926402016154 -1.3500000000000005
      vertex 0.861037722821452 -59.07872894815039 -1.3500000000000005
      vertex 0.43895322453628854 -59.20676688090727 -1.3500000000000005
    endloop
  endfacet
  facet normal 0 0 1
    outer loop
      vertex 0.9754516100806412 -61.903926402016154 -1.3500000000000005
      vertex 1.913417161825449 -61.61939766255644 -1.3500000000000005
      vertex 1.5909902576697321 -58.59099025766973 -1.3500000000000005
    endloop
  endfacet
  facet normal 0 0 1
    outer loop
      vertex 0.9754516100806412 -61.903926402016154 -1.3500000000000005
      vertex 1.250033024294105 -58.87080662768073 -1.3500000000000005
      vertex 0.861037722821452 -59.07872894815039 -1.3500000000000005
    endloop
  endfacet
  facet normal 0 0 1
    outer loop
      vertex 0.9754516100806412 -61.903926402016154 -1.3500000000000005
      vertex 1.5909902576697321 -58.59099025766973 -1.3500000000000005
      vertex 1.250033024294105 -58.87080662768073 -1.3500000000000005
    endloop
  endfacet
  facet normal 0 0 1
    outer loop
      vertex 1.913417161825449 -61.61939766255644 -1.3500000000000005
      vertex 1.8708066276807267 -58.250033024294105 -1.3500000000000005
      vertex 1.5909902576697321 -58.59099025766973 -1.3500000000000005
    endloop
  endfacet
  facet normal 0 0 1
    outer loop
      vertex 1.913417161825449 -61.61939766255644 -1.3500000000000005
      vertex 2.078728948150395 -57.86103772282145 -1.3500000000000005
      vertex 1.8708066276807267 -58.250033024294105 -1.3500000000000005
    endloop
  endfacet
  facet normal 0 0 1
    outer loop
      vertex 1.913417161825449 -61.61939766255644 -1.3500000000000005
      vertex 2.2067668809072685 -57.43895322453629 -1.3500000000000005
      vertex 2.078728948150395 -57.86103772282145 -1.3500000000000005
    endloop
  endfacet
  facet normal 0 0 1
    outer loop
      vertex 1.913417161825449 -61.61939766255644 -1.3500000000000005
      vertex 2.25 -57 -1.3500000000000005
      vertex 2.2067668809072685 -57.43895322453629 -1.3500000000000005
    endloop
  endfacet
  facet normal 0 0 1
    outer loop
      vertex 1.913417161825449 -61.61939766255644 -1.3500000000000005
      vertex 2.777851165098011 -61.15734806151273 -1.3500000000000005
      vertex 2.777851165098011 -52.84265193848727 -1.3500000000000005
    endloop
  endfacet
  facet normal 0 0 1
    outer loop
      vertex 2.777851165098011 -61.15734806151273 -1.3500000000000005
      vertex 3.5355339059327378 -60.53553390593274 -1.3500000000000005
      vertex 3.5355339059327378 -53.46446609406726 -1.3500000000000005
    endloop
  endfacet
  facet normal 0 0 1
    outer loop
      vertex 1.913417161825449 -61.61939766255644 -1.3500000000000005
      vertex 2.777851165098011 -52.84265193848727 -1.3500000000000005
      vertex 2.25 -57 -1.3500000000000005
    endloop
  endfacet
  facet normal 0 0 1
    outer loop
      vertex 3.5355339059327378 -60.53553390593274 -1.3500000000000005
      vertex 4.157348061512726 -59.777851165098014 -1.3500000000000005
      vertex 4.157348061512726 -54.222148834901986 -1.3500000000000005
    endloop
  endfacet
  facet normal 0 0 1
    outer loop
      vertex 4.157348061512726 -59.777851165098014 -1.3500000000000005
      vertex 4.619397662556434 -58.91341716182545 -1.3500000000000005
      vertex 4.619397662556434 -55.08658283817455 -1.3500000000000005
    endloop
  endfacet
  facet normal 0 0 1
    outer loop
      vertex 4.619397662556434 -58.91341716182545 -1.3500000000000005
      vertex 4.903926402016152 -57.97545161008064 -1.3500000000000005
      vertex 4.903926402016152 -56.02454838991936 -1.3500000000000005
    endloop
  endfacet
  facet normal 0 0 1
    outer loop
      vertex 4.619397662556434 -58.91341716182545 -1.3500000000000005
      vertex 4.903926402016152 -56.02454838991936 -1.3500000000000005
      vertex 4.619397662556434 -55.08658283817455 -1.3500000000000005
    endloop
  endfacet
  facet normal 0 0 1
    outer loop
      vertex 4.157348061512726 -59.777851165098014 -1.3500000000000005
      vertex 4.619397662556434 -55.08658283817455 -1.3500000000000005
      vertex 4.157348061512726 -54.222148834901986 -1.3500000000000005
    endloop
  endfacet
  facet normal 0 0 1
    outer loop
      vertex 4.903926402016152 -57.97545161008064 -1.3500000000000005
      vertex 5 -57 -1.3500000000000005
      vertex 4.903926402016152 -56.02454838991936 -1.3500000000000005
    endloop
  endfacet
  facet normal 0 0 1
    outer loop
      vertex 0.43895322453628854 -54.79323311909273 -1.3500000000000005
      vertex 0.861037722821452 -54.92127105184961 -1.3500000000000005
      vertex 0.9754516100806412 -52.096073597983846 -1.3500000000000005
    endloop
  endfacet
  facet normal 0 0 1
    outer loop
      vertex 0 -54.75 -1.3500000000000005
      vertex 0.43895322453628854 -54.79323311909273 -1.3500000000000005
      vertex 0.9754516100806412 -52.096073597983846 -1.3500000000000005
    endloop
  endfacet
  facet normal 0 0 1
    outer loop
      vertex 1.250033024294105 -55.12919337231927 -1.3500000000000005
      vertex 1.5909902576697321 -55.40900974233027 -1.3500000000000005
      vertex 1.913417161825449 -52.38060233744356 -1.3500000000000005
    endloop
  endfacet
  facet normal 0 0 1
    outer loop
      vertex 0.861037722821452 -54.92127105184961 -1.3500000000000005
      vertex 1.250033024294105 -55.12919337231927 -1.3500000000000005
      vertex 1.913417161825449 -52.38060233744356 -1.3500000000000005
    endloop
  endfacet
  facet normal 0 0 1
    outer loop
      vertex 0.861037722821452 -54.92127105184961 -1.3500000000000005
      vertex 1.913417161825449 -52.38060233744356 -1.3500000000000005
      vertex 0.9754516100806412 -52.096073597983846 -1.3500000000000005
    endloop
  endfacet
  facet normal 0 0 1
    outer loop
      vertex 2.078728948150395 -56.13896227717855 -1.3500000000000005
      vertex 2.2067668809072685 -56.56104677546371 -1.3500000000000005
      vertex 2.777851165098011 -52.84265193848727 -1.3500000000000005
    endloop
  endfacet
  facet normal 0 0 1
    outer loop
      vertex 2.25 -57 -1.3500000000000005
      vertex 2.777851165098011 -52.84265193848727 -1.3500000000000005
      vertex 2.2067668809072685 -56.56104677546371 -1.3500000000000005
    endloop
  endfacet
  facet normal 0 0 1
    outer loop
      vertex 2.078728948150395 -56.13896227717855 -1.3500000000000005
      vertex 2.777851165098011 -52.84265193848727 -1.3500000000000005
      vertex 1.8708066276807267 -55.749966975705895 -1.3500000000000005
    endloop
  endfacet
  facet normal 0 0 1
    outer loop
      vertex 2.777851165098011 -61.15734806151273 -1.3500000000000005
      vertex 3.5355339059327378 -53.46446609406726 -1.3500000000000005
      vertex 2.777851165098011 -52.84265193848727 -1.3500000000000005
    endloop
  endfacet
  facet normal 0 0 1
    outer loop
      vertex 1.5909902576697321 -55.40900974233027 -1.3500000000000005
      vertex 1.8708066276807267 -55.749966975705895 -1.3500000000000005
      vertex 1.913417161825449 -52.38060233744356 -1.3500000000000005
    endloop
  endfacet
  facet normal 0 0 1
    outer loop
      vertex 1.8708066276807267 -55.749966975705895 -1.3500000000000005
      vertex 2.777851165098011 -52.84265193848727 -1.3500000000000005
      vertex 1.913417161825449 -52.38060233744356 -1.3500000000000005
    endloop
  endfacet
  facet normal 0 0 1
    outer loop
      vertex 0 -54.75 -1.3500000000000005
      vertex 0.9754516100806412 -52.096073597983846 -1.3500000000000005
      vertex 0 -52 -1.3500000000000005
    endloop
  endfacet
  facet normal 0 0 1
    outer loop
      vertex 3.5355339059327378 -60.53553390593274 -1.3500000000000005
      vertex 4.157348061512726 -54.222148834901986 -1.3500000000000005
      vertex 3.5355339059327378 -53.46446609406726 -1.3500000000000005
    endloop
  endfacet
  facet normal -0.09801714032955892 0.9951847266721972 0
    outer loop
      vertex 0 -62 -1.3500000000000005
      vertex 0 -62 6.35
      vertex 0.9754516100806412 -61.903926402016154 -1.3500000000000005
    endloop
  endfacet
  facet normal -0.29028467725446044 0.9569403357322094 0
    outer loop
      vertex 0.9754516100806412 -61.903926402016154 -1.3500000000000005
      vertex 0.9754516100806412 -61.903926402016154 6.35
      vertex 1.913417161825449 -61.61939766255644 -1.3500000000000005
    endloop
  endfacet
  facet normal -0.47139673682599925 0.8819212643483542 0
    outer loop
      vertex 1.913417161825449 -61.61939766255644 -1.3500000000000005
      vertex 1.913417161825449 -61.61939766255644 6.35
      vertex 2.777851165098011 -61.15734806151273 -1.3500000000000005
    endloop
  endfacet
  facet normal -0.6343932841636464 0.7730104533627362 0
    outer loop
      vertex 2.777851165098011 -61.15734806151273 -1.3500000000000005
      vertex 2.777851165098011 -61.15734806151273 6.35
      vertex 3.5355339059327378 -60.53553390593274 -1.3500000000000005
    endloop
  endfacet
  facet normal -0.7730104533627361 0.6343932841636467 0
    outer loop
      vertex 3.5355339059327378 -60.53553390593274 -1.3500000000000005
      vertex 3.5355339059327378 -60.53553390593274 6.35
      vertex 4.157348061512726 -59.777851165098014 -1.3500000000000005
    endloop
  endfacet
  facet normal -0.8819212643483554 0.47139673682599714 0
    outer loop
      vertex 4.157348061512726 -59.777851165098014 -1.3500000000000005
      vertex 4.157348061512726 -59.777851165098014 6.35
      vertex 4.619397662556434 -58.91341716182545 -1.3500000000000005
    endloop
  endfacet
  facet normal -0.956940335732209 0.29028467725446144 0
    outer loop
      vertex 4.619397662556434 -58.91341716182545 -1.3500000000000005
      vertex 4.619397662556434 -58.91341716182545 6.35
      vertex 4.903926402016152 -57.97545161008064 -1.3500000000000005
    endloop
  endfacet
  facet normal -0.9951847266721968 0.09801714032956084 0
    outer loop
      vertex 4.903926402016152 -57.97545161008064 -1.3500000000000005
      vertex 4.903926402016152 -57.97545161008064 6.35
      vertex 5 -57 -1.3500000000000005
    endloop
  endfacet
  facet normal -0.9951847266721968 -0.09801714032956084 0
    outer loop
      vertex 5 -57 -1.3500000000000005
      vertex 5 -57 6.35
      vertex 4.903926402016152 -56.02454838991936 -1.3500000000000005
    endloop
  endfacet
  facet normal -0.6343932841636464 -0.7730104533627362 0
    outer loop
      vertex 2.777851165098011 -52.84265193848727 -1.3500000000000005
      vertex 3.5355339059327378 -53.46446609406726 -1.3500000000000005
      vertex 3.5355339059327378 -53.46446609406726 6.35
    endloop
  endfacet
  facet normal -0.09801714032955892 -0.9951847266721972 0
    outer loop
      vertex 0 -52 -1.3500000000000005
      vertex 0.9754516100806412 -52.096073597983846 -1.3500000000000005
      vertex 0.9754516100806412 -52.096073597983846 6.35
    endloop
  endfacet
  facet normal -0.29028467725446044 -0.9569403357322094 0
    outer loop
      vertex 0.9754516100806412 -52.096073597983846 -1.3500000000000005
      vertex 1.913417161825449 -52.38060233744356 -1.3500000000000005
      vertex 1.913417161825449 -52.38060233744356 6.35
    endloop
  endfacet
  facet normal -0.47139673682599925 -0.8819212643483542 0
    outer loop
      vertex 2.777851165098011 -52.84265193848727 -1.3500000000000005
      vertex 2.777851165098011 -52.84265193848727 6.35
      vertex 1.913417161825449 -52.38060233744356 -1.3500000000000005
    endloop
  endfacet
  facet normal -0.956940335732209 -0.29028467725446144 0
    outer loop
      vertex 4.903926402016152 -56.02454838991936 -1.3500000000000005
      vertex 4.903926402016152 -56.02454838991936 6.35
      vertex 4.619397662556434 -55.08658283817455 -1.3500000000000005
    endloop
  endfacet
  facet normal -0.8819212643483554 -0.47139673682599714 0
    outer loop
      vertex 4.157348061512726 -54.222148834901986 -1.3500000000000005
      vertex 4.619397662556434 -55.08658283817455 -1.3500000000000005
      vertex 4.619397662556434 -55.08658283817455 6.35
    endloop
  endfacet
  facet normal -0.7730104533627361 -0.6343932841636467 0
    outer loop
      vertex 4.157348061512726 -54.222148834901986 -1.3500000000000005
      vertex 4.157348061512726 -54.222148834901986 6.35
      vertex 3.5355339059327378 -53.46446609406726 -1.3500000000000005
    endloop
  endfacet
  facet normal -0.09801714032955892 0.9951847266721972 0
    outer loop
      vertex 0.9754516100806412 -61.903926402016154 -1.3500000000000005
      vertex 0 -62 6.35
      vertex 0.9754516100806412 -61.903926402016154 6.35
    endloop
  endfacet
  facet normal -0.29028467725446044 0.9569403357322094 0
    outer loop
      vertex 1.913417161825449 -61.61939766255644 -1.3500000000000005
      vertex 0.9754516100806412 -61.903926402016154 6.35
      vertex 1.913417161825449 -61.61939766255644 6.35
    endloop
  endfacet
  facet normal -0.47139673682599925 0.8819212643483542 0
    outer loop
      vertex 2.777851165098011 -61.15734806151273 -1.3500000000000005
      vertex 1.913417161825449 -61.61939766255644 6.35
      vertex 2.777851165098011 -61.15734806151273 6.35
    endloop
  endfacet
  facet normal -0.6343932841636464 0.7730104533627362 0
    outer loop
      vertex 3.5355339059327378 -60.53553390593274 -1.3500000000000005
      vertex 2.777851165098011 -61.15734806151273 6.35
      vertex 3.5355339059327378 -60.53553390593274 6.35
    endloop
  endfacet
  facet normal -0.7730104533627361 0.6343932841636467 0
    outer loop
      vertex 4.157348061512726 -59.777851165098014 -1.3500000000000005
      vertex 3.5355339059327378 -60.53553390593274 6.35
      vertex 4.157348061512726 -59.777851165098014 6.35
    endloop
  endfacet
  facet normal -0.8819212643483554 0.47139673682599714 0
    outer loop
      vertex 4.619397662556434 -58.91341716182545 -1.3500000000000005
      vertex 4.157348061512726 -59.777851165098014 6.35
      vertex 4.619397662556434 -58.91341716182545 6.35
    endloop
  endfacet
  facet normal -0.956940335732209 0.29028467725446144 0
    outer loop
      vertex 4.903926402016152 -57.97545161008064 -1.3500000000000005
      vertex 4.619397662556434 -58.91341716182545 6.35
      vertex 4.903926402016152 -57.97545161008064 6.35
    endloop
  endfacet
  facet normal -0.9951847266721968 0.09801714032956084 0
    outer loop
      vertex 5 -57 -1.3500000000000005
      vertex 4.903926402016152 -57.97545161008064 6.35
      vertex 5 -57 6.35
    endloop
  endfacet
  facet normal -0.9951847266721968 -0.09801714032956084 0
    outer loop
      vertex 4.903926402016152 -56.02454838991936 -1.3500000000000005
      vertex 5 -57 6.35
      vertex 4.903926402016152 -56.02454838991936 6.35
    endloop
  endfacet
  facet normal -0.09801714032955892 -0.9951847266721972 0
    outer loop
      vertex 0 -52 -1.3500000000000005
      vertex 0.9754516100806412 -52.096073597983846 6.35
      vertex 0 -52 6.35
    endloop
  endfacet
  facet normal -0.29028467725446044 -0.9569403357322094 0
    outer loop
      vertex 0.9754516100806412 -52.096073597983846 -1.3500000000000005
      vertex 1.913417161825449 -52.38060233744356 6.35
      vertex 0.9754516100806412 -52.096073597983846 6.35
    endloop
  endfacet
  facet normal -0.47139673682599925 -0.8819212643483542 0
    outer loop
      vertex 1.913417161825449 -52.38060233744356 -1.3500000000000005
      vertex 2.777851165098011 -52.84265193848727 6.35
      vertex 1.913417161825449 -52.38060233744356 6.35
    endloop
  endfacet
  facet normal -0.6343932841636464 -0.7730104533627362 0
    outer loop
      vertex 2.777851165098011 -52.84265193848727 -1.3500000000000005
      vertex 3.5355339059327378 -53.46446609406726 6.35
      vertex 2.777851165098011 -52.84265193848727 6.35
    endloop
  endfacet
  facet normal -0.956940335732209 -0.29028467725446144 0
    outer loop
      vertex 4.619397662556434 -55.08658283817455 -1.3500000000000005
      vertex 4.903926402016152 -56.02454838991936 6.35
      vertex 4.619397662556434 -55.08658283817455 6.35
    endloop
  endfacet
  facet normal -0.7730104533627361 -0.6343932841636467 0
    outer loop
      vertex 3.5355339059327378 -53.46446609406726 -1.3500000000000005
      vertex 4.157348061512726 -54.222148834901986 6.35
      vertex 3.5355339059327378 -53.46446609406726 6.35
    endloop
  endfacet
  facet normal -0.8819212643483554 -0.47139673682599714 0
    outer loop
      vertex 4.157348061512726 -54.222148834901986 -1.3500000000000005
      vertex 4.619397662556434 -55.08658283817455 6.35
      vertex 4.157348061512726 -54.222148834901986 6.35
    endloop
  endfacet
  facet normal 0 0 1
    outer loop
      vertex -3.5355339059327378 53.46446609406726 -1.3500000000000005
      vertex -3.5355339059327378 60.53553390593274 -1.3500000000000005
      vertex -4.157348061512726 54.222148834901986 -1.3500000000000005
    endloop
  endfacet
  facet normal 0 0 1
    outer loop
      vertex -0.9754516100806412 52.096073597983846 -1.3500000000000005
      vertex 0 52 -1.3500000000000005
      vertex 0 54.75 -1.3500000000000005
    endloop
  endfacet
  facet normal 0 0 1
    outer loop
      vertex -1.913417161825449 52.38060233744356 -1.3500000000000005
      vertex -1.8708066276807267 55.749966975705895 -1.3500000000000005
      vertex -2.777851165098011 52.84265193848727 -1.3500000000000005
    endloop
  endfacet
  facet normal 0 0 1
    outer loop
      vertex -1.913417161825449 52.38060233744356 -1.3500000000000005
      vertex -1.5909902576697321 55.40900974233027 -1.3500000000000005
      vertex -1.8708066276807267 55.749966975705895 -1.3500000000000005
    endloop
  endfacet
  facet normal 0 0 1
    outer loop
      vertex -3.5355339059327378 53.46446609406726 -1.3500000000000005
      vertex -2.777851165098011 52.84265193848727 -1.3500000000000005
      vertex -2.777851165098011 61.15734806151273 -1.3500000000000005
    endloop
  endfacet
  facet normal 0 0 1
    outer loop
      vertex -2.777851165098011 52.84265193848727 -1.3500000000000005
      vertex -1.8708066276807267 55.749966975705895 -1.3500000000000005
      vertex -2.078728948150395 56.13896227717855 -1.3500000000000005
    endloop
  endfacet
  facet normal 0 0 1
    outer loop
      vertex -2.777851165098011 52.84265193848727 -1.3500000000000005
      vertex -2.2067668809072685 56.56104677546371 -1.3500000000000005
      vertex -2.25 57 -1.3500000000000005
    endloop
  endfacet
  facet normal 0 0 1
    outer loop
      vertex -2.777851165098011 52.84265193848727 -1.3500000000000005
      vertex -2.078728948150395 56.13896227717855 -1.3500000000000005
      vertex -2.2067668809072685 56.56104677546371 -1.3500000000000005
    endloop
  endfacet
  facet normal 0 0 1
    outer loop
      vertex -1.913417161825449 52.38060233744356 -1.3500000000000005
      vertex -0.9754516100806412 52.096073597983846 -1.3500000000000005
      vertex -0.861037722821452 54.92127105184961 -1.3500000000000005
    endloop
  endfacet
  facet normal 0 0 1
    outer loop
      vertex -1.913417161825449 52.38060233744356 -1.3500000000000005
      vertex -0.861037722821452 54.92127105184961 -1.3500000000000005
      vertex -1.250033024294105 55.12919337231927 -1.3500000000000005
    endloop
  endfacet
  facet normal 0 0 1
    outer loop
      vertex -1.913417161825449 52.38060233744356 -1.3500000000000005
      vertex -1.250033024294105 55.12919337231927 -1.3500000000000005
      vertex -1.5909902576697321 55.40900974233027 -1.3500000000000005
    endloop
  endfacet
  facet normal 0 0 1
    outer loop
      vertex -0.9754516100806412 52.096073597983846 -1.3500000000000005
      vertex 0 54.75 -1.3500000000000005
      vertex -0.43895322453628854 54.79323311909273 -1.3500000000000005
    endloop
  endfacet
  facet normal 0 0 1
    outer loop
      vertex -0.9754516100806412 52.096073597983846 -1.3500000000000005
      vertex -0.43895322453628854 54.79323311909273 -1.3500000000000005
      vertex -0.861037722821452 54.92127105184961 -1.3500000000000005
    endloop
  endfacet
  facet normal 0 0 1
    outer loop
      vertex -4.903926402016152 56.02454838991936 -1.3500000000000005
      vertex -4.903926402016152 57.97545161008064 -1.3500000000000005
      vertex -5 57 -1.3500000000000005
    endloop
  endfacet
  facet normal 0 0 1
    outer loop
      vertex -4.619397662556434 55.08658283817455 -1.3500000000000005
      vertex -4.157348061512726 54.222148834901986 -1.3500000000000005
      vertex -4.157348061512726 59.777851165098014 -1.3500000000000005
    endloop
  endfacet
  facet normal 0 0 1
    outer loop
      vertex -4.619397662556434 55.08658283817455 -1.3500000000000005
      vertex -4.619397662556434 58.91341716182545 -1.3500000000000005
      vertex -4.903926402016152 56.02454838991936 -1.3500000000000005
    endloop
  endfacet
  facet normal 0 0 1
    outer loop
      vertex -4.903926402016152 56.02454838991936 -1.3500000000000005
      vertex -4.619397662556434 58.91341716182545 -1.3500000000000005
      vertex -4.903926402016152 57.97545161008064 -1.3500000000000005
    endloop
  endfacet
  facet normal 0 0 1
    outer loop
      vertex -4.619397662556434 55.08658283817455 -1.3500000000000005
      vertex -4.157348061512726 59.777851165098014 -1.3500000000000005
      vertex -4.619397662556434 58.91341716182545 -1.3500000000000005
    endloop
  endfacet
  facet normal 0 0 1
    outer loop
      vertex -4.157348061512726 54.222148834901986 -1.3500000000000005
      vertex -3.5355339059327378 60.53553390593274 -1.3500000000000005
      vertex -4.157348061512726 59.777851165098014 -1.3500000000000005
    endloop
  endfacet
  facet normal 0 0 1
    outer loop
      vertex -2.777851165098011 52.84265193848727 -1.3500000000000005
      vertex -2.25 57 -1.3500000000000005
      vertex -1.913417161825449 61.61939766255644 -1.3500000000000005
    endloop
  endfacet
  facet normal 0 0 1
    outer loop
      vertex -3.5355339059327378 53.46446609406726 -1.3500000000000005
      vertex -2.777851165098011 61.15734806151273 -1.3500000000000005
      vertex -3.5355339059327378 60.53553390593274 -1.3500000000000005
    endloop
  endfacet
  facet normal 0 0 1
    outer loop
      vertex -2.777851165098011 52.84265193848727 -1.3500000000000005
      vertex -1.913417161825449 61.61939766255644 -1.3500000000000005
      vertex -2.777851165098011 61.15734806151273 -1.3500000000000005
    endloop
  endfacet
  facet normal 0 0 1
    outer loop
      vertex -2.25 57 -1.3500000000000005
      vertex -2.2067668809072685 57.43895322453629 -1.3500000000000005
      vertex -1.913417161825449 61.61939766255644 -1.3500000000000005
    endloop
  endfacet
  facet normal 0 0 1
    outer loop
      vertex -2.2067668809072685 57.43895322453629 -1.3500000000000005
      vertex -2.078728948150395 57.86103772282145 -1.3500000000000005
      vertex -1.913417161825449 61.61939766255644 -1.3500000000000005
    endloop
  endfacet
  facet normal 0 0 1
    outer loop
      vertex -2.078728948150395 57.86103772282145 -1.3500000000000005
      vertex -1.8708066276807267 58.250033024294105 -1.3500000000000005
      vertex -1.913417161825449 61.61939766255644 -1.3500000000000005
    endloop
  endfacet
  facet normal 0 0 1
    outer loop
      vertex -1.8708066276807267 58.250033024294105 -1.3500000000000005
      vertex -1.5909902576697321 58.59099025766973 -1.3500000000000005
      vertex -1.913417161825449 61.61939766255644 -1.3500000000000005
    endloop
  endfacet
  facet normal 0 0 1
    outer loop
      vertex -1.5909902576697321 58.59099025766973 -1.3500000000000005
      vertex -1.250033024294105 58.87080662768073 -1.3500000000000005
      vertex -0.9754516100806412 61.903926402016154 -1.3500000000000005
    endloop
  endfacet
  facet normal 0 0 1
    outer loop
      vertex -1.250033024294105 58.87080662768073 -1.3500000000000005
      vertex -0.861037722821452 59.07872894815039 -1.3500000000000005
      vertex -0.9754516100806412 61.903926402016154 -1.3500000000000005
    endloop
  endfacet
  facet normal 0 0 1
    outer loop
      vertex -1.5909902576697321 58.59099025766973 -1.3500000000000005
      vertex -0.9754516100806412 61.903926402016154 -1.3500000000000005
      vertex -1.913417161825449 61.61939766255644 -1.3500000000000005
    endloop
  endfacet
  facet normal 0 0 1
    outer loop
      vertex -0.861037722821452 59.07872894815039 -1.3500000000000005
      vertex -0.43895322453628854 59.20676688090727 -1.3500000000000005
      vertex -0.9754516100806412 61.903926402016154 -1.3500000000000005
    endloop
  endfacet
  facet normal 0 0 1
    outer loop
      vertex -0.43895322453628854 59.20676688090727 -1.3500000000000005
      vertex 0 59.25 -1.3500000000000005
      vertex 0 62 -1.3500000000000005
    endloop
  endfacet
  facet normal 0 0 1
    outer loop
      vertex -0.43895322453628854 59.20676688090727 -1.3500000000000005
      vertex 0 62 -1.3500000000000005
      vertex -0.9754516100806412 61.903926402016154 -1.3500000000000005
    endloop
  endfacet
  facet normal 0.7730104533627361 0.6343932841636467 0
    outer loop
      vertex -3.5355339059327378 53.46446609406726 -1.3500000000000005
      vertex -4.157348061512726 54.222148834901986 -1.3500000000000005
      vertex -4.157348061512726 54.222148834901986 6.35
    endloop
  endfacet
  facet normal 0.8819212643483554 0.47139673682599714 0
    outer loop
      vertex -4.619397662556434 55.08658283817455 -1.3500000000000005
      vertex -4.619397662556434 55.08658283817455 6.35
      vertex -4.157348061512726 54.222148834901986 -1.3500000000000005
    endloop
  endfacet
  facet normal 0.956940335732209 0.29028467725446144 0
    outer loop
      vertex -4.619397662556434 55.08658283817455 -1.3500000000000005
      vertex -4.903926402016152 56.02454838991936 -1.3500000000000005
      vertex -4.903926402016152 56.02454838991936 6.35
    endloop
  endfacet
  facet normal 0.47139673682599925 0.8819212643483542 0
    outer loop
      vertex -1.913417161825449 52.38060233744356 -1.3500000000000005
      vertex -2.777851165098011 52.84265193848727 -1.3500000000000005
      vertex -2.777851165098011 52.84265193848727 6.35
    endloop
  endfacet
  facet normal 0.29028467725446044 0.9569403357322094 0
    outer loop
      vertex -1.913417161825449 52.38060233744356 -1.3500000000000005
      vertex -1.913417161825449 52.38060233744356 6.35
      vertex -0.9754516100806412 52.096073597983846 -1.3500000000000005
    endloop
  endfacet
  facet normal 0.09801714032955892 0.9951847266721972 0
    outer loop
      vertex -0.9754516100806412 52.096073597983846 -1.3500000000000005
      vertex -0.9754516100806412 52.096073597983846 6.35
      vertex 0 52 -1.3500000000000005
    endloop
  endfacet
  facet normal 0.6343932841636464 0.7730104533627362 0
    outer loop
      vertex -3.5355339059327378 53.46446609406726 -1.3500000000000005
      vertex -3.5355339059327378 53.46446609406726 6.35
      vertex -2.777851165098011 52.84265193848727 -1.3500000000000005
    endloop
  endfacet
  facet normal 0.9951847266721968 0.09801714032956084 0
    outer loop
      vertex -4.903926402016152 56.02454838991936 -1.3500000000000005
      vertex -5 57 -1.3500000000000005
      vertex -5 57 6.35
    endloop
  endfacet
  facet normal 0.9951847266721968 -0.09801714032956084 0
    outer loop
      vertex -5 57 -1.3500000000000005
      vertex -4.903926402016152 57.97545161008064 -1.3500000000000005
      vertex -4.903926402016152 57.97545161008064 6.35
    endloop
  endfacet
  facet normal 0.956940335732209 -0.29028467725446144 0
    outer loop
      vertex -4.903926402016152 57.97545161008064 -1.3500000000000005
      vertex -4.619397662556434 58.91341716182545 -1.3500000000000005
      vertex -4.619397662556434 58.91341716182545 6.35
    endloop
  endfacet
  facet normal 0.8819212643483554 -0.47139673682599714 0
    outer loop
      vertex -4.619397662556434 58.91341716182545 -1.3500000000000005
      vertex -4.157348061512726 59.777851165098014 -1.3500000000000005
      vertex -4.157348061512726 59.777851165098014 6.35
    endloop
  endfacet
  facet normal 0.7730104533627361 -0.6343932841636467 0
    outer loop
      vertex -4.157348061512726 59.777851165098014 -1.3500000000000005
      vertex -3.5355339059327378 60.53553390593274 -1.3500000000000005
      vertex -3.5355339059327378 60.53553390593274 6.35
    endloop
  endfacet
  facet normal 0.6343932841636464 -0.7730104533627362 0
    outer loop
      vertex -3.5355339059327378 60.53553390593274 -1.3500000000000005
      vertex -2.777851165098011 61.15734806151273 -1.3500000000000005
      vertex -2.777851165098011 61.15734806151273 6.35
    endloop
  endfacet
  facet normal 0.47139673682599925 -0.8819212643483542 0
    outer loop
      vertex -2.777851165098011 61.15734806151273 -1.3500000000000005
      vertex -1.913417161825449 61.61939766255644 -1.3500000000000005
      vertex -1.913417161825449 61.61939766255644 6.35
    endloop
  endfacet
  facet normal 0.29028467725446044 -0.9569403357322094 0
    outer loop
      vertex -1.913417161825449 61.61939766255644 -1.3500000000000005
      vertex -0.9754516100806412 61.903926402016154 -1.3500000000000005
      vertex -0.9754516100806412 61.903926402016154 6.35
    endloop
  endfacet
  facet normal 0.09801714032955892 -0.9951847266721972 0
    outer loop
      vertex -0.9754516100806412 61.903926402016154 -1.3500000000000005
      vertex 0 62 -1.3500000000000005
      vertex 0 62 6.35
    endloop
  endfacet
  facet normal 0.8819212643483554 0.47139673682599714 0
    outer loop
      vertex -4.157348061512726 54.222148834901986 -1.3500000000000005
      vertex -4.619397662556434 55.08658283817455 6.35
      vertex -4.157348061512726 54.222148834901986 6.35
    endloop
  endfacet
  facet normal 0.7730104533627361 0.6343932841636467 0
    outer loop
      vertex -3.5355339059327378 53.46446609406726 -1.3500000000000005
      vertex -4.157348061512726 54.222148834901986 6.35
      vertex -3.5355339059327378 53.46446609406726 6.35
    endloop
  endfacet
  facet normal 0.956940335732209 0.29028467725446144 0
    outer loop
      vertex -4.619397662556434 55.08658283817455 -1.3500000000000005
      vertex -4.903926402016152 56.02454838991936 6.35
      vertex -4.619397662556434 55.08658283817455 6.35
    endloop
  endfacet
  facet normal 0.6343932841636464 0.7730104533627362 0
    outer loop
      vertex -2.777851165098011 52.84265193848727 -1.3500000000000005
      vertex -3.5355339059327378 53.46446609406726 6.35
      vertex -2.777851165098011 52.84265193848727 6.35
    endloop
  endfacet
  facet normal 0.47139673682599925 0.8819212643483542 0
    outer loop
      vertex -1.913417161825449 52.38060233744356 -1.3500000000000005
      vertex -2.777851165098011 52.84265193848727 6.35
      vertex -1.913417161825449 52.38060233744356 6.35
    endloop
  endfacet
  facet normal 0.29028467725446044 0.9569403357322094 0
    outer loop
      vertex -0.9754516100806412 52.096073597983846 -1.3500000000000005
      vertex -1.913417161825449 52.38060233744356 6.35
      vertex -0.9754516100806412 52.096073597983846 6.35
    endloop
  endfacet
  facet normal 0.09801714032955892 0.9951847266721972 0
    outer loop
      vertex 0 52 -1.3500000000000005
      vertex -0.9754516100806412 52.096073597983846 6.35
      vertex 0 52 6.35
    endloop
  endfacet
  facet normal 0.9951847266721968 0.09801714032956084 0
    outer loop
      vertex -4.903926402016152 56.02454838991936 -1.3500000000000005
      vertex -5 57 6.35
      vertex -4.903926402016152 56.02454838991936 6.35
    endloop
  endfacet
  facet normal 0.9951847266721968 -0.09801714032956084 0
    outer loop
      vertex -5 57 -1.3500000000000005
      vertex -4.903926402016152 57.97545161008064 6.35
      vertex -5 57 6.35
    endloop
  endfacet
  facet normal 0.956940335732209 -0.29028467725446144 0
    outer loop
      vertex -4.903926402016152 57.97545161008064 -1.3500000000000005
      vertex -4.619397662556434 58.91341716182545 6.35
      vertex -4.903926402016152 57.97545161008064 6.35
    endloop
  endfacet
  facet normal 0.8819212643483554 -0.47139673682599714 0
    outer loop
      vertex -4.619397662556434 58.91341716182545 -1.3500000000000005
      vertex -4.157348061512726 59.777851165098014 6.35
      vertex -4.619397662556434 58.91341716182545 6.35
    endloop
  endfacet
  facet normal 0.7730104533627361 -0.6343932841636467 0
    outer loop
      vertex -4.157348061512726 59.777851165098014 -1.3500000000000005
      vertex -3.5355339059327378 60.53553390593274 6.35
      vertex -4.157348061512726 59.777851165098014 6.35
    endloop
  endfacet
  facet normal 0.6343932841636464 -0.7730104533627362 0
    outer loop
      vertex -3.5355339059327378 60.53553390593274 -1.3500000000000005
      vertex -2.777851165098011 61.15734806151273 6.35
      vertex -3.5355339059327378 60.53553390593274 6.35
    endloop
  endfacet
  facet normal 0.47139673682599925 -0.8819212643483542 0
    outer loop
      vertex -2.777851165098011 61.15734806151273 -1.3500000000000005
      vertex -1.913417161825449 61.61939766255644 6.35
      vertex -2.777851165098011 61.15734806151273 6.35
    endloop
  endfacet
  facet normal 0.29028467725446044 -0.9569403357322094 0
    outer loop
      vertex -1.913417161825449 61.61939766255644 -1.3500000000000005
      vertex -0.9754516100806412 61.903926402016154 6.35
      vertex -1.913417161825449 61.61939766255644 6.35
    endloop
  endfacet
  facet normal 0.09801714032955892 -0.9951847266721972 0
    outer loop
      vertex -0.9754516100806412 61.903926402016154 -1.3500000000000005
      vertex 0 62 6.35
      vertex -0.9754516100806412 61.903926402016154 6.35
    endloop
  endfacet
  facet normal 0 0 1
    outer loop
      vertex 0 52 -1.3500000000000005
      vertex 0.9754516100806412 52.096073597983846 -1.3500000000000005
      vertex 0.43895322453628854 54.79323311909273 -1.3500000000000005
    endloop
  endfacet
  facet normal 0 0 1
    outer loop
      vertex 0 52 -1.3500000000000005
      vertex 0.43895322453628854 54.79323311909273 -1.3500000000000005
      vertex 0 54.75 -1.3500000000000005
    endloop
  endfacet
  facet normal 0 0 1
    outer loop
      vertex 0.9754516100806412 52.096073597983846 -1.3500000000000005
      vertex 0.861037722821452 54.92127105184961 -1.3500000000000005
      vertex 0.43895322453628854 54.79323311909273 -1.3500000000000005
    endloop
  endfacet
  facet normal 0 0 1
    outer loop
      vertex 0.9754516100806412 52.096073597983846 -1.3500000000000005
      vertex 1.913417161825449 52.38060233744356 -1.3500000000000005
      vertex 1.5909902576697321 55.40900974233027 -1.3500000000000005
    endloop
  endfacet
  facet normal 0 0 1
    outer loop
      vertex 0.9754516100806412 52.096073597983846 -1.3500000000000005
      vertex 1.250033024294105 55.12919337231927 -1.3500000000000005
      vertex 0.861037722821452 54.92127105184961 -1.3500000000000005
    endloop
  endfacet
  facet normal 0 0 1
    outer loop
      vertex 0.9754516100806412 52.096073597983846 -1.3500000000000005
      vertex 1.5909902576697321 55.40900974233027 -1.3500000000000005
      vertex 1.250033024294105 55.12919337231927 -1.3500000000000005
    endloop
  endfacet
  facet normal 0 0 1
    outer loop
      vertex 1.913417161825449 52.38060233744356 -1.3500000000000005
      vertex 1.8708066276807267 55.749966975705895 -1.3500000000000005
      vertex 1.5909902576697321 55.40900974233027 -1.3500000000000005
    endloop
  endfacet
  facet normal 0 0 1
    outer loop
      vertex 1.913417161825449 52.38060233744356 -1.3500000000000005
      vertex 2.078728948150395 56.13896227717855 -1.3500000000000005
      vertex 1.8708066276807267 55.749966975705895 -1.3500000000000005
    endloop
  endfacet
  facet normal 0 0 1
    outer loop
      vertex 1.913417161825449 52.38060233744356 -1.3500000000000005
      vertex 2.2067668809072685 56.56104677546371 -1.3500000000000005
      vertex 2.078728948150395 56.13896227717855 -1.3500000000000005
    endloop
  endfacet
  facet normal 0 0 1
    outer loop
      vertex 1.913417161825449 52.38060233744356 -1.3500000000000005
      vertex 2.25 57 -1.3500000000000005
      vertex 2.2067668809072685 56.56104677546371 -1.3500000000000005
    endloop
  endfacet
  facet normal 0 0 1
    outer loop
      vertex 1.913417161825449 52.38060233744356 -1.3500000000000005
      vertex 2.777851165098011 52.84265193848727 -1.3500000000000005
      vertex 2.777851165098011 61.15734806151273 -1.3500000000000005
    endloop
  endfacet
  facet normal 0 0 1
    outer loop
      vertex 2.777851165098011 52.84265193848727 -1.3500000000000005
      vertex 3.5355339059327378 53.46446609406726 -1.3500000000000005
      vertex 3.5355339059327378 60.53553390593274 -1.3500000000000005
    endloop
  endfacet
  facet normal 0 0 1
    outer loop
      vertex 3.5355339059327378 53.46446609406726 -1.3500000000000005
      vertex 4.157348061512726 54.222148834901986 -1.3500000000000005
      vertex 4.157348061512726 59.777851165098014 -1.3500000000000005
    endloop
  endfacet
  facet normal 0 0 1
    outer loop
      vertex 4.157348061512726 54.222148834901986 -1.3500000000000005
      vertex 4.619397662556434 55.08658283817455 -1.3500000000000005
      vertex 4.619397662556434 58.91341716182545 -1.3500000000000005
    endloop
  endfacet
  facet normal 0 0 1
    outer loop
      vertex 1.913417161825449 52.38060233744356 -1.3500000000000005
      vertex 2.777851165098011 61.15734806151273 -1.3500000000000005
      vertex 2.25 57 -1.3500000000000005
    endloop
  endfacet
  facet normal 0 0 1
    outer loop
      vertex 2.25 57 -1.3500000000000005
      vertex 2.777851165098011 61.15734806151273 -1.3500000000000005
      vertex 2.2067668809072685 57.43895322453629 -1.3500000000000005
    endloop
  endfacet
  facet normal 0 0 1
    outer loop
      vertex 2.078728948150395 57.86103772282145 -1.3500000000000005
      vertex 2.2067668809072685 57.43895322453629 -1.3500000000000005
      vertex 2.777851165098011 61.15734806151273 -1.3500000000000005
    endloop
  endfacet
  facet normal 0 0 1
    outer loop
      vertex 2.078728948150395 57.86103772282145 -1.3500000000000005
      vertex 2.777851165098011 61.15734806151273 -1.3500000000000005
      vertex 1.8708066276807267 58.250033024294105 -1.3500000000000005
    endloop
  endfacet
  facet normal 0 0 1
    outer loop
      vertex 2.777851165098011 52.84265193848727 -1.3500000000000005
      vertex 3.5355339059327378 60.53553390593274 -1.3500000000000005
      vertex 2.777851165098011 61.15734806151273 -1.3500000000000005
    endloop
  endfacet
  facet normal 0 0 1
    outer loop
      vertex 0 59.25 -1.3500000000000005
      vertex 0.43895322453628854 59.20676688090727 -1.3500000000000005
      vertex 0.9754516100806412 61.903926402016154 -1.3500000000000005
    endloop
  endfacet
  facet normal 0 0 1
    outer loop
      vertex 0.43895322453628854 59.20676688090727 -1.3500000000000005
      vertex 0.861037722821452 59.07872894815039 -1.3500000000000005
      vertex 0.9754516100806412 61.903926402016154 -1.3500000000000005
    endloop
  endfacet
  facet normal 0 0 1
    outer loop
      vertex 1.250033024294105 58.87080662768073 -1.3500000000000005
      vertex 1.5909902576697321 58.59099025766973 -1.3500000000000005
      vertex 1.913417161825449 61.61939766255644 -1.3500000000000005
    endloop
  endfacet
  facet normal 0 0 1
    outer loop
      vertex 0.861037722821452 59.07872894815039 -1.3500000000000005
      vertex 1.250033024294105 58.87080662768073 -1.3500000000000005
      vertex 1.913417161825449 61.61939766255644 -1.3500000000000005
    endloop
  endfacet
  facet normal 0 0 1
    outer loop
      vertex 0.861037722821452 59.07872894815039 -1.3500000000000005
      vertex 1.913417161825449 61.61939766255644 -1.3500000000000005
      vertex 0.9754516100806412 61.903926402016154 -1.3500000000000005
    endloop
  endfacet
  facet normal 0 0 1
    outer loop
      vertex 0 59.25 -1.3500000000000005
      vertex 0.9754516100806412 61.903926402016154 -1.3500000000000005
      vertex 0 62 -1.3500000000000005
    endloop
  endfacet
  facet normal 0 0 1
    outer loop
      vertex 1.5909902576697321 58.59099025766973 -1.3500000000000005
      vertex 1.8708066276807267 58.250033024294105 -1.3500000000000005
      vertex 1.913417161825449 61.61939766255644 -1.3500000000000005
    endloop
  endfacet
  facet normal 0 0 1
    outer loop
      vertex 1.8708066276807267 58.250033024294105 -1.3500000000000005
      vertex 2.777851165098011 61.15734806151273 -1.3500000000000005
      vertex 1.913417161825449 61.61939766255644 -1.3500000000000005
    endloop
  endfacet
  facet normal 0 0 1
    outer loop
      vertex 4.619397662556434 55.08658283817455 -1.3500000000000005
      vertex 4.903926402016152 56.02454838991936 -1.3500000000000005
      vertex 4.903926402016152 57.97545161008064 -1.3500000000000005
    endloop
  endfacet
  facet normal 0 0 1
    outer loop
      vertex 4.903926402016152 56.02454838991936 -1.3500000000000005
      vertex 5 57 -1.3500000000000005
      vertex 4.903926402016152 57.97545161008064 -1.3500000000000005
    endloop
  endfacet
  facet normal 0 0 1
    outer loop
      vertex 4.619397662556434 55.08658283817455 -1.3500000000000005
      vertex 4.903926402016152 57.97545161008064 -1.3500000000000005
      vertex 4.619397662556434 58.91341716182545 -1.3500000000000005
    endloop
  endfacet
  facet normal 0 0 1
    outer loop
      vertex 4.157348061512726 54.222148834901986 -1.3500000000000005
      vertex 4.619397662556434 58.91341716182545 -1.3500000000000005
      vertex 4.157348061512726 59.777851165098014 -1.3500000000000005
    endloop
  endfacet
  facet normal 0 0 1
    outer loop
      vertex 3.5355339059327378 53.46446609406726 -1.3500000000000005
      vertex 4.157348061512726 59.777851165098014 -1.3500000000000005
      vertex 3.5355339059327378 60.53553390593274 -1.3500000000000005
    endloop
  endfacet
  facet normal -0.09801714032955892 0.9951847266721972 0
    outer loop
      vertex 0 52 -1.3500000000000005
      vertex 0 52 6.35
      vertex 0.9754516100806412 52.096073597983846 -1.3500000000000005
    endloop
  endfacet
  facet normal -0.29028467725446044 0.9569403357322094 0
    outer loop
      vertex 0.9754516100806412 52.096073597983846 -1.3500000000000005
      vertex 0.9754516100806412 52.096073597983846 6.35
      vertex 1.913417161825449 52.38060233744356 -1.3500000000000005
    endloop
  endfacet
  facet normal -0.47139673682599925 0.8819212643483542 0
    outer loop
      vertex 1.913417161825449 52.38060233744356 -1.3500000000000005
      vertex 1.913417161825449 52.38060233744356 6.35
      vertex 2.777851165098011 52.84265193848727 -1.3500000000000005
    endloop
  endfacet
  facet normal -0.6343932841636464 0.7730104533627362 0
    outer loop
      vertex 2.777851165098011 52.84265193848727 -1.3500000000000005
      vertex 2.777851165098011 52.84265193848727 6.35
      vertex 3.5355339059327378 53.46446609406726 -1.3500000000000005
    endloop
  endfacet
  facet normal -0.7730104533627361 0.6343932841636467 0
    outer loop
      vertex 3.5355339059327378 53.46446609406726 -1.3500000000000005
      vertex 3.5355339059327378 53.46446609406726 6.35
      vertex 4.157348061512726 54.222148834901986 -1.3500000000000005
    endloop
  endfacet
  facet normal -0.8819212643483554 0.47139673682599714 0
    outer loop
      vertex 4.157348061512726 54.222148834901986 -1.3500000000000005
      vertex 4.157348061512726 54.222148834901986 6.35
      vertex 4.619397662556434 55.08658283817455 -1.3500000000000005
    endloop
  endfacet
  facet normal -0.956940335732209 0.29028467725446144 0
    outer loop
      vertex 4.619397662556434 55.08658283817455 -1.3500000000000005
      vertex 4.619397662556434 55.08658283817455 6.35
      vertex 4.903926402016152 56.02454838991936 -1.3500000000000005
    endloop
  endfacet
  facet normal -0.09801714032955892 -0.9951847266721972 0
    outer loop
      vertex 0 62 -1.3500000000000005
      vertex 0.9754516100806412 61.903926402016154 -1.3500000000000005
      vertex 0.9754516100806412 61.903926402016154 6.35
    endloop
  endfacet
  facet normal -0.29028467725446044 -0.9569403357322094 0
    outer loop
      vertex 0.9754516100806412 61.903926402016154 -1.3500000000000005
      vertex 1.913417161825449 61.61939766255644 -1.3500000000000005
      vertex 1.913417161825449 61.61939766255644 6.35
    endloop
  endfacet
  facet normal -0.6343932841636464 -0.7730104533627362 0
    outer loop
      vertex 2.777851165098011 61.15734806151273 -1.3500000000000005
      vertex 3.5355339059327378 60.53553390593274 -1.3500000000000005
      vertex 3.5355339059327378 60.53553390593274 6.35
    endloop
  endfacet
  facet normal -0.47139673682599925 -0.8819212643483542 0
    outer loop
      vertex 1.913417161825449 61.61939766255644 -1.3500000000000005
      vertex 2.777851165098011 61.15734806151273 -1.3500000000000005
      vertex 2.777851165098011 61.15734806151273 6.35
    endloop
  endfacet
  facet normal -0.9951847266721968 0.09801714032956084 0
    outer loop
      vertex 4.903926402016152 56.02454838991936 -1.3500000000000005
      vertex 4.903926402016152 56.02454838991936 6.35
      vertex 5 57 -1.3500000000000005
    endloop
  endfacet
  facet normal -0.9951847266721968 -0.09801714032956084 0
    outer loop
      vertex 5 57 -1.3500000000000005
      vertex 5 57 6.35
      vertex 4.903926402016152 57.97545161008064 -1.3500000000000005
    endloop
  endfacet
  facet normal -0.956940335732209 -0.29028467725446144 0
    outer loop
      vertex 4.903926402016152 57.97545161008064 -1.3500000000000005
      vertex 4.903926402016152 57.97545161008064 6.35
      vertex 4.619397662556434 58.91341716182545 -1.3500000000000005
    endloop
  endfacet
  facet normal -0.8819212643483554 -0.47139673682599714 0
    outer loop
      vertex 4.619397662556434 58.91341716182545 -1.3500000000000005
      vertex 4.619397662556434 58.91341716182545 6.35
      vertex 4.157348061512726 59.777851165098014 -1.3500000000000005
    endloop
  endfacet
  facet normal -0.7730104533627361 -0.6343932841636467 0
    outer loop
      vertex 3.5355339059327378 60.53553390593274 -1.3500000000000005
      vertex 4.157348061512726 59.777851165098014 -1.3500000000000005
      vertex 4.157348061512726 59.777851165098014 6.35
    endloop
  endfacet
  facet normal -0.09801714032955892 0.9951847266721972 0
    outer loop
      vertex 0.9754516100806412 52.096073597983846 -1.3500000000000005
      vertex 0 52 6.35
      vertex 0.9754516100806412 52.096073597983846 6.35
    endloop
  endfacet
  facet normal -0.29028467725446044 0.9569403357322094 0
    outer loop
      vertex 1.913417161825449 52.38060233744356 -1.3500000000000005
      vertex 0.9754516100806412 52.096073597983846 6.35
      vertex 1.913417161825449 52.38060233744356 6.35
    endloop
  endfacet
  facet normal -0.47139673682599925 0.8819212643483542 0
    outer loop
      vertex 2.777851165098011 52.84265193848727 -1.3500000000000005
      vertex 1.913417161825449 52.38060233744356 6.35
      vertex 2.777851165098011 52.84265193848727 6.35
    endloop
  endfacet
  facet normal -0.6343932841636464 0.7730104533627362 0
    outer loop
      vertex 3.5355339059327378 53.46446609406726 -1.3500000000000005
      vertex 2.777851165098011 52.84265193848727 6.35
      vertex 3.5355339059327378 53.46446609406726 6.35
    endloop
  endfacet
  facet normal -0.7730104533627361 0.6343932841636467 0
    outer loop
      vertex 4.157348061512726 54.222148834901986 -1.3500000000000005
      vertex 3.5355339059327378 53.46446609406726 6.35
      vertex 4.157348061512726 54.222148834901986 6.35
    endloop
  endfacet
  facet normal -0.8819212643483554 0.47139673682599714 0
    outer loop
      vertex 4.619397662556434 55.08658283817455 -1.3500000000000005
      vertex 4.157348061512726 54.222148834901986 6.35
      vertex 4.619397662556434 55.08658283817455 6.35
    endloop
  endfacet
  facet normal -0.956940335732209 0.29028467725446144 0
    outer loop
      vertex 4.903926402016152 56.02454838991936 -1.3500000000000005
      vertex 4.619397662556434 55.08658283817455 6.35
      vertex 4.903926402016152 56.02454838991936 6.35
    endloop
  endfacet
  facet normal -0.09801714032955892 -0.9951847266721972 0
    outer loop
      vertex 0 62 -1.3500000000000005
      vertex 0.9754516100806412 61.903926402016154 6.35
      vertex 0 62 6.35
    endloop
  endfacet
  facet normal -0.29028467725446044 -0.9569403357322094 0
    outer loop
      vertex 0.9754516100806412 61.903926402016154 -1.3500000000000005
      vertex 1.913417161825449 61.61939766255644 6.35
      vertex 0.9754516100806412 61.903926402016154 6.35
    endloop
  endfacet
  facet normal -0.47139673682599925 -0.8819212643483542 0
    outer loop
      vertex 1.913417161825449 61.61939766255644 -1.3500000000000005
      vertex 2.777851165098011 61.15734806151273 6.35
      vertex 1.913417161825449 61.61939766255644 6.35
    endloop
  endfacet
  facet normal -0.6343932841636464 -0.7730104533627362 0
    outer loop
      vertex 2.777851165098011 61.15734806151273 -1.3500000000000005
      vertex 3.5355339059327378 60.53553390593274 6.35
      vertex 2.777851165098011 61.15734806151273 6.35
    endloop
  endfacet
  facet normal -0.9951847266721968 0.09801714032956084 0
    outer loop
      vertex 5 57 -1.3500000000000005
      vertex 4.903926402016152 56.02454838991936 6.35
      vertex 5 57 6.35
    endloop
  endfacet
  facet normal -0.9951847266721968 -0.09801714032956084 0
    outer loop
      vertex 4.903926402016152 57.97545161008064 -1.3500000000000005
      vertex 5 57 6.35
      vertex 4.903926402016152 57.97545161008064 6.35
    endloop
  endfacet
  facet normal -0.956940335732209 -0.29028467725446144 0
    outer loop
      vertex 4.619397662556434 58.91341716182545 -1.3500000000000005
      vertex 4.903926402016152 57.97545161008064 6.35
      vertex 4.619397662556434 58.91341716182545 6.35
    endloop
  endfacet
  facet normal -0.7730104533627361 -0.6343932841636467 0
    outer loop
      vertex 3.5355339059327378 60.53553390593274 -1.3500000000000005
      vertex 4.157348061512726 59.777851165098014 6.35
      vertex 3.5355339059327378 60.53553390593274 6.35
    endloop
  endfacet
  facet normal -0.8819212643483554 -0.47139673682599714 0
    outer loop
      vertex 4.157348061512726 59.777851165098014 -1.3500000000000005
      vertex 4.619397662556434 58.91341716182545 6.35
      vertex 4.157348061512726 59.777851165098014 6.35
    endloop
  endfacet
  facet normal 0.9569403357322112 0.2902846772544545 0
    outer loop
      vertex -91.20676688090727 -57.43895322453629 -1.3500000000000005
      vertex -91.0787289481504 -57.86103772282145 -6.35
      vertex -91.20676688090727 -57.43895322453629 -6.35
    endloop
  endfacet
  facet normal 0.9951847266721966 0.09801714032956305 0
    outer loop
      vertex -91.25 -57 -1.3500000000000005
      vertex -91.20676688090727 -57.43895322453629 -6.35
      vertex -91.25 -57 -6.35
    endloop
  endfacet
  facet normal 0.9951847266721966 -0.09801714032956305 0
    outer loop
      vertex -91.20676688090727 -56.56104677546371 -1.3500000000000005
      vertex -91.25 -57 -6.35
      vertex -91.20676688090727 -56.56104677546371 -6.35
    endloop
  endfacet
  facet normal 0.9569403357322112 -0.2902846772544545 0
    outer loop
      vertex -91.0787289481504 -56.13896227717855 -1.3500000000000005
      vertex -91.20676688090727 -56.56104677546371 -6.35
      vertex -91.0787289481504 -56.13896227717855 -6.35
    endloop
  endfacet
  facet normal 0.6343932841636589 0.7730104533627259 0
    outer loop
      vertex -90.59099025766973 -58.59099025766973 -1.3500000000000005
      vertex -90.25003302429411 -58.87080662768073 -6.35
      vertex -90.59099025766973 -58.59099025766973 -6.35
    endloop
  endfacet
  facet normal 0.7730104533627402 0.6343932841636414 0
    outer loop
      vertex -90.87080662768072 -58.250033024294105 -1.3500000000000005
      vertex -90.59099025766973 -58.59099025766973 -6.35
      vertex -90.87080662768072 -58.250033024294105 -6.35
    endloop
  endfacet
  facet normal 0.8819212643483472 0.4713967368260122 0
    outer loop
      vertex -91.0787289481504 -57.86103772282145 -1.3500000000000005
      vertex -90.87080662768072 -58.250033024294105 -6.35
      vertex -91.0787289481504 -57.86103772282145 -6.35
    endloop
  endfacet
  facet normal 0.4713967368259805 0.8819212643483643 0
    outer loop
      vertex -90.25003302429411 -58.87080662768073 -1.3500000000000005
      vertex -89.86103772282145 -59.07872894815039 -6.35
      vertex -90.25003302429411 -58.87080662768073 -6.35
    endloop
  endfacet
  facet normal 0.29028467725446927 0.9569403357322067 0
    outer loop
      vertex -89.86103772282145 -59.07872894815039 -1.3500000000000005
      vertex -89.43895322453629 -59.20676688090727 -6.35
      vertex -89.86103772282145 -59.07872894815039 -6.35
    endloop
  endfacet
  facet normal 0.8819212643483472 -0.4713967368260122 0
    outer loop
      vertex -90.87080662768072 -55.749966975705895 -1.3500000000000005
      vertex -91.0787289481504 -56.13896227717855 -6.35
      vertex -90.87080662768072 -55.749966975705895 -6.35
    endloop
  endfacet
  facet normal 0.7730104533627402 -0.6343932841636414 0
    outer loop
      vertex -90.59099025766973 -55.40900974233027 -1.3500000000000005
      vertex -90.87080662768072 -55.749966975705895 -6.35
      vertex -90.59099025766973 -55.40900974233027 -6.35
    endloop
  endfacet
  facet normal 0.6343932841636589 -0.7730104533627259 0
    outer loop
      vertex -90.25003302429411 -55.12919337231927 -1.3500000000000005
      vertex -90.59099025766973 -55.40900974233027 -6.35
      vertex -90.25003302429411 -55.12919337231927 -6.35
    endloop
  endfacet
  facet normal 0.4713967368259805 -0.8819212643483643 0
    outer loop
      vertex -89.86103772282145 -54.92127105184961 -1.3500000000000005
      vertex -90.25003302429411 -55.12919337231927 -6.35
      vertex -89.86103772282145 -54.92127105184961 -6.35
    endloop
  endfacet
  facet normal 0.29028467725446927 -0.9569403357322067 0
    outer loop
      vertex -89.43895322453629 -54.79323311909273 -1.3500000000000005
      vertex -89.86103772282145 -54.92127105184961 -6.35
      vertex -89.43895322453629 -54.79323311909273 -6.35
    endloop
  endfacet
  facet normal 0.09801714032956305 0.9951847266721966 0
    outer loop
      vertex -89.43895322453629 -59.20676688090727 -1.3500000000000005
      vertex -89 -59.25 -6.35
      vertex -89.43895322453629 -59.20676688090727 -6.35
    endloop
  endfacet
  facet normal -0.09801714032956305 0.9951847266721966 0
    outer loop
      vertex -89 -59.25 -1.3500000000000005
      vertex -88.56104677546371 -59.20676688090727 -6.35
      vertex -89 -59.25 -6.35
    endloop
  endfacet
  facet normal -0.29028467725446927 0.9569403357322067 0
    outer loop
      vertex -88.56104677546371 -59.20676688090727 -1.3500000000000005
      vertex -88.13896227717855 -59.07872894815039 -6.35
      vertex -88.56104677546371 -59.20676688090727 -6.35
    endloop
  endfacet
  facet normal -0.4713967368259805 0.8819212643483643 0
    outer loop
      vertex -88.13896227717855 -59.07872894815039 -1.3500000000000005
      vertex -87.74996697570589 -58.87080662768073 -6.35
      vertex -88.13896227717855 -59.07872894815039 -6.35
    endloop
  endfacet
  facet normal -0.6343932841636589 0.7730104533627259 0
    outer loop
      vertex -87.74996697570589 -58.87080662768073 -1.3500000000000005
      vertex -87.40900974233027 -58.59099025766973 -6.35
      vertex -87.74996697570589 -58.87080662768073 -6.35
    endloop
  endfacet
  facet normal -0.7730104533627402 0.6343932841636414 0
    outer loop
      vertex -87.40900974233027 -58.59099025766973 -1.3500000000000005
      vertex -87.12919337231928 -58.250033024294105 -6.35
      vertex -87.40900974233027 -58.59099025766973 -6.35
    endloop
  endfacet
  facet normal -0.8819212643483472 0.4713967368260122 0
    outer loop
      vertex -87.12919337231928 -58.250033024294105 -1.3500000000000005
      vertex -86.9212710518496 -57.86103772282145 -6.35
      vertex -87.12919337231928 -58.250033024294105 -6.35
    endloop
  endfacet
  facet normal -0.9569403357322112 0.2902846772544545 0
    outer loop
      vertex -86.9212710518496 -57.86103772282145 -1.3500000000000005
      vertex -86.79323311909273 -57.43895322453629 -6.35
      vertex -86.9212710518496 -57.86103772282145 -6.35
    endloop
  endfacet
  facet normal -0.9569403357322112 -0.2902846772544545 0
    outer loop
      vertex -86.79323311909273 -56.56104677546371 -1.3500000000000005
      vertex -86.9212710518496 -56.13896227717855 -6.35
      vertex -86.79323311909273 -56.56104677546371 -6.35
    endloop
  endfacet
  facet normal -0.9951847266721966 0.09801714032956305 0
    outer loop
      vertex -86.79323311909273 -57.43895322453629 -1.3500000000000005
      vertex -86.75 -57 -6.35
      vertex -86.79323311909273 -57.43895322453629 -6.35
    endloop
  endfacet
  facet normal -0.9951847266721966 -0.09801714032956305 0
    outer loop
      vertex -86.75 -57 -1.3500000000000005
      vertex -86.79323311909273 -56.56104677546371 -6.35
      vertex -86.75 -57 -6.35
    endloop
  endfacet
  facet normal 0.09801714032956305 -0.9951847266721966 0
    outer loop
      vertex -89 -54.75 -1.3500000000000005
      vertex -89.43895322453629 -54.79323311909273 -6.35
      vertex -89 -54.75 -6.35
    endloop
  endfacet
  facet normal -0.09801714032956305 -0.9951847266721966 0
    outer loop
      vertex -88.56104677546371 -54.79323311909273 -1.3500000000000005
      vertex -89 -54.75 -6.35
      vertex -88.56104677546371 -54.79323311909273 -6.35
    endloop
  endfacet
  facet normal -0.29028467725446927 -0.9569403357322067 0
    outer loop
      vertex -88.13896227717855 -54.92127105184961 -1.3500000000000005
      vertex -88.56104677546371 -54.79323311909273 -6.35
      vertex -88.13896227717855 -54.92127105184961 -6.35
    endloop
  endfacet
  facet normal -0.4713967368259805 -0.8819212643483643 0
    outer loop
      vertex -87.74996697570589 -55.12919337231927 -1.3500000000000005
      vertex -88.13896227717855 -54.92127105184961 -6.35
      vertex -87.74996697570589 -55.12919337231927 -6.35
    endloop
  endfacet
  facet normal -0.8819212643483472 -0.4713967368260122 0
    outer loop
      vertex -86.9212710518496 -56.13896227717855 -1.3500000000000005
      vertex -87.12919337231928 -55.749966975705895 -6.35
      vertex -86.9212710518496 -56.13896227717855 -6.35
    endloop
  endfacet
  facet normal -0.7730104533627402 -0.6343932841636414 0
    outer loop
      vertex -87.12919337231928 -55.749966975705895 -1.3500000000000005
      vertex -87.40900974233027 -55.40900974233027 -6.35
      vertex -87.12919337231928 -55.749966975705895 -6.35
    endloop
  endfacet
  facet normal -0.6343932841636589 -0.7730104533627259 0
    outer loop
      vertex -87.40900974233027 -55.40900974233027 -1.3500000000000005
      vertex -87.74996697570589 -55.12919337231927 -6.35
      vertex -87.40900974233027 -55.40900974233027 -6.35
    endloop
  endfacet
  facet normal 0.9569403357322112 0.2902846772544545 0
    outer loop
      vertex -91.0787289481504 -57.86103772282145 -1.3500000000000005
      vertex -91.0787289481504 -57.86103772282145 -6.35
      vertex -91.20676688090727 -57.43895322453629 -1.3500000000000005
    endloop
  endfacet
  facet normal 0.9951847266721966 0.09801714032956305 0
    outer loop
      vertex -91.20676688090727 -57.43895322453629 -1.3500000000000005
      vertex -91.20676688090727 -57.43895322453629 -6.35
      vertex -91.25 -57 -1.3500000000000005
    endloop
  endfacet
  facet normal 0.9951847266721966 -0.09801714032956305 0
    outer loop
      vertex -91.25 -57 -1.3500000000000005
      vertex -91.25 -57 -6.35
      vertex -91.20676688090727 -56.56104677546371 -1.3500000000000005
    endloop
  endfacet
  facet normal 0.9569403357322112 -0.2902846772544545 0
    outer loop
      vertex -91.20676688090727 -56.56104677546371 -1.3500000000000005
      vertex -91.20676688090727 -56.56104677546371 -6.35
      vertex -91.0787289481504 -56.13896227717855 -1.3500000000000005
    endloop
  endfacet
  facet normal 0.6343932841636589 0.7730104533627259 0
    outer loop
      vertex -90.59099025766973 -58.59099025766973 -1.3500000000000005
      vertex -90.25003302429411 -58.87080662768073 -1.3500000000000005
      vertex -90.25003302429411 -58.87080662768073 -6.35
    endloop
  endfacet
  facet normal 0.7730104533627402 0.6343932841636414 0
    outer loop
      vertex -90.87080662768072 -58.250033024294105 -1.3500000000000005
      vertex -90.59099025766973 -58.59099025766973 -1.3500000000000005
      vertex -90.59099025766973 -58.59099025766973 -6.35
    endloop
  endfacet
  facet normal 0.8819212643483472 0.4713967368260122 0
    outer loop
      vertex -91.0787289481504 -57.86103772282145 -1.3500000000000005
      vertex -90.87080662768072 -58.250033024294105 -1.3500000000000005
      vertex -90.87080662768072 -58.250033024294105 -6.35
    endloop
  endfacet
  facet normal 0.4713967368259805 0.8819212643483643 0
    outer loop
      vertex -90.25003302429411 -58.87080662768073 -1.3500000000000005
      vertex -89.86103772282145 -59.07872894815039 -1.3500000000000005
      vertex -89.86103772282145 -59.07872894815039 -6.35
    endloop
  endfacet
  facet normal 0.29028467725446927 0.9569403357322067 0
    outer loop
      vertex -89.86103772282145 -59.07872894815039 -1.3500000000000005
      vertex -89.43895322453629 -59.20676688090727 -1.3500000000000005
      vertex -89.43895322453629 -59.20676688090727 -6.35
    endloop
  endfacet
  facet normal 0.8819212643483472 -0.4713967368260122 0
    outer loop
      vertex -91.0787289481504 -56.13896227717855 -1.3500000000000005
      vertex -91.0787289481504 -56.13896227717855 -6.35
      vertex -90.87080662768072 -55.749966975705895 -1.3500000000000005
    endloop
  endfacet
  facet normal 0.7730104533627402 -0.6343932841636414 0
    outer loop
      vertex -90.87080662768072 -55.749966975705895 -1.3500000000000005
      vertex -90.87080662768072 -55.749966975705895 -6.35
      vertex -90.59099025766973 -55.40900974233027 -1.3500000000000005
    endloop
  endfacet
  facet normal 0.6343932841636589 -0.7730104533627259 0
    outer loop
      vertex -90.59099025766973 -55.40900974233027 -1.3500000000000005
      vertex -90.59099025766973 -55.40900974233027 -6.35
      vertex -90.25003302429411 -55.12919337231927 -1.3500000000000005
    endloop
  endfacet
  facet normal 0.4713967368259805 -0.8819212643483643 0
    outer loop
      vertex -90.25003302429411 -55.12919337231927 -1.3500000000000005
      vertex -90.25003302429411 -55.12919337231927 -6.35
      vertex -89.86103772282145 -54.92127105184961 -1.3500000000000005
    endloop
  endfacet
  facet normal 0.29028467725446927 -0.9569403357322067 0
    outer loop
      vertex -89.86103772282145 -54.92127105184961 -1.3500000000000005
      vertex -89.86103772282145 -54.92127105184961 -6.35
      vertex -89.43895322453629 -54.79323311909273 -1.3500000000000005
    endloop
  endfacet
  facet normal 0.09801714032956305 0.9951847266721966 0
    outer loop
      vertex -89.43895322453629 -59.20676688090727 -1.3500000000000005
      vertex -89 -59.25 -1.3500000000000005
      vertex -89 -59.25 -6.35
    endloop
  endfacet
  facet normal -0.09801714032956305 0.9951847266721966 0
    outer loop
      vertex -89 -59.25 -1.3500000000000005
      vertex -88.56104677546371 -59.20676688090727 -1.3500000000000005
      vertex -88.56104677546371 -59.20676688090727 -6.35
    endloop
  endfacet
  facet normal -0.29028467725446927 0.9569403357322067 0
    outer loop
      vertex -88.56104677546371 -59.20676688090727 -1.3500000000000005
      vertex -88.13896227717855 -59.07872894815039 -1.3500000000000005
      vertex -88.13896227717855 -59.07872894815039 -6.35
    endloop
  endfacet
  facet normal -0.4713967368259805 0.8819212643483643 0
    outer loop
      vertex -88.13896227717855 -59.07872894815039 -1.3500000000000005
      vertex -87.74996697570589 -58.87080662768073 -1.3500000000000005
      vertex -87.74996697570589 -58.87080662768073 -6.35
    endloop
  endfacet
  facet normal -0.6343932841636589 0.7730104533627259 0
    outer loop
      vertex -87.74996697570589 -58.87080662768073 -1.3500000000000005
      vertex -87.40900974233027 -58.59099025766973 -1.3500000000000005
      vertex -87.40900974233027 -58.59099025766973 -6.35
    endloop
  endfacet
  facet normal -0.7730104533627402 0.6343932841636414 0
    outer loop
      vertex -87.40900974233027 -58.59099025766973 -1.3500000000000005
      vertex -87.12919337231928 -58.250033024294105 -1.3500000000000005
      vertex -87.12919337231928 -58.250033024294105 -6.35
    endloop
  endfacet
  facet normal -0.8819212643483472 0.4713967368260122 0
    outer loop
      vertex -87.12919337231928 -58.250033024294105 -1.3500000000000005
      vertex -86.9212710518496 -57.86103772282145 -1.3500000000000005
      vertex -86.9212710518496 -57.86103772282145 -6.35
    endloop
  endfacet
  facet normal -0.9569403357322112 0.2902846772544545 0
    outer loop
      vertex -86.9212710518496 -57.86103772282145 -1.3500000000000005
      vertex -86.79323311909273 -57.43895322453629 -1.3500000000000005
      vertex -86.79323311909273 -57.43895322453629 -6.35
    endloop
  endfacet
  facet normal -0.9569403357322112 -0.2902846772544545 0
    outer loop
      vertex -86.79323311909273 -56.56104677546371 -1.3500000000000005
      vertex -86.9212710518496 -56.13896227717855 -1.3500000000000005
      vertex -86.9212710518496 -56.13896227717855 -6.35
    endloop
  endfacet
  facet normal -0.9951847266721966 0.09801714032956305 0
    outer loop
      vertex -86.79323311909273 -57.43895322453629 -1.3500000000000005
      vertex -86.75 -57 -1.3500000000000005
      vertex -86.75 -57 -6.35
    endloop
  endfacet
  facet normal -0.9951847266721966 -0.09801714032956305 0
    outer loop
      vertex -86.75 -57 -1.3500000000000005
      vertex -86.79323311909273 -56.56104677546371 -1.3500000000000005
      vertex -86.79323311909273 -56.56104677546371 -6.35
    endloop
  endfacet
  facet normal 0.09801714032956305 -0.9951847266721966 0
    outer loop
      vertex -89.43895322453629 -54.79323311909273 -1.3500000000000005
      vertex -89.43895322453629 -54.79323311909273 -6.35
      vertex -89 -54.75 -1.3500000000000005
    endloop
  endfacet
  facet normal -0.09801714032956305 -0.9951847266721966 0
    outer loop
      vertex -89 -54.75 -1.3500000000000005
      vertex -89 -54.75 -6.35
      vertex -88.56104677546371 -54.79323311909273 -1.3500000000000005
    endloop
  endfacet
  facet normal -0.29028467725446927 -0.9569403357322067 0
    outer loop
      vertex -88.56104677546371 -54.79323311909273 -1.3500000000000005
      vertex -88.56104677546371 -54.79323311909273 -6.35
      vertex -88.13896227717855 -54.92127105184961 -1.3500000000000005
    endloop
  endfacet
  facet normal -0.4713967368259805 -0.8819212643483643 0
    outer loop
      vertex -88.13896227717855 -54.92127105184961 -1.3500000000000005
      vertex -88.13896227717855 -54.92127105184961 -6.35
      vertex -87.74996697570589 -55.12919337231927 -1.3500000000000005
    endloop
  endfacet
  facet normal -0.7730104533627402 -0.6343932841636414 0
    outer loop
      vertex -87.40900974233027 -55.40900974233027 -1.3500000000000005
      vertex -87.40900974233027 -55.40900974233027 -6.35
      vertex -87.12919337231928 -55.749966975705895 -1.3500000000000005
    endloop
  endfacet
  facet normal -0.8819212643483472 -0.4713967368260122 0
    outer loop
      vertex -86.9212710518496 -56.13896227717855 -1.3500000000000005
      vertex -87.12919337231928 -55.749966975705895 -1.3500000000000005
      vertex -87.12919337231928 -55.749966975705895 -6.35
    endloop
  endfacet
  facet normal -0.6343932841636589 -0.7730104533627259 0
    outer loop
      vertex -87.40900974233027 -55.40900974233027 -1.3500000000000005
      vertex -87.74996697570589 -55.12919337231927 -1.3500000000000005
      vertex -87.74996697570589 -55.12919337231927 -6.35
    endloop
  endfacet
  facet normal 0.6343932841636589 0.7730104533627259 0
    outer loop
      vertex -90.59099025766973 55.40900974233027 -1.3500000000000005
      vertex -90.25003302429411 55.12919337231927 -6.35
      vertex -90.59099025766973 55.40900974233027 -6.35
    endloop
  endfacet
  facet normal 0.7730104533627402 0.6343932841636414 0
    outer loop
      vertex -90.87080662768072 55.749966975705895 -1.3500000000000005
      vertex -90.59099025766973 55.40900974233027 -6.35
      vertex -90.87080662768072 55.749966975705895 -6.35
    endloop
  endfacet
  facet normal 0.8819212643483472 0.4713967368260122 0
    outer loop
      vertex -91.0787289481504 56.13896227717855 -1.3500000000000005
      vertex -90.87080662768072 55.749966975705895 -6.35
      vertex -91.0787289481504 56.13896227717855 -6.35
    endloop
  endfacet
  facet normal 0.4713967368259805 0.8819212643483643 0
    outer loop
      vertex -90.25003302429411 55.12919337231927 -1.3500000000000005
      vertex -89.86103772282145 54.92127105184961 -6.35
      vertex -90.25003302429411 55.12919337231927 -6.35
    endloop
  endfacet
  facet normal 0.29028467725446927 0.9569403357322067 0
    outer loop
      vertex -89.86103772282145 54.92127105184961 -1.3500000000000005
      vertex -89.43895322453629 54.79323311909273 -6.35
      vertex -89.86103772282145 54.92127105184961 -6.35
    endloop
  endfacet
  facet normal 0.9569403357322112 0.2902846772544545 0
    outer loop
      vertex -91.20676688090727 56.56104677546371 -1.3500000000000005
      vertex -91.0787289481504 56.13896227717855 -6.35
      vertex -91.20676688090727 56.56104677546371 -6.35
    endloop
  endfacet
  facet normal 0.9951847266721966 0.09801714032956305 0
    outer loop
      vertex -91.25 57 -1.3500000000000005
      vertex -91.20676688090727 56.56104677546371 -6.35
      vertex -91.25 57 -6.35
    endloop
  endfacet
  facet normal 0.9951847266721966 -0.09801714032956305 0
    outer loop
      vertex -91.20676688090727 57.43895322453629 -1.3500000000000005
      vertex -91.25 57 -6.35
      vertex -91.20676688090727 57.43895322453629 -6.35
    endloop
  endfacet
  facet normal 0.9569403357322112 -0.2902846772544545 0
    outer loop
      vertex -91.0787289481504 57.86103772282145 -1.3500000000000005
      vertex -91.20676688090727 57.43895322453629 -6.35
      vertex -91.0787289481504 57.86103772282145 -6.35
    endloop
  endfacet
  facet normal 0.8819212643483472 -0.4713967368260122 0
    outer loop
      vertex -90.87080662768072 58.250033024294105 -1.3500000000000005
      vertex -91.0787289481504 57.86103772282145 -6.35
      vertex -90.87080662768072 58.250033024294105 -6.35
    endloop
  endfacet
  facet normal 0.7730104533627402 -0.6343932841636414 0
    outer loop
      vertex -90.59099025766973 58.59099025766973 -1.3500000000000005
      vertex -90.87080662768072 58.250033024294105 -6.35
      vertex -90.59099025766973 58.59099025766973 -6.35
    endloop
  endfacet
  facet normal 0.6343932841636589 -0.7730104533627259 0
    outer loop
      vertex -90.25003302429411 58.87080662768073 -1.3500000000000005
      vertex -90.59099025766973 58.59099025766973 -6.35
      vertex -90.25003302429411 58.87080662768073 -6.35
    endloop
  endfacet
  facet normal 0.4713967368259805 -0.8819212643483643 0
    outer loop
      vertex -89.86103772282145 59.07872894815039 -1.3500000000000005
      vertex -90.25003302429411 58.87080662768073 -6.35
      vertex -89.86103772282145 59.07872894815039 -6.35
    endloop
  endfacet
  facet normal 0.29028467725446927 -0.9569403357322067 0
    outer loop
      vertex -89.43895322453629 59.20676688090727 -1.3500000000000005
      vertex -89.86103772282145 59.07872894815039 -6.35
      vertex -89.43895322453629 59.20676688090727 -6.35
    endloop
  endfacet
  facet normal 0.09801714032956305 0.9951847266721966 0
    outer loop
      vertex -89.43895322453629 54.79323311909273 -1.3500000000000005
      vertex -89 54.75 -6.35
      vertex -89.43895322453629 54.79323311909273 -6.35
    endloop
  endfacet
  facet normal -0.09801714032956305 0.9951847266721966 0
    outer loop
      vertex -89 54.75 -1.3500000000000005
      vertex -88.56104677546371 54.79323311909273 -6.35
      vertex -89 54.75 -6.35
    endloop
  endfacet
  facet normal -0.29028467725446927 0.9569403357322067 0
    outer loop
      vertex -88.56104677546371 54.79323311909273 -1.3500000000000005
      vertex -88.13896227717855 54.92127105184961 -6.35
      vertex -88.56104677546371 54.79323311909273 -6.35
    endloop
  endfacet
  facet normal -0.4713967368259805 0.8819212643483643 0
    outer loop
      vertex -88.13896227717855 54.92127105184961 -1.3500000000000005
      vertex -87.74996697570589 55.12919337231927 -6.35
      vertex -88.13896227717855 54.92127105184961 -6.35
    endloop
  endfacet
  facet normal -0.6343932841636589 0.7730104533627259 0
    outer loop
      vertex -87.74996697570589 55.12919337231927 -1.3500000000000005
      vertex -87.40900974233027 55.40900974233027 -6.35
      vertex -87.74996697570589 55.12919337231927 -6.35
    endloop
  endfacet
  facet normal -0.7730104533627402 0.6343932841636414 0
    outer loop
      vertex -87.40900974233027 55.40900974233027 -1.3500000000000005
      vertex -87.12919337231928 55.749966975705895 -6.35
      vertex -87.40900974233027 55.40900974233027 -6.35
    endloop
  endfacet
  facet normal -0.8819212643483472 0.4713967368260122 0
    outer loop
      vertex -87.12919337231928 55.749966975705895 -1.3500000000000005
      vertex -86.9212710518496 56.13896227717855 -6.35
      vertex -87.12919337231928 55.749966975705895 -6.35
    endloop
  endfacet
  facet normal 0.09801714032956305 -0.9951847266721966 0
    outer loop
      vertex -89 59.25 -1.3500000000000005
      vertex -89.43895322453629 59.20676688090727 -6.35
      vertex -89 59.25 -6.35
    endloop
  endfacet
  facet normal -0.09801714032956305 -0.9951847266721966 0
    outer loop
      vertex -88.56104677546371 59.20676688090727 -1.3500000000000005
      vertex -89 59.25 -6.35
      vertex -88.56104677546371 59.20676688090727 -6.35
    endloop
  endfacet
  facet normal -0.29028467725446927 -0.9569403357322067 0
    outer loop
      vertex -88.13896227717855 59.07872894815039 -1.3500000000000005
      vertex -88.56104677546371 59.20676688090727 -6.35
      vertex -88.13896227717855 59.07872894815039 -6.35
    endloop
  endfacet
  facet normal -0.4713967368259805 -0.8819212643483643 0
    outer loop
      vertex -87.74996697570589 58.87080662768073 -1.3500000000000005
      vertex -88.13896227717855 59.07872894815039 -6.35
      vertex -87.74996697570589 58.87080662768073 -6.35
    endloop
  endfacet
  facet normal -0.9569403357322112 0.2902846772544545 0
    outer loop
      vertex -86.9212710518496 56.13896227717855 -1.3500000000000005
      vertex -86.79323311909273 56.56104677546371 -6.35
      vertex -86.9212710518496 56.13896227717855 -6.35
    endloop
  endfacet
  facet normal -0.9569403357322112 -0.2902846772544545 0
    outer loop
      vertex -86.79323311909273 57.43895322453629 -1.3500000000000005
      vertex -86.9212710518496 57.86103772282145 -6.35
      vertex -86.79323311909273 57.43895322453629 -6.35
    endloop
  endfacet
  facet normal -0.9951847266721966 0.09801714032956305 0
    outer loop
      vertex -86.79323311909273 56.56104677546371 -1.3500000000000005
      vertex -86.75 57 -6.35
      vertex -86.79323311909273 56.56104677546371 -6.35
    endloop
  endfacet
  facet normal -0.9951847266721966 -0.09801714032956305 0
    outer loop
      vertex -86.75 57 -1.3500000000000005
      vertex -86.79323311909273 57.43895322453629 -6.35
      vertex -86.75 57 -6.35
    endloop
  endfacet
  facet normal -0.8819212643483472 -0.4713967368260122 0
    outer loop
      vertex -86.9212710518496 57.86103772282145 -1.3500000000000005
      vertex -87.12919337231928 58.250033024294105 -6.35
      vertex -86.9212710518496 57.86103772282145 -6.35
    endloop
  endfacet
  facet normal -0.7730104533627402 -0.6343932841636414 0
    outer loop
      vertex -87.12919337231928 58.250033024294105 -1.3500000000000005
      vertex -87.40900974233027 58.59099025766973 -6.35
      vertex -87.12919337231928 58.250033024294105 -6.35
    endloop
  endfacet
  facet normal -0.6343932841636589 -0.7730104533627259 0
    outer loop
      vertex -87.40900974233027 58.59099025766973 -1.3500000000000005
      vertex -87.74996697570589 58.87080662768073 -6.35
      vertex -87.40900974233027 58.59099025766973 -6.35
    endloop
  endfacet
  facet normal 0.6343932841636589 0.7730104533627259 0
    outer loop
      vertex -90.25003302429411 55.12919337231927 -1.3500000000000005
      vertex -90.25003302429411 55.12919337231927 -6.35
      vertex -90.59099025766973 55.40900974233027 -1.3500000000000005
    endloop
  endfacet
  facet normal 0.7730104533627402 0.6343932841636414 0
    outer loop
      vertex -90.87080662768072 55.749966975705895 -1.3500000000000005
      vertex -90.59099025766973 55.40900974233027 -1.3500000000000005
      vertex -90.59099025766973 55.40900974233027 -6.35
    endloop
  endfacet
  facet normal 0.8819212643483472 0.4713967368260122 0
    outer loop
      vertex -91.0787289481504 56.13896227717855 -1.3500000000000005
      vertex -90.87080662768072 55.749966975705895 -1.3500000000000005
      vertex -90.87080662768072 55.749966975705895 -6.35
    endloop
  endfacet
  facet normal 0.4713967368259805 0.8819212643483643 0
    outer loop
      vertex -90.25003302429411 55.12919337231927 -1.3500000000000005
      vertex -89.86103772282145 54.92127105184961 -1.3500000000000005
      vertex -89.86103772282145 54.92127105184961 -6.35
    endloop
  endfacet
  facet normal 0.29028467725446927 0.9569403357322067 0
    outer loop
      vertex -89.86103772282145 54.92127105184961 -1.3500000000000005
      vertex -89.43895322453629 54.79323311909273 -1.3500000000000005
      vertex -89.43895322453629 54.79323311909273 -6.35
    endloop
  endfacet
  facet normal 0.9569403357322112 0.2902846772544545 0
    outer loop
      vertex -91.0787289481504 56.13896227717855 -1.3500000000000005
      vertex -91.0787289481504 56.13896227717855 -6.35
      vertex -91.20676688090727 56.56104677546371 -1.3500000000000005
    endloop
  endfacet
  facet normal 0.9951847266721966 0.09801714032956305 0
    outer loop
      vertex -91.20676688090727 56.56104677546371 -1.3500000000000005
      vertex -91.20676688090727 56.56104677546371 -6.35
      vertex -91.25 57 -1.3500000000000005
    endloop
  endfacet
  facet normal 0.9951847266721966 -0.09801714032956305 0
    outer loop
      vertex -91.25 57 -1.3500000000000005
      vertex -91.25 57 -6.35
      vertex -91.20676688090727 57.43895322453629 -1.3500000000000005
    endloop
  endfacet
  facet normal 0.9569403357322112 -0.2902846772544545 0
    outer loop
      vertex -91.20676688090727 57.43895322453629 -1.3500000000000005
      vertex -91.20676688090727 57.43895322453629 -6.35
      vertex -91.0787289481504 57.86103772282145 -1.3500000000000005
    endloop
  endfacet
  facet normal 0.8819212643483472 -0.4713967368260122 0
    outer loop
      vertex -91.0787289481504 57.86103772282145 -1.3500000000000005
      vertex -91.0787289481504 57.86103772282145 -6.35
      vertex -90.87080662768072 58.250033024294105 -1.3500000000000005
    endloop
  endfacet
  facet normal 0.7730104533627402 -0.6343932841636414 0
    outer loop
      vertex -90.87080662768072 58.250033024294105 -1.3500000000000005
      vertex -90.87080662768072 58.250033024294105 -6.35
      vertex -90.59099025766973 58.59099025766973 -1.3500000000000005
    endloop
  endfacet
  facet normal 0.6343932841636589 -0.7730104533627259 0
    outer loop
      vertex -90.59099025766973 58.59099025766973 -1.3500000000000005
      vertex -90.59099025766973 58.59099025766973 -6.35
      vertex -90.25003302429411 58.87080662768073 -1.3500000000000005
    endloop
  endfacet
  facet normal 0.4713967368259805 -0.8819212643483643 0
    outer loop
      vertex -90.25003302429411 58.87080662768073 -1.3500000000000005
      vertex -90.25003302429411 58.87080662768073 -6.35
      vertex -89.86103772282145 59.07872894815039 -1.3500000000000005
    endloop
  endfacet
  facet normal 0.29028467725446927 -0.9569403357322067 0
    outer loop
      vertex -89.86103772282145 59.07872894815039 -1.3500000000000005
      vertex -89.86103772282145 59.07872894815039 -6.35
      vertex -89.43895322453629 59.20676688090727 -1.3500000000000005
    endloop
  endfacet
  facet normal 0.09801714032956305 0.9951847266721966 0
    outer loop
      vertex -89.43895322453629 54.79323311909273 -1.3500000000000005
      vertex -89 54.75 -1.3500000000000005
      vertex -89 54.75 -6.35
    endloop
  endfacet
  facet normal -0.09801714032956305 0.9951847266721966 0
    outer loop
      vertex -89 54.75 -1.3500000000000005
      vertex -88.56104677546371 54.79323311909273 -1.3500000000000005
      vertex -88.56104677546371 54.79323311909273 -6.35
    endloop
  endfacet
  facet normal -0.29028467725446927 0.9569403357322067 0
    outer loop
      vertex -88.56104677546371 54.79323311909273 -1.3500000000000005
      vertex -88.13896227717855 54.92127105184961 -1.3500000000000005
      vertex -88.13896227717855 54.92127105184961 -6.35
    endloop
  endfacet
  facet normal -0.4713967368259805 0.8819212643483643 0
    outer loop
      vertex -88.13896227717855 54.92127105184961 -1.3500000000000005
      vertex -87.74996697570589 55.12919337231927 -1.3500000000000005
      vertex -87.74996697570589 55.12919337231927 -6.35
    endloop
  endfacet
  facet normal -0.6343932841636589 0.7730104533627259 0
    outer loop
      vertex -87.74996697570589 55.12919337231927 -1.3500000000000005
      vertex -87.40900974233027 55.40900974233027 -1.3500000000000005
      vertex -87.40900974233027 55.40900974233027 -6.35
    endloop
  endfacet
  facet normal -0.7730104533627402 0.6343932841636414 0
    outer loop
      vertex -87.40900974233027 55.40900974233027 -1.3500000000000005
      vertex -87.12919337231928 55.749966975705895 -1.3500000000000005
      vertex -87.12919337231928 55.749966975705895 -6.35
    endloop
  endfacet
  facet normal -0.8819212643483472 0.4713967368260122 0
    outer loop
      vertex -87.12919337231928 55.749966975705895 -1.3500000000000005
      vertex -86.9212710518496 56.13896227717855 -1.3500000000000005
      vertex -86.9212710518496 56.13896227717855 -6.35
    endloop
  endfacet
  facet normal 0.09801714032956305 -0.9951847266721966 0
    outer loop
      vertex -89.43895322453629 59.20676688090727 -1.3500000000000005
      vertex -89.43895322453629 59.20676688090727 -6.35
      vertex -89 59.25 -1.3500000000000005
    endloop
  endfacet
  facet normal -0.09801714032956305 -0.9951847266721966 0
    outer loop
      vertex -89 59.25 -1.3500000000000005
      vertex -89 59.25 -6.35
      vertex -88.56104677546371 59.20676688090727 -1.3500000000000005
    endloop
  endfacet
  facet normal -0.29028467725446927 -0.9569403357322067 0
    outer loop
      vertex -88.56104677546371 59.20676688090727 -1.3500000000000005
      vertex -88.56104677546371 59.20676688090727 -6.35
      vertex -88.13896227717855 59.07872894815039 -1.3500000000000005
    endloop
  endfacet
  facet normal -0.4713967368259805 -0.8819212643483643 0
    outer loop
      vertex -88.13896227717855 59.07872894815039 -1.3500000000000005
      vertex -88.13896227717855 59.07872894815039 -6.35
      vertex -87.74996697570589 58.87080662768073 -1.3500000000000005
    endloop
  endfacet
  facet normal -0.9569403357322112 0.2902846772544545 0
    outer loop
      vertex -86.9212710518496 56.13896227717855 -1.3500000000000005
      vertex -86.79323311909273 56.56104677546371 -1.3500000000000005
      vertex -86.79323311909273 56.56104677546371 -6.35
    endloop
  endfacet
  facet normal -0.9569403357322112 -0.2902846772544545 0
    outer loop
      vertex -86.79323311909273 57.43895322453629 -1.3500000000000005
      vertex -86.9212710518496 57.86103772282145 -1.3500000000000005
      vertex -86.9212710518496 57.86103772282145 -6.35
    endloop
  endfacet
  facet normal -0.9951847266721966 0.09801714032956305 0
    outer loop
      vertex -86.79323311909273 56.56104677546371 -1.3500000000000005
      vertex -86.75 57 -1.3500000000000005
      vertex -86.75 57 -6.35
    endloop
  endfacet
  facet normal -0.9951847266721966 -0.09801714032956305 0
    outer loop
      vertex -86.75 57 -1.3500000000000005
      vertex -86.79323311909273 57.43895322453629 -1.3500000000000005
      vertex -86.79323311909273 57.43895322453629 -6.35
    endloop
  endfacet
  facet normal -0.7730104533627402 -0.6343932841636414 0
    outer loop
      vertex -87.40900974233027 58.59099025766973 -1.3500000000000005
      vertex -87.40900974233027 58.59099025766973 -6.35
      vertex -87.12919337231928 58.250033024294105 -1.3500000000000005
    endloop
  endfacet
  facet normal -0.8819212643483472 -0.4713967368260122 0
    outer loop
      vertex -86.9212710518496 57.86103772282145 -1.3500000000000005
      vertex -87.12919337231928 58.250033024294105 -1.3500000000000005
      vertex -87.12919337231928 58.250033024294105 -6.35
    endloop
  endfacet
  facet normal -0.6343932841636589 -0.7730104533627259 0
    outer loop
      vertex -87.40900974233027 58.59099025766973 -1.3500000000000005
      vertex -87.74996697570589 58.87080662768073 -1.3500000000000005
      vertex -87.74996697570589 58.87080662768073 -6.35
    endloop
  endfacet
  facet normal 0.6343932841636589 0.7730104533627259 0
    outer loop
      vertex 87.40900974233027 -58.59099025766973 -1.3500000000000005
      vertex 87.74996697570589 -58.87080662768073 -6.35
      vertex 87.40900974233027 -58.59099025766973 -6.35
    endloop
  endfacet
  facet normal 0.7730104533627402 0.6343932841636414 0
    outer loop
      vertex 87.12919337231928 -58.250033024294105 -1.3500000000000005
      vertex 87.40900974233027 -58.59099025766973 -6.35
      vertex 87.12919337231928 -58.250033024294105 -6.35
    endloop
  endfacet
  facet normal 0.8819212643483472 0.4713967368260122 0
    outer loop
      vertex 86.9212710518496 -57.86103772282145 -1.3500000000000005
      vertex 87.12919337231928 -58.250033024294105 -6.35
      vertex 86.9212710518496 -57.86103772282145 -6.35
    endloop
  endfacet
  facet normal 0.9951847266721966 0.09801714032956305 0
    outer loop
      vertex 86.75 -57 -1.3500000000000005
      vertex 86.79323311909273 -57.43895322453629 -6.35
      vertex 86.75 -57 -6.35
    endloop
  endfacet
  facet normal 0.9951847266721966 -0.09801714032956305 0
    outer loop
      vertex 86.79323311909273 -56.56104677546371 -1.3500000000000005
      vertex 86.75 -57 -6.35
      vertex 86.79323311909273 -56.56104677546371 -6.35
    endloop
  endfacet
  facet normal 0.9569403357322112 0.2902846772544545 0
    outer loop
      vertex 86.79323311909273 -57.43895322453629 -1.3500000000000005
      vertex 86.9212710518496 -57.86103772282145 -6.35
      vertex 86.79323311909273 -57.43895322453629 -6.35
    endloop
  endfacet
  facet normal 0.9569403357322112 -0.2902846772544545 0
    outer loop
      vertex 86.9212710518496 -56.13896227717855 -1.3500000000000005
      vertex 86.79323311909273 -56.56104677546371 -6.35
      vertex 86.9212710518496 -56.13896227717855 -6.35
    endloop
  endfacet
  facet normal 0.4713967368259805 0.8819212643483643 0
    outer loop
      vertex 87.74996697570589 -58.87080662768073 -1.3500000000000005
      vertex 88.13896227717855 -59.07872894815039 -6.35
      vertex 87.74996697570589 -58.87080662768073 -6.35
    endloop
  endfacet
  facet normal 0.29028467725446927 0.9569403357322067 0
    outer loop
      vertex 88.13896227717855 -59.07872894815039 -1.3500000000000005
      vertex 88.56104677546371 -59.20676688090727 -6.35
      vertex 88.13896227717855 -59.07872894815039 -6.35
    endloop
  endfacet
  facet normal 0.09801714032956305 0.9951847266721966 0
    outer loop
      vertex 88.56104677546371 -59.20676688090727 -1.3500000000000005
      vertex 89 -59.25 -6.35
      vertex 88.56104677546371 -59.20676688090727 -6.35
    endloop
  endfacet
  facet normal -0.09801714032956305 0.9951847266721966 0
    outer loop
      vertex 89 -59.25 -1.3500000000000005
      vertex 89.43895322453629 -59.20676688090727 -6.35
      vertex 89 -59.25 -6.35
    endloop
  endfacet
  facet normal 0.8819212643483472 -0.4713967368260122 0
    outer loop
      vertex 87.12919337231928 -55.749966975705895 -1.3500000000000005
      vertex 86.9212710518496 -56.13896227717855 -6.35
      vertex 87.12919337231928 -55.749966975705895 -6.35
    endloop
  endfacet
  facet normal 0.7730104533627402 -0.6343932841636414 0
    outer loop
      vertex 87.40900974233027 -55.40900974233027 -1.3500000000000005
      vertex 87.12919337231928 -55.749966975705895 -6.35
      vertex 87.40900974233027 -55.40900974233027 -6.35
    endloop
  endfacet
  facet normal 0.6343932841636589 -0.7730104533627259 0
    outer loop
      vertex 87.74996697570589 -55.12919337231927 -1.3500000000000005
      vertex 87.40900974233027 -55.40900974233027 -6.35
      vertex 87.74996697570589 -55.12919337231927 -6.35
    endloop
  endfacet
  facet normal 0.4713967368259805 -0.8819212643483643 0
    outer loop
      vertex 88.13896227717855 -54.92127105184961 -1.3500000000000005
      vertex 87.74996697570589 -55.12919337231927 -6.35
      vertex 88.13896227717855 -54.92127105184961 -6.35
    endloop
  endfacet
  facet normal 0.29028467725446927 -0.9569403357322067 0
    outer loop
      vertex 88.56104677546371 -54.79323311909273 -1.3500000000000005
      vertex 88.13896227717855 -54.92127105184961 -6.35
      vertex 88.56104677546371 -54.79323311909273 -6.35
    endloop
  endfacet
  facet normal 0.09801714032956305 -0.9951847266721966 0
    outer loop
      vertex 89 -54.75 -1.3500000000000005
      vertex 88.56104677546371 -54.79323311909273 -6.35
      vertex 89 -54.75 -6.35
    endloop
  endfacet
  facet normal -0.09801714032956305 -0.9951847266721966 0
    outer loop
      vertex 89.43895322453629 -54.79323311909273 -1.3500000000000005
      vertex 89 -54.75 -6.35
      vertex 89.43895322453629 -54.79323311909273 -6.35
    endloop
  endfacet
  facet normal -0.29028467725446927 0.9569403357322067 0
    outer loop
      vertex 89.43895322453629 -59.20676688090727 -1.3500000000000005
      vertex 89.86103772282145 -59.07872894815039 -6.35
      vertex 89.43895322453629 -59.20676688090727 -6.35
    endloop
  endfacet
  facet normal -0.4713967368259805 0.8819212643483643 0
    outer loop
      vertex 89.86103772282145 -59.07872894815039 -1.3500000000000005
      vertex 90.25003302429411 -58.87080662768073 -6.35
      vertex 89.86103772282145 -59.07872894815039 -6.35
    endloop
  endfacet
  facet normal -0.6343932841636589 0.7730104533627259 0
    outer loop
      vertex 90.25003302429411 -58.87080662768073 -1.3500000000000005
      vertex 90.59099025766973 -58.59099025766973 -6.35
      vertex 90.25003302429411 -58.87080662768073 -6.35
    endloop
  endfacet
  facet normal -0.7730104533627402 0.6343932841636414 0
    outer loop
      vertex 90.59099025766973 -58.59099025766973 -1.3500000000000005
      vertex 90.87080662768072 -58.250033024294105 -6.35
      vertex 90.59099025766973 -58.59099025766973 -6.35
    endloop
  endfacet
  facet normal -0.8819212643483472 0.4713967368260122 0
    outer loop
      vertex 90.87080662768072 -58.250033024294105 -1.3500000000000005
      vertex 91.0787289481504 -57.86103772282145 -6.35
      vertex 90.87080662768072 -58.250033024294105 -6.35
    endloop
  endfacet
  facet normal -0.9569403357322112 0.2902846772544545 0
    outer loop
      vertex 91.0787289481504 -57.86103772282145 -1.3500000000000005
      vertex 91.20676688090727 -57.43895322453629 -6.35
      vertex 91.0787289481504 -57.86103772282145 -6.35
    endloop
  endfacet
  facet normal -0.9951847266721966 0.09801714032956305 0
    outer loop
      vertex 91.20676688090727 -57.43895322453629 -1.3500000000000005
      vertex 91.25 -57 -6.35
      vertex 91.20676688090727 -57.43895322453629 -6.35
    endloop
  endfacet
  facet normal -0.9951847266721966 -0.09801714032956305 0
    outer loop
      vertex 91.25 -57 -1.3500000000000005
      vertex 91.20676688090727 -56.56104677546371 -6.35
      vertex 91.25 -57 -6.35
    endloop
  endfacet
  facet normal -0.9569403357322112 -0.2902846772544545 0
    outer loop
      vertex 91.20676688090727 -56.56104677546371 -1.3500000000000005
      vertex 91.0787289481504 -56.13896227717855 -6.35
      vertex 91.20676688090727 -56.56104677546371 -6.35
    endloop
  endfacet
  facet normal -0.29028467725446927 -0.9569403357322067 0
    outer loop
      vertex 89.86103772282145 -54.92127105184961 -1.3500000000000005
      vertex 89.43895322453629 -54.79323311909273 -6.35
      vertex 89.86103772282145 -54.92127105184961 -6.35
    endloop
  endfacet
  facet normal -0.4713967368259805 -0.8819212643483643 0
    outer loop
      vertex 90.25003302429411 -55.12919337231927 -1.3500000000000005
      vertex 89.86103772282145 -54.92127105184961 -6.35
      vertex 90.25003302429411 -55.12919337231927 -6.35
    endloop
  endfacet
  facet normal -0.8819212643483472 -0.4713967368260122 0
    outer loop
      vertex 91.0787289481504 -56.13896227717855 -1.3500000000000005
      vertex 90.87080662768072 -55.749966975705895 -6.35
      vertex 91.0787289481504 -56.13896227717855 -6.35
    endloop
  endfacet
  facet normal -0.7730104533627402 -0.6343932841636414 0
    outer loop
      vertex 90.87080662768072 -55.749966975705895 -1.3500000000000005
      vertex 90.59099025766973 -55.40900974233027 -6.35
      vertex 90.87080662768072 -55.749966975705895 -6.35
    endloop
  endfacet
  facet normal -0.6343932841636589 -0.7730104533627259 0
    outer loop
      vertex 90.59099025766973 -55.40900974233027 -1.3500000000000005
      vertex 90.25003302429411 -55.12919337231927 -6.35
      vertex 90.59099025766973 -55.40900974233027 -6.35
    endloop
  endfacet
  facet normal 0.6343932841636589 0.7730104533627259 0
    outer loop
      vertex 87.74996697570589 -58.87080662768073 -1.3500000000000005
      vertex 87.74996697570589 -58.87080662768073 -6.35
      vertex 87.40900974233027 -58.59099025766973 -1.3500000000000005
    endloop
  endfacet
  facet normal 0.8819212643483472 0.4713967368260122 0
    outer loop
      vertex 87.12919337231928 -58.250033024294105 -1.3500000000000005
      vertex 87.12919337231928 -58.250033024294105 -6.35
      vertex 86.9212710518496 -57.86103772282145 -1.3500000000000005
    endloop
  endfacet
  facet normal 0.7730104533627402 0.6343932841636414 0
    outer loop
      vertex 87.12919337231928 -58.250033024294105 -1.3500000000000005
      vertex 87.40900974233027 -58.59099025766973 -1.3500000000000005
      vertex 87.40900974233027 -58.59099025766973 -6.35
    endloop
  endfacet
  facet normal 0.9951847266721966 0.09801714032956305 0
    outer loop
      vertex 86.79323311909273 -57.43895322453629 -1.3500000000000005
      vertex 86.79323311909273 -57.43895322453629 -6.35
      vertex 86.75 -57 -1.3500000000000005
    endloop
  endfacet
  facet normal 0.9951847266721966 -0.09801714032956305 0
    outer loop
      vertex 86.75 -57 -1.3500000000000005
      vertex 86.75 -57 -6.35
      vertex 86.79323311909273 -56.56104677546371 -1.3500000000000005
    endloop
  endfacet
  facet normal 0.9569403357322112 0.2902846772544545 0
    outer loop
      vertex 86.9212710518496 -57.86103772282145 -1.3500000000000005
      vertex 86.9212710518496 -57.86103772282145 -6.35
      vertex 86.79323311909273 -57.43895322453629 -1.3500000000000005
    endloop
  endfacet
  facet normal 0.9569403357322112 -0.2902846772544545 0
    outer loop
      vertex 86.79323311909273 -56.56104677546371 -1.3500000000000005
      vertex 86.79323311909273 -56.56104677546371 -6.35
      vertex 86.9212710518496 -56.13896227717855 -1.3500000000000005
    endloop
  endfacet
  facet normal 0.4713967368259805 0.8819212643483643 0
    outer loop
      vertex 87.74996697570589 -58.87080662768073 -1.3500000000000005
      vertex 88.13896227717855 -59.07872894815039 -1.3500000000000005
      vertex 88.13896227717855 -59.07872894815039 -6.35
    endloop
  endfacet
  facet normal 0.29028467725446927 0.9569403357322067 0
    outer loop
      vertex 88.13896227717855 -59.07872894815039 -1.3500000000000005
      vertex 88.56104677546371 -59.20676688090727 -1.3500000000000005
      vertex 88.56104677546371 -59.20676688090727 -6.35
    endloop
  endfacet
  facet normal 0.09801714032956305 0.9951847266721966 0
    outer loop
      vertex 88.56104677546371 -59.20676688090727 -1.3500000000000005
      vertex 89 -59.25 -1.3500000000000005
      vertex 89 -59.25 -6.35
    endloop
  endfacet
  facet normal -0.09801714032956305 0.9951847266721966 0
    outer loop
      vertex 89 -59.25 -1.3500000000000005
      vertex 89.43895322453629 -59.20676688090727 -1.3500000000000005
      vertex 89.43895322453629 -59.20676688090727 -6.35
    endloop
  endfacet
  facet normal 0.8819212643483472 -0.4713967368260122 0
    outer loop
      vertex 86.9212710518496 -56.13896227717855 -1.3500000000000005
      vertex 86.9212710518496 -56.13896227717855 -6.35
      vertex 87.12919337231928 -55.749966975705895 -1.3500000000000005
    endloop
  endfacet
  facet normal 0.7730104533627402 -0.6343932841636414 0
    outer loop
      vertex 87.12919337231928 -55.749966975705895 -1.3500000000000005
      vertex 87.12919337231928 -55.749966975705895 -6.35
      vertex 87.40900974233027 -55.40900974233027 -1.3500000000000005
    endloop
  endfacet
  facet normal 0.6343932841636589 -0.7730104533627259 0
    outer loop
      vertex 87.40900974233027 -55.40900974233027 -1.3500000000000005
      vertex 87.40900974233027 -55.40900974233027 -6.35
      vertex 87.74996697570589 -55.12919337231927 -1.3500000000000005
    endloop
  endfacet
  facet normal 0.4713967368259805 -0.8819212643483643 0
    outer loop
      vertex 87.74996697570589 -55.12919337231927 -1.3500000000000005
      vertex 87.74996697570589 -55.12919337231927 -6.35
      vertex 88.13896227717855 -54.92127105184961 -1.3500000000000005
    endloop
  endfacet
  facet normal 0.29028467725446927 -0.9569403357322067 0
    outer loop
      vertex 88.13896227717855 -54.92127105184961 -1.3500000000000005
      vertex 88.13896227717855 -54.92127105184961 -6.35
      vertex 88.56104677546371 -54.79323311909273 -1.3500000000000005
    endloop
  endfacet
  facet normal 0.09801714032956305 -0.9951847266721966 0
    outer loop
      vertex 88.56104677546371 -54.79323311909273 -1.3500000000000005
      vertex 88.56104677546371 -54.79323311909273 -6.35
      vertex 89 -54.75 -1.3500000000000005
    endloop
  endfacet
  facet normal -0.09801714032956305 -0.9951847266721966 0
    outer loop
      vertex 89 -54.75 -1.3500000000000005
      vertex 89 -54.75 -6.35
      vertex 89.43895322453629 -54.79323311909273 -1.3500000000000005
    endloop
  endfacet
  facet normal -0.29028467725446927 0.9569403357322067 0
    outer loop
      vertex 89.43895322453629 -59.20676688090727 -1.3500000000000005
      vertex 89.86103772282145 -59.07872894815039 -1.3500000000000005
      vertex 89.86103772282145 -59.07872894815039 -6.35
    endloop
  endfacet
  facet normal -0.4713967368259805 0.8819212643483643 0
    outer loop
      vertex 89.86103772282145 -59.07872894815039 -1.3500000000000005
      vertex 90.25003302429411 -58.87080662768073 -1.3500000000000005
      vertex 90.25003302429411 -58.87080662768073 -6.35
    endloop
  endfacet
  facet normal -0.6343932841636589 0.7730104533627259 0
    outer loop
      vertex 90.25003302429411 -58.87080662768073 -1.3500000000000005
      vertex 90.59099025766973 -58.59099025766973 -1.3500000000000005
      vertex 90.59099025766973 -58.59099025766973 -6.35
    endloop
  endfacet
  facet normal -0.7730104533627402 0.6343932841636414 0
    outer loop
      vertex 90.59099025766973 -58.59099025766973 -1.3500000000000005
      vertex 90.87080662768072 -58.250033024294105 -1.3500000000000005
      vertex 90.87080662768072 -58.250033024294105 -6.35
    endloop
  endfacet
  facet normal -0.8819212643483472 0.4713967368260122 0
    outer loop
      vertex 90.87080662768072 -58.250033024294105 -1.3500000000000005
      vertex 91.0787289481504 -57.86103772282145 -1.3500000000000005
      vertex 91.0787289481504 -57.86103772282145 -6.35
    endloop
  endfacet
  facet normal -0.9569403357322112 0.2902846772544545 0
    outer loop
      vertex 91.0787289481504 -57.86103772282145 -1.3500000000000005
      vertex 91.20676688090727 -57.43895322453629 -1.3500000000000005
      vertex 91.20676688090727 -57.43895322453629 -6.35
    endloop
  endfacet
  facet normal -0.9951847266721966 0.09801714032956305 0
    outer loop
      vertex 91.20676688090727 -57.43895322453629 -1.3500000000000005
      vertex 91.25 -57 -1.3500000000000005
      vertex 91.25 -57 -6.35
    endloop
  endfacet
  facet normal -0.9951847266721966 -0.09801714032956305 0
    outer loop
      vertex 91.25 -57 -1.3500000000000005
      vertex 91.20676688090727 -56.56104677546371 -1.3500000000000005
      vertex 91.20676688090727 -56.56104677546371 -6.35
    endloop
  endfacet
  facet normal -0.9569403357322112 -0.2902846772544545 0
    outer loop
      vertex 91.20676688090727 -56.56104677546371 -1.3500000000000005
      vertex 91.0787289481504 -56.13896227717855 -1.3500000000000005
      vertex 91.0787289481504 -56.13896227717855 -6.35
    endloop
  endfacet
  facet normal -0.29028467725446927 -0.9569403357322067 0
    outer loop
      vertex 89.43895322453629 -54.79323311909273 -1.3500000000000005
      vertex 89.43895322453629 -54.79323311909273 -6.35
      vertex 89.86103772282145 -54.92127105184961 -1.3500000000000005
    endloop
  endfacet
  facet normal -0.4713967368259805 -0.8819212643483643 0
    outer loop
      vertex 89.86103772282145 -54.92127105184961 -1.3500000000000005
      vertex 89.86103772282145 -54.92127105184961 -6.35
      vertex 90.25003302429411 -55.12919337231927 -1.3500000000000005
    endloop
  endfacet
  facet normal -0.8819212643483472 -0.4713967368260122 0
    outer loop
      vertex 90.87080662768072 -55.749966975705895 -1.3500000000000005
      vertex 90.87080662768072 -55.749966975705895 -6.35
      vertex 91.0787289481504 -56.13896227717855 -1.3500000000000005
    endloop
  endfacet
  facet normal -0.7730104533627402 -0.6343932841636414 0
    outer loop
      vertex 90.59099025766973 -55.40900974233027 -1.3500000000000005
      vertex 90.59099025766973 -55.40900974233027 -6.35
      vertex 90.87080662768072 -55.749966975705895 -1.3500000000000005
    endloop
  endfacet
  facet normal -0.6343932841636589 -0.7730104533627259 0
    outer loop
      vertex 90.59099025766973 -55.40900974233027 -1.3500000000000005
      vertex 90.25003302429411 -55.12919337231927 -1.3500000000000005
      vertex 90.25003302429411 -55.12919337231927 -6.35
    endloop
  endfacet
  facet normal 0.6343932841636589 0.7730104533627259 0
    outer loop
      vertex 87.40900974233027 55.40900974233027 -1.3500000000000005
      vertex 87.74996697570589 55.12919337231927 -6.35
      vertex 87.40900974233027 55.40900974233027 -6.35
    endloop
  endfacet
  facet normal 0.7730104533627402 0.6343932841636414 0
    outer loop
      vertex 87.12919337231928 55.749966975705895 -1.3500000000000005
      vertex 87.40900974233027 55.40900974233027 -6.35
      vertex 87.12919337231928 55.749966975705895 -6.35
    endloop
  endfacet
  facet normal 0.8819212643483472 0.4713967368260122 0
    outer loop
      vertex 86.9212710518496 56.13896227717855 -1.3500000000000005
      vertex 87.12919337231928 55.749966975705895 -6.35
      vertex 86.9212710518496 56.13896227717855 -6.35
    endloop
  endfacet
  facet normal 0.4713967368259805 0.8819212643483643 0
    outer loop
      vertex 87.74996697570589 55.12919337231927 -1.3500000000000005
      vertex 88.13896227717855 54.92127105184961 -6.35
      vertex 87.74996697570589 55.12919337231927 -6.35
    endloop
  endfacet
  facet normal 0.29028467725446927 0.9569403357322067 0
    outer loop
      vertex 88.13896227717855 54.92127105184961 -1.3500000000000005
      vertex 88.56104677546371 54.79323311909273 -6.35
      vertex 88.13896227717855 54.92127105184961 -6.35
    endloop
  endfacet
  facet normal 0.09801714032956305 0.9951847266721966 0
    outer loop
      vertex 88.56104677546371 54.79323311909273 -1.3500000000000005
      vertex 89 54.75 -6.35
      vertex 88.56104677546371 54.79323311909273 -6.35
    endloop
  endfacet
  facet normal -0.09801714032956305 0.9951847266721966 0
    outer loop
      vertex 89 54.75 -1.3500000000000005
      vertex 89.43895322453629 54.79323311909273 -6.35
      vertex 89 54.75 -6.35
    endloop
  endfacet
  facet normal 0.9951847266721966 0.09801714032956305 0
    outer loop
      vertex 86.75 57 -1.3500000000000005
      vertex 86.79323311909273 56.56104677546371 -6.35
      vertex 86.75 57 -6.35
    endloop
  endfacet
  facet normal 0.9951847266721966 -0.09801714032956305 0
    outer loop
      vertex 86.79323311909273 57.43895322453629 -1.3500000000000005
      vertex 86.75 57 -6.35
      vertex 86.79323311909273 57.43895322453629 -6.35
    endloop
  endfacet
  facet normal 0.9569403357322112 0.2902846772544545 0
    outer loop
      vertex 86.79323311909273 56.56104677546371 -1.3500000000000005
      vertex 86.9212710518496 56.13896227717855 -6.35
      vertex 86.79323311909273 56.56104677546371 -6.35
    endloop
  endfacet
  facet normal 0.9569403357322112 -0.2902846772544545 0
    outer loop
      vertex 86.9212710518496 57.86103772282145 -1.3500000000000005
      vertex 86.79323311909273 57.43895322453629 -6.35
      vertex 86.9212710518496 57.86103772282145 -6.35
    endloop
  endfacet
  facet normal 0.8819212643483472 -0.4713967368260122 0
    outer loop
      vertex 87.12919337231928 58.250033024294105 -1.3500000000000005
      vertex 86.9212710518496 57.86103772282145 -6.35
      vertex 87.12919337231928 58.250033024294105 -6.35
    endloop
  endfacet
  facet normal 0.7730104533627402 -0.6343932841636414 0
    outer loop
      vertex 87.40900974233027 58.59099025766973 -1.3500000000000005
      vertex 87.12919337231928 58.250033024294105 -6.35
      vertex 87.40900974233027 58.59099025766973 -6.35
    endloop
  endfacet
  facet normal 0.6343932841636589 -0.7730104533627259 0
    outer loop
      vertex 87.74996697570589 58.87080662768073 -1.3500000000000005
      vertex 87.40900974233027 58.59099025766973 -6.35
      vertex 87.74996697570589 58.87080662768073 -6.35
    endloop
  endfacet
  facet normal 0.4713967368259805 -0.8819212643483643 0
    outer loop
      vertex 88.13896227717855 59.07872894815039 -1.3500000000000005
      vertex 87.74996697570589 58.87080662768073 -6.35
      vertex 88.13896227717855 59.07872894815039 -6.35
    endloop
  endfacet
  facet normal 0.29028467725446927 -0.9569403357322067 0
    outer loop
      vertex 88.56104677546371 59.20676688090727 -1.3500000000000005
      vertex 88.13896227717855 59.07872894815039 -6.35
      vertex 88.56104677546371 59.20676688090727 -6.35
    endloop
  endfacet
  facet normal 0.09801714032956305 -0.9951847266721966 0
    outer loop
      vertex 89 59.25 -1.3500000000000005
      vertex 88.56104677546371 59.20676688090727 -6.35
      vertex 89 59.25 -6.35
    endloop
  endfacet
  facet normal -0.09801714032956305 -0.9951847266721966 0
    outer loop
      vertex 89.43895322453629 59.20676688090727 -1.3500000000000005
      vertex 89 59.25 -6.35
      vertex 89.43895322453629 59.20676688090727 -6.35
    endloop
  endfacet
  facet normal -0.29028467725446927 0.9569403357322067 0
    outer loop
      vertex 89.43895322453629 54.79323311909273 -1.3500000000000005
      vertex 89.86103772282145 54.92127105184961 -6.35
      vertex 89.43895322453629 54.79323311909273 -6.35
    endloop
  endfacet
  facet normal -0.4713967368259805 0.8819212643483643 0
    outer loop
      vertex 89.86103772282145 54.92127105184961 -1.3500000000000005
      vertex 90.25003302429411 55.12919337231927 -6.35
      vertex 89.86103772282145 54.92127105184961 -6.35
    endloop
  endfacet
  facet normal -0.6343932841636589 0.7730104533627259 0
    outer loop
      vertex 90.25003302429411 55.12919337231927 -1.3500000000000005
      vertex 90.59099025766973 55.40900974233027 -6.35
      vertex 90.25003302429411 55.12919337231927 -6.35
    endloop
  endfacet
  facet normal -0.7730104533627402 0.6343932841636414 0
    outer loop
      vertex 90.59099025766973 55.40900974233027 -1.3500000000000005
      vertex 90.87080662768072 55.749966975705895 -6.35
      vertex 90.59099025766973 55.40900974233027 -6.35
    endloop
  endfacet
  facet normal -0.8819212643483472 0.4713967368260122 0
    outer loop
      vertex 90.87080662768072 55.749966975705895 -1.3500000000000005
      vertex 91.0787289481504 56.13896227717855 -6.35
      vertex 90.87080662768072 55.749966975705895 -6.35
    endloop
  endfacet
  facet normal -0.29028467725446927 -0.9569403357322067 0
    outer loop
      vertex 89.86103772282145 59.07872894815039 -1.3500000000000005
      vertex 89.43895322453629 59.20676688090727 -6.35
      vertex 89.86103772282145 59.07872894815039 -6.35
    endloop
  endfacet
  facet normal -0.4713967368259805 -0.8819212643483643 0
    outer loop
      vertex 90.25003302429411 58.87080662768073 -1.3500000000000005
      vertex 89.86103772282145 59.07872894815039 -6.35
      vertex 90.25003302429411 58.87080662768073 -6.35
    endloop
  endfacet
  facet normal -0.8819212643483472 -0.4713967368260122 0
    outer loop
      vertex 91.0787289481504 57.86103772282145 -1.3500000000000005
      vertex 90.87080662768072 58.250033024294105 -6.35
      vertex 91.0787289481504 57.86103772282145 -6.35
    endloop
  endfacet
  facet normal -0.7730104533627402 -0.6343932841636414 0
    outer loop
      vertex 90.87080662768072 58.250033024294105 -1.3500000000000005
      vertex 90.59099025766973 58.59099025766973 -6.35
      vertex 90.87080662768072 58.250033024294105 -6.35
    endloop
  endfacet
  facet normal -0.6343932841636589 -0.7730104533627259 0
    outer loop
      vertex 90.59099025766973 58.59099025766973 -1.3500000000000005
      vertex 90.25003302429411 58.87080662768073 -6.35
      vertex 90.59099025766973 58.59099025766973 -6.35
    endloop
  endfacet
  facet normal -0.9569403357322112 0.2902846772544545 0
    outer loop
      vertex 91.0787289481504 56.13896227717855 -1.3500000000000005
      vertex 91.20676688090727 56.56104677546371 -6.35
      vertex 91.0787289481504 56.13896227717855 -6.35
    endloop
  endfacet
  facet normal -0.9951847266721966 0.09801714032956305 0
    outer loop
      vertex 91.20676688090727 56.56104677546371 -1.3500000000000005
      vertex 91.25 57 -6.35
      vertex 91.20676688090727 56.56104677546371 -6.35
    endloop
  endfacet
  facet normal -0.9951847266721966 -0.09801714032956305 0
    outer loop
      vertex 91.25 57 -1.3500000000000005
      vertex 91.20676688090727 57.43895322453629 -6.35
      vertex 91.25 57 -6.35
    endloop
  endfacet
  facet normal -0.9569403357322112 -0.2902846772544545 0
    outer loop
      vertex 91.20676688090727 57.43895322453629 -1.3500000000000005
      vertex 91.0787289481504 57.86103772282145 -6.35
      vertex 91.20676688090727 57.43895322453629 -6.35
    endloop
  endfacet
  facet normal 0.6343932841636589 0.7730104533627259 0
    outer loop
      vertex 87.74996697570589 55.12919337231927 -1.3500000000000005
      vertex 87.74996697570589 55.12919337231927 -6.35
      vertex 87.40900974233027 55.40900974233027 -1.3500000000000005
    endloop
  endfacet
  facet normal 0.8819212643483472 0.4713967368260122 0
    outer loop
      vertex 87.12919337231928 55.749966975705895 -1.3500000000000005
      vertex 87.12919337231928 55.749966975705895 -6.35
      vertex 86.9212710518496 56.13896227717855 -1.3500000000000005
    endloop
  endfacet
  facet normal 0.7730104533627402 0.6343932841636414 0
    outer loop
      vertex 87.12919337231928 55.749966975705895 -1.3500000000000005
      vertex 87.40900974233027 55.40900974233027 -1.3500000000000005
      vertex 87.40900974233027 55.40900974233027 -6.35
    endloop
  endfacet
  facet normal 0.4713967368259805 0.8819212643483643 0
    outer loop
      vertex 87.74996697570589 55.12919337231927 -1.3500000000000005
      vertex 88.13896227717855 54.92127105184961 -1.3500000000000005
      vertex 88.13896227717855 54.92127105184961 -6.35
    endloop
  endfacet
  facet normal 0.29028467725446927 0.9569403357322067 0
    outer loop
      vertex 88.13896227717855 54.92127105184961 -1.3500000000000005
      vertex 88.56104677546371 54.79323311909273 -1.3500000000000005
      vertex 88.56104677546371 54.79323311909273 -6.35
    endloop
  endfacet
  facet normal 0.09801714032956305 0.9951847266721966 0
    outer loop
      vertex 88.56104677546371 54.79323311909273 -1.3500000000000005
      vertex 89 54.75 -1.3500000000000005
      vertex 89 54.75 -6.35
    endloop
  endfacet
  facet normal -0.09801714032956305 0.9951847266721966 0
    outer loop
      vertex 89 54.75 -1.3500000000000005
      vertex 89.43895322453629 54.79323311909273 -1.3500000000000005
      vertex 89.43895322453629 54.79323311909273 -6.35
    endloop
  endfacet
  facet normal 0.9951847266721966 0.09801714032956305 0
    outer loop
      vertex 86.79323311909273 56.56104677546371 -1.3500000000000005
      vertex 86.79323311909273 56.56104677546371 -6.35
      vertex 86.75 57 -1.3500000000000005
    endloop
  endfacet
  facet normal 0.9951847266721966 -0.09801714032956305 0
    outer loop
      vertex 86.75 57 -1.3500000000000005
      vertex 86.75 57 -6.35
      vertex 86.79323311909273 57.43895322453629 -1.3500000000000005
    endloop
  endfacet
  facet normal 0.9569403357322112 0.2902846772544545 0
    outer loop
      vertex 86.9212710518496 56.13896227717855 -1.3500000000000005
      vertex 86.9212710518496 56.13896227717855 -6.35
      vertex 86.79323311909273 56.56104677546371 -1.3500000000000005
    endloop
  endfacet
  facet normal 0.9569403357322112 -0.2902846772544545 0
    outer loop
      vertex 86.79323311909273 57.43895322453629 -1.3500000000000005
      vertex 86.79323311909273 57.43895322453629 -6.35
      vertex 86.9212710518496 57.86103772282145 -1.3500000000000005
    endloop
  endfacet
  facet normal 0.8819212643483472 -0.4713967368260122 0
    outer loop
      vertex 86.9212710518496 57.86103772282145 -1.3500000000000005
      vertex 86.9212710518496 57.86103772282145 -6.35
      vertex 87.12919337231928 58.250033024294105 -1.3500000000000005
    endloop
  endfacet
  facet normal 0.7730104533627402 -0.6343932841636414 0
    outer loop
      vertex 87.12919337231928 58.250033024294105 -1.3500000000000005
      vertex 87.12919337231928 58.250033024294105 -6.35
      vertex 87.40900974233027 58.59099025766973 -1.3500000000000005
    endloop
  endfacet
  facet normal 0.6343932841636589 -0.7730104533627259 0
    outer loop
      vertex 87.40900974233027 58.59099025766973 -1.3500000000000005
      vertex 87.40900974233027 58.59099025766973 -6.35
      vertex 87.74996697570589 58.87080662768073 -1.3500000000000005
    endloop
  endfacet
  facet normal 0.4713967368259805 -0.8819212643483643 0
    outer loop
      vertex 87.74996697570589 58.87080662768073 -1.3500000000000005
      vertex 87.74996697570589 58.87080662768073 -6.35
      vertex 88.13896227717855 59.07872894815039 -1.3500000000000005
    endloop
  endfacet
  facet normal 0.29028467725446927 -0.9569403357322067 0
    outer loop
      vertex 88.13896227717855 59.07872894815039 -1.3500000000000005
      vertex 88.13896227717855 59.07872894815039 -6.35
      vertex 88.56104677546371 59.20676688090727 -1.3500000000000005
    endloop
  endfacet
  facet normal 0.09801714032956305 -0.9951847266721966 0
    outer loop
      vertex 88.56104677546371 59.20676688090727 -1.3500000000000005
      vertex 88.56104677546371 59.20676688090727 -6.35
      vertex 89 59.25 -1.3500000000000005
    endloop
  endfacet
  facet normal -0.09801714032956305 -0.9951847266721966 0
    outer loop
      vertex 89 59.25 -1.3500000000000005
      vertex 89 59.25 -6.35
      vertex 89.43895322453629 59.20676688090727 -1.3500000000000005
    endloop
  endfacet
  facet normal -0.29028467725446927 0.9569403357322067 0
    outer loop
      vertex 89.43895322453629 54.79323311909273 -1.3500000000000005
      vertex 89.86103772282145 54.92127105184961 -1.3500000000000005
      vertex 89.86103772282145 54.92127105184961 -6.35
    endloop
  endfacet
  facet normal -0.4713967368259805 0.8819212643483643 0
    outer loop
      vertex 89.86103772282145 54.92127105184961 -1.3500000000000005
      vertex 90.25003302429411 55.12919337231927 -1.3500000000000005
      vertex 90.25003302429411 55.12919337231927 -6.35
    endloop
  endfacet
  facet normal -0.6343932841636589 0.7730104533627259 0
    outer loop
      vertex 90.25003302429411 55.12919337231927 -1.3500000000000005
      vertex 90.59099025766973 55.40900974233027 -1.3500000000000005
      vertex 90.59099025766973 55.40900974233027 -6.35
    endloop
  endfacet
  facet normal -0.7730104533627402 0.6343932841636414 0
    outer loop
      vertex 90.59099025766973 55.40900974233027 -1.3500000000000005
      vertex 90.87080662768072 55.749966975705895 -1.3500000000000005
      vertex 90.87080662768072 55.749966975705895 -6.35
    endloop
  endfacet
  facet normal -0.8819212643483472 0.4713967368260122 0
    outer loop
      vertex 90.87080662768072 55.749966975705895 -1.3500000000000005
      vertex 91.0787289481504 56.13896227717855 -1.3500000000000005
      vertex 91.0787289481504 56.13896227717855 -6.35
    endloop
  endfacet
  facet normal -0.29028467725446927 -0.9569403357322067 0
    outer loop
      vertex 89.43895322453629 59.20676688090727 -1.3500000000000005
      vertex 89.43895322453629 59.20676688090727 -6.35
      vertex 89.86103772282145 59.07872894815039 -1.3500000000000005
    endloop
  endfacet
  facet normal -0.4713967368259805 -0.8819212643483643 0
    outer loop
      vertex 89.86103772282145 59.07872894815039 -1.3500000000000005
      vertex 89.86103772282145 59.07872894815039 -6.35
      vertex 90.25003302429411 58.87080662768073 -1.3500000000000005
    endloop
  endfacet
  facet normal -0.8819212643483472 -0.4713967368260122 0
    outer loop
      vertex 90.87080662768072 58.250033024294105 -1.3500000000000005
      vertex 90.87080662768072 58.250033024294105 -6.35
      vertex 91.0787289481504 57.86103772282145 -1.3500000000000005
    endloop
  endfacet
  facet normal -0.7730104533627402 -0.6343932841636414 0
    outer loop
      vertex 90.59099025766973 58.59099025766973 -1.3500000000000005
      vertex 90.59099025766973 58.59099025766973 -6.35
      vertex 90.87080662768072 58.250033024294105 -1.3500000000000005
    endloop
  endfacet
  facet normal -0.6343932841636589 -0.7730104533627259 0
    outer loop
      vertex 90.25003302429411 58.87080662768073 -1.3500000000000005
      vertex 90.25003302429411 58.87080662768073 -6.35
      vertex 90.59099025766973 58.59099025766973 -1.3500000000000005
    endloop
  endfacet
  facet normal -0.9569403357322112 0.2902846772544545 0
    outer loop
      vertex 91.0787289481504 56.13896227717855 -1.3500000000000005
      vertex 91.20676688090727 56.56104677546371 -1.3500000000000005
      vertex 91.20676688090727 56.56104677546371 -6.35
    endloop
  endfacet
  facet normal -0.9951847266721966 0.09801714032956305 0
    outer loop
      vertex 91.20676688090727 56.56104677546371 -1.3500000000000005
      vertex 91.25 57 -1.3500000000000005
      vertex 91.25 57 -6.35
    endloop
  endfacet
  facet normal -0.9951847266721966 -0.09801714032956305 0
    outer loop
      vertex 91.25 57 -1.3500000000000005
      vertex 91.20676688090727 57.43895322453629 -1.3500000000000005
      vertex 91.20676688090727 57.43895322453629 -6.35
    endloop
  endfacet
  facet normal -0.9569403357322112 -0.2902846772544545 0
    outer loop
      vertex 91.20676688090727 57.43895322453629 -1.3500000000000005
      vertex 91.0787289481504 57.86103772282145 -1.3500000000000005
      vertex 91.0787289481504 57.86103772282145 -6.35
    endloop
  endfacet
  facet normal 0.7730104533627363 0.6343932841636463 0
    outer loop
      vertex -1.8708066276807267 -58.250033024294105 -1.3500000000000005
      vertex -1.5909902576697321 -58.59099025766973 -6.35
      vertex -1.8708066276807267 -58.250033024294105 -6.35
    endloop
  endfacet
  facet normal 0.8819212643483557 0.47139673682599614 0
    outer loop
      vertex -2.078728948150395 -57.86103772282145 -1.3500000000000005
      vertex -1.8708066276807267 -58.250033024294105 -6.35
      vertex -2.078728948150395 -57.86103772282145 -6.35
    endloop
  endfacet
  facet normal 0.9569403357322079 0.2902846772544656 0
    outer loop
      vertex -2.2067668809072685 -57.43895322453629 -1.3500000000000005
      vertex -2.078728948150395 -57.86103772282145 -6.35
      vertex -2.2067668809072685 -57.43895322453629 -6.35
    endloop
  endfacet
  facet normal 0.9951847266721969 0.09801714032956006 0
    outer loop
      vertex -2.25 -57 -1.3500000000000005
      vertex -2.2067668809072685 -57.43895322453629 -6.35
      vertex -2.25 -57 -6.35
    endloop
  endfacet
  facet normal 0.9951847266721969 -0.09801714032956006 0
    outer loop
      vertex -2.2067668809072685 -56.56104677546371 -1.3500000000000005
      vertex -2.25 -57 -6.35
      vertex -2.2067668809072685 -56.56104677546371 -6.35
    endloop
  endfacet
  facet normal 0.9569403357322079 -0.2902846772544656 0
    outer loop
      vertex -2.078728948150395 -56.13896227717855 -1.3500000000000005
      vertex -2.2067668809072685 -56.56104677546371 -6.35
      vertex -2.078728948150395 -56.13896227717855 -6.35
    endloop
  endfacet
  facet normal 0.6343932841636496 0.7730104533627337 0
    outer loop
      vertex -1.5909902576697321 -58.59099025766973 -1.3500000000000005
      vertex -1.250033024294105 -58.87080662768073 -6.35
      vertex -1.5909902576697321 -58.59099025766973 -6.35
    endloop
  endfacet
  facet normal 0.47139673682598854 0.8819212643483599 0
    outer loop
      vertex -1.250033024294105 -58.87080662768073 -1.3500000000000005
      vertex -0.861037722821452 -59.07872894815039 -6.35
      vertex -1.250033024294105 -58.87080662768073 -6.35
    endloop
  endfacet
  facet normal 0.2902846772544664 0.9569403357322076 0
    outer loop
      vertex -0.861037722821452 -59.07872894815039 -1.3500000000000005
      vertex -0.43895322453628854 -59.20676688090727 -6.35
      vertex -0.861037722821452 -59.07872894815039 -6.35
    endloop
  endfacet
  facet normal 0.0980171403295637 0.9951847266721966 0
    outer loop
      vertex -0.43895322453628854 -59.20676688090727 -1.3500000000000005
      vertex 0 -59.25 -6.35
      vertex -0.43895322453628854 -59.20676688090727 -6.35
    endloop
  endfacet
  facet normal 0.8819212643483557 -0.47139673682599614 0
    outer loop
      vertex -1.8708066276807267 -55.749966975705895 -1.3500000000000005
      vertex -2.078728948150395 -56.13896227717855 -6.35
      vertex -1.8708066276807267 -55.749966975705895 -6.35
    endloop
  endfacet
  facet normal 0.7730104533627363 -0.6343932841636463 0
    outer loop
      vertex -1.5909902576697321 -55.40900974233027 -1.3500000000000005
      vertex -1.8708066276807267 -55.749966975705895 -6.35
      vertex -1.5909902576697321 -55.40900974233027 -6.35
    endloop
  endfacet
  facet normal 0.6343932841636496 -0.7730104533627337 0
    outer loop
      vertex -1.250033024294105 -55.12919337231927 -1.3500000000000005
      vertex -1.5909902576697321 -55.40900974233027 -6.35
      vertex -1.250033024294105 -55.12919337231927 -6.35
    endloop
  endfacet
  facet normal 0.47139673682598854 -0.8819212643483599 0
    outer loop
      vertex -0.861037722821452 -54.92127105184961 -1.3500000000000005
      vertex -1.250033024294105 -55.12919337231927 -6.35
      vertex -0.861037722821452 -54.92127105184961 -6.35
    endloop
  endfacet
  facet normal 0.2902846772544664 -0.9569403357322076 0
    outer loop
      vertex -0.43895322453628854 -54.79323311909273 -1.3500000000000005
      vertex -0.861037722821452 -54.92127105184961 -6.35
      vertex -0.43895322453628854 -54.79323311909273 -6.35
    endloop
  endfacet
  facet normal 0.0980171403295637 -0.9951847266721966 0
    outer loop
      vertex 0 -54.75 -1.3500000000000005
      vertex -0.43895322453628854 -54.79323311909273 -6.35
      vertex 0 -54.75 -6.35
    endloop
  endfacet
  facet normal 0.8819212643483557 0.47139673682599614 0
    outer loop
      vertex -1.8708066276807267 -58.250033024294105 -1.3500000000000005
      vertex -1.8708066276807267 -58.250033024294105 -6.35
      vertex -2.078728948150395 -57.86103772282145 -1.3500000000000005
    endloop
  endfacet
  facet normal 0.9951847266721969 0.09801714032956006 0
    outer loop
      vertex -2.2067668809072685 -57.43895322453629 -1.3500000000000005
      vertex -2.2067668809072685 -57.43895322453629 -6.35
      vertex -2.25 -57 -1.3500000000000005
    endloop
  endfacet
  facet normal 0.9569403357322079 0.2902846772544656 0
    outer loop
      vertex -2.2067668809072685 -57.43895322453629 -1.3500000000000005
      vertex -2.078728948150395 -57.86103772282145 -1.3500000000000005
      vertex -2.078728948150395 -57.86103772282145 -6.35
    endloop
  endfacet
  facet normal 0.9951847266721969 -0.09801714032956006 0
    outer loop
      vertex -2.25 -57 -1.3500000000000005
      vertex -2.25 -57 -6.35
      vertex -2.2067668809072685 -56.56104677546371 -1.3500000000000005
    endloop
  endfacet
  facet normal 0.9569403357322079 -0.2902846772544656 0
    outer loop
      vertex -2.2067668809072685 -56.56104677546371 -1.3500000000000005
      vertex -2.2067668809072685 -56.56104677546371 -6.35
      vertex -2.078728948150395 -56.13896227717855 -1.3500000000000005
    endloop
  endfacet
  facet normal 0.6343932841636496 0.7730104533627337 0
    outer loop
      vertex -1.5909902576697321 -58.59099025766973 -1.3500000000000005
      vertex -1.250033024294105 -58.87080662768073 -1.3500000000000005
      vertex -1.250033024294105 -58.87080662768073 -6.35
    endloop
  endfacet
  facet normal 0.47139673682598854 0.8819212643483599 0
    outer loop
      vertex -1.250033024294105 -58.87080662768073 -1.3500000000000005
      vertex -0.861037722821452 -59.07872894815039 -1.3500000000000005
      vertex -0.861037722821452 -59.07872894815039 -6.35
    endloop
  endfacet
  facet normal 0.7730104533627363 0.6343932841636463 0
    outer loop
      vertex -1.8708066276807267 -58.250033024294105 -1.3500000000000005
      vertex -1.5909902576697321 -58.59099025766973 -1.3500000000000005
      vertex -1.5909902576697321 -58.59099025766973 -6.35
    endloop
  endfacet
  facet normal 0.2902846772544664 0.9569403357322076 0
    outer loop
      vertex -0.861037722821452 -59.07872894815039 -1.3500000000000005
      vertex -0.43895322453628854 -59.20676688090727 -1.3500000000000005
      vertex -0.43895322453628854 -59.20676688090727 -6.35
    endloop
  endfacet
  facet normal 0.0980171403295637 0.9951847266721966 0
    outer loop
      vertex -0.43895322453628854 -59.20676688090727 -1.3500000000000005
      vertex 0 -59.25 -1.3500000000000005
      vertex 0 -59.25 -6.35
    endloop
  endfacet
  facet normal 0.8819212643483557 -0.47139673682599614 0
    outer loop
      vertex -2.078728948150395 -56.13896227717855 -1.3500000000000005
      vertex -2.078728948150395 -56.13896227717855 -6.35
      vertex -1.8708066276807267 -55.749966975705895 -1.3500000000000005
    endloop
  endfacet
  facet normal 0.7730104533627363 -0.6343932841636463 0
    outer loop
      vertex -1.8708066276807267 -55.749966975705895 -1.3500000000000005
      vertex -1.8708066276807267 -55.749966975705895 -6.35
      vertex -1.5909902576697321 -55.40900974233027 -1.3500000000000005
    endloop
  endfacet
  facet normal 0.6343932841636496 -0.7730104533627337 0
    outer loop
      vertex -1.5909902576697321 -55.40900974233027 -1.3500000000000005
      vertex -1.5909902576697321 -55.40900974233027 -6.35
      vertex -1.250033024294105 -55.12919337231927 -1.3500000000000005
    endloop
  endfacet
  facet normal 0.47139673682598854 -0.8819212643483599 0
    outer loop
      vertex -1.250033024294105 -55.12919337231927 -1.3500000000000005
      vertex -1.250033024294105 -55.12919337231927 -6.35
      vertex -0.861037722821452 -54.92127105184961 -1.3500000000000005
    endloop
  endfacet
  facet normal 0.2902846772544664 -0.9569403357322076 0
    outer loop
      vertex -0.861037722821452 -54.92127105184961 -1.3500000000000005
      vertex -0.861037722821452 -54.92127105184961 -6.35
      vertex -0.43895322453628854 -54.79323311909273 -1.3500000000000005
    endloop
  endfacet
  facet normal 0.0980171403295637 -0.9951847266721966 0
    outer loop
      vertex -0.43895322453628854 -54.79323311909273 -1.3500000000000005
      vertex -0.43895322453628854 -54.79323311909273 -6.35
      vertex 0 -54.75 -1.3500000000000005
    endloop
  endfacet
  facet normal -0.0980171403295637 0.9951847266721966 0
    outer loop
      vertex 0 -59.25 -1.3500000000000005
      vertex 0.43895322453628854 -59.20676688090727 -6.35
      vertex 0 -59.25 -6.35
    endloop
  endfacet
  facet normal -0.2902846772544664 0.9569403357322076 0
    outer loop
      vertex 0.43895322453628854 -59.20676688090727 -1.3500000000000005
      vertex 0.861037722821452 -59.07872894815039 -6.35
      vertex 0.43895322453628854 -59.20676688090727 -6.35
    endloop
  endfacet
  facet normal -0.47139673682598854 0.8819212643483599 0
    outer loop
      vertex 0.861037722821452 -59.07872894815039 -1.3500000000000005
      vertex 1.250033024294105 -58.87080662768073 -6.35
      vertex 0.861037722821452 -59.07872894815039 -6.35
    endloop
  endfacet
  facet normal -0.6343932841636496 0.7730104533627337 0
    outer loop
      vertex 1.250033024294105 -58.87080662768073 -1.3500000000000005
      vertex 1.5909902576697321 -58.59099025766973 -6.35
      vertex 1.250033024294105 -58.87080662768073 -6.35
    endloop
  endfacet
  facet normal -0.7730104533627363 0.6343932841636463 0
    outer loop
      vertex 1.5909902576697321 -58.59099025766973 -1.3500000000000005
      vertex 1.8708066276807267 -58.250033024294105 -6.35
      vertex 1.5909902576697321 -58.59099025766973 -6.35
    endloop
  endfacet
  facet normal -0.8819212643483557 0.47139673682599614 0
    outer loop
      vertex 1.8708066276807267 -58.250033024294105 -1.3500000000000005
      vertex 2.078728948150395 -57.86103772282145 -6.35
      vertex 1.8708066276807267 -58.250033024294105 -6.35
    endloop
  endfacet
  facet normal -0.9569403357322079 0.2902846772544656 0
    outer loop
      vertex 2.078728948150395 -57.86103772282145 -1.3500000000000005
      vertex 2.2067668809072685 -57.43895322453629 -6.35
      vertex 2.078728948150395 -57.86103772282145 -6.35
    endloop
  endfacet
  facet normal -0.9951847266721969 0.09801714032956006 0
    outer loop
      vertex 2.2067668809072685 -57.43895322453629 -1.3500000000000005
      vertex 2.25 -57 -6.35
      vertex 2.2067668809072685 -57.43895322453629 -6.35
    endloop
  endfacet
  facet normal -0.9951847266721969 -0.09801714032956006 0
    outer loop
      vertex 2.25 -57 -1.3500000000000005
      vertex 2.2067668809072685 -56.56104677546371 -6.35
      vertex 2.25 -57 -6.35
    endloop
  endfacet
  facet normal -0.9569403357322079 -0.2902846772544656 0
    outer loop
      vertex 2.2067668809072685 -56.56104677546371 -1.3500000000000005
      vertex 2.078728948150395 -56.13896227717855 -6.35
      vertex 2.2067668809072685 -56.56104677546371 -6.35
    endloop
  endfacet
  facet normal -0.0980171403295637 -0.9951847266721966 0
    outer loop
      vertex 0.43895322453628854 -54.79323311909273 -1.3500000000000005
      vertex 0 -54.75 -6.35
      vertex 0.43895322453628854 -54.79323311909273 -6.35
    endloop
  endfacet
  facet normal -0.2902846772544664 -0.9569403357322076 0
    outer loop
      vertex 0.861037722821452 -54.92127105184961 -1.3500000000000005
      vertex 0.43895322453628854 -54.79323311909273 -6.35
      vertex 0.861037722821452 -54.92127105184961 -6.35
    endloop
  endfacet
  facet normal -0.47139673682598854 -0.8819212643483599 0
    outer loop
      vertex 1.250033024294105 -55.12919337231927 -1.3500000000000005
      vertex 0.861037722821452 -54.92127105184961 -6.35
      vertex 1.250033024294105 -55.12919337231927 -6.35
    endloop
  endfacet
  facet normal -0.6343932841636496 -0.7730104533627337 0
    outer loop
      vertex 1.5909902576697321 -55.40900974233027 -1.3500000000000005
      vertex 1.250033024294105 -55.12919337231927 -6.35
      vertex 1.5909902576697321 -55.40900974233027 -6.35
    endloop
  endfacet
  facet normal -0.8819212643483557 -0.47139673682599614 0
    outer loop
      vertex 2.078728948150395 -56.13896227717855 -1.3500000000000005
      vertex 1.8708066276807267 -55.749966975705895 -6.35
      vertex 2.078728948150395 -56.13896227717855 -6.35
    endloop
  endfacet
  facet normal -0.7730104533627363 -0.6343932841636463 0
    outer loop
      vertex 1.8708066276807267 -55.749966975705895 -1.3500000000000005
      vertex 1.5909902576697321 -55.40900974233027 -6.35
      vertex 1.8708066276807267 -55.749966975705895 -6.35
    endloop
  endfacet
  facet normal -0.0980171403295637 0.9951847266721966 0
    outer loop
      vertex 0 -59.25 -1.3500000000000005
      vertex 0.43895322453628854 -59.20676688090727 -1.3500000000000005
      vertex 0.43895322453628854 -59.20676688090727 -6.35
    endloop
  endfacet
  facet normal -0.2902846772544664 0.9569403357322076 0
    outer loop
      vertex 0.43895322453628854 -59.20676688090727 -1.3500000000000005
      vertex 0.861037722821452 -59.07872894815039 -1.3500000000000005
      vertex 0.861037722821452 -59.07872894815039 -6.35
    endloop
  endfacet
  facet normal -0.47139673682598854 0.8819212643483599 0
    outer loop
      vertex 0.861037722821452 -59.07872894815039 -1.3500000000000005
      vertex 1.250033024294105 -58.87080662768073 -1.3500000000000005
      vertex 1.250033024294105 -58.87080662768073 -6.35
    endloop
  endfacet
  facet normal -0.6343932841636496 0.7730104533627337 0
    outer loop
      vertex 1.250033024294105 -58.87080662768073 -1.3500000000000005
      vertex 1.5909902576697321 -58.59099025766973 -1.3500000000000005
      vertex 1.5909902576697321 -58.59099025766973 -6.35
    endloop
  endfacet
  facet normal -0.7730104533627363 0.6343932841636463 0
    outer loop
      vertex 1.5909902576697321 -58.59099025766973 -1.3500000000000005
      vertex 1.8708066276807267 -58.250033024294105 -1.3500000000000005
      vertex 1.8708066276807267 -58.250033024294105 -6.35
    endloop
  endfacet
  facet normal -0.8819212643483557 0.47139673682599614 0
    outer loop
      vertex 1.8708066276807267 -58.250033024294105 -1.3500000000000005
      vertex 2.078728948150395 -57.86103772282145 -1.3500000000000005
      vertex 2.078728948150395 -57.86103772282145 -6.35
    endloop
  endfacet
  facet normal -0.9569403357322079 0.2902846772544656 0
    outer loop
      vertex 2.078728948150395 -57.86103772282145 -1.3500000000000005
      vertex 2.2067668809072685 -57.43895322453629 -1.3500000000000005
      vertex 2.2067668809072685 -57.43895322453629 -6.35
    endloop
  endfacet
  facet normal -0.9951847266721969 0.09801714032956006 0
    outer loop
      vertex 2.2067668809072685 -57.43895322453629 -1.3500000000000005
      vertex 2.25 -57 -1.3500000000000005
      vertex 2.25 -57 -6.35
    endloop
  endfacet
  facet normal -0.9569403357322079 -0.2902846772544656 0
    outer loop
      vertex 2.078728948150395 -56.13896227717855 -1.3500000000000005
      vertex 2.078728948150395 -56.13896227717855 -6.35
      vertex 2.2067668809072685 -56.56104677546371 -1.3500000000000005
    endloop
  endfacet
  facet normal -0.9951847266721969 -0.09801714032956006 0
    outer loop
      vertex 2.25 -57 -1.3500000000000005
      vertex 2.2067668809072685 -56.56104677546371 -1.3500000000000005
      vertex 2.2067668809072685 -56.56104677546371 -6.35
    endloop
  endfacet
  facet normal -0.0980171403295637 -0.9951847266721966 0
    outer loop
      vertex 0 -54.75 -1.3500000000000005
      vertex 0 -54.75 -6.35
      vertex 0.43895322453628854 -54.79323311909273 -1.3500000000000005
    endloop
  endfacet
  facet normal -0.2902846772544664 -0.9569403357322076 0
    outer loop
      vertex 0.43895322453628854 -54.79323311909273 -1.3500000000000005
      vertex 0.43895322453628854 -54.79323311909273 -6.35
      vertex 0.861037722821452 -54.92127105184961 -1.3500000000000005
    endloop
  endfacet
  facet normal -0.7730104533627363 -0.6343932841636463 0
    outer loop
      vertex 1.5909902576697321 -55.40900974233027 -1.3500000000000005
      vertex 1.5909902576697321 -55.40900974233027 -6.35
      vertex 1.8708066276807267 -55.749966975705895 -1.3500000000000005
    endloop
  endfacet
  facet normal -0.47139673682598854 -0.8819212643483599 0
    outer loop
      vertex 0.861037722821452 -54.92127105184961 -1.3500000000000005
      vertex 0.861037722821452 -54.92127105184961 -6.35
      vertex 1.250033024294105 -55.12919337231927 -1.3500000000000005
    endloop
  endfacet
  facet normal -0.6343932841636496 -0.7730104533627337 0
    outer loop
      vertex 1.250033024294105 -55.12919337231927 -1.3500000000000005
      vertex 1.250033024294105 -55.12919337231927 -6.35
      vertex 1.5909902576697321 -55.40900974233027 -1.3500000000000005
    endloop
  endfacet
  facet normal -0.8819212643483557 -0.47139673682599614 0
    outer loop
      vertex 2.078728948150395 -56.13896227717855 -1.3500000000000005
      vertex 1.8708066276807267 -55.749966975705895 -1.3500000000000005
      vertex 1.8708066276807267 -55.749966975705895 -6.35
    endloop
  endfacet
  facet normal 0.7730104533627363 0.6343932841636463 0
    outer loop
      vertex -1.8708066276807267 55.749966975705895 -1.3500000000000005
      vertex -1.5909902576697321 55.40900974233027 -6.35
      vertex -1.8708066276807267 55.749966975705895 -6.35
    endloop
  endfacet
  facet normal 0.8819212643483557 0.47139673682599614 0
    outer loop
      vertex -2.078728948150395 56.13896227717855 -1.3500000000000005
      vertex -1.8708066276807267 55.749966975705895 -6.35
      vertex -2.078728948150395 56.13896227717855 -6.35
    endloop
  endfacet
  facet normal 0.6343932841636496 0.7730104533627337 0
    outer loop
      vertex -1.5909902576697321 55.40900974233027 -1.3500000000000005
      vertex -1.250033024294105 55.12919337231927 -6.35
      vertex -1.5909902576697321 55.40900974233027 -6.35
    endloop
  endfacet
  facet normal 0.47139673682598854 0.8819212643483599 0
    outer loop
      vertex -1.250033024294105 55.12919337231927 -1.3500000000000005
      vertex -0.861037722821452 54.92127105184961 -6.35
      vertex -1.250033024294105 55.12919337231927 -6.35
    endloop
  endfacet
  facet normal 0.2902846772544664 0.9569403357322076 0
    outer loop
      vertex -0.861037722821452 54.92127105184961 -1.3500000000000005
      vertex -0.43895322453628854 54.79323311909273 -6.35
      vertex -0.861037722821452 54.92127105184961 -6.35
    endloop
  endfacet
  facet normal 0.0980171403295637 0.9951847266721966 0
    outer loop
      vertex -0.43895322453628854 54.79323311909273 -1.3500000000000005
      vertex 0 54.75 -6.35
      vertex -0.43895322453628854 54.79323311909273 -6.35
    endloop
  endfacet
  facet normal 0.9569403357322079 0.2902846772544656 0
    outer loop
      vertex -2.2067668809072685 56.56104677546371 -1.3500000000000005
      vertex -2.078728948150395 56.13896227717855 -6.35
      vertex -2.2067668809072685 56.56104677546371 -6.35
    endloop
  endfacet
  facet normal 0.9951847266721969 0.09801714032956006 0
    outer loop
      vertex -2.25 57 -1.3500000000000005
      vertex -2.2067668809072685 56.56104677546371 -6.35
      vertex -2.25 57 -6.35
    endloop
  endfacet
  facet normal 0.9951847266721969 -0.09801714032956006 0
    outer loop
      vertex -2.2067668809072685 57.43895322453629 -1.3500000000000005
      vertex -2.25 57 -6.35
      vertex -2.2067668809072685 57.43895322453629 -6.35
    endloop
  endfacet
  facet normal 0.9569403357322079 -0.2902846772544656 0
    outer loop
      vertex -2.078728948150395 57.86103772282145 -1.3500000000000005
      vertex -2.2067668809072685 57.43895322453629 -6.35
      vertex -2.078728948150395 57.86103772282145 -6.35
    endloop
  endfacet
  facet normal 0.8819212643483557 -0.47139673682599614 0
    outer loop
      vertex -1.8708066276807267 58.250033024294105 -1.3500000000000005
      vertex -2.078728948150395 57.86103772282145 -6.35
      vertex -1.8708066276807267 58.250033024294105 -6.35
    endloop
  endfacet
  facet normal 0.7730104533627363 -0.6343932841636463 0
    outer loop
      vertex -1.5909902576697321 58.59099025766973 -1.3500000000000005
      vertex -1.8708066276807267 58.250033024294105 -6.35
      vertex -1.5909902576697321 58.59099025766973 -6.35
    endloop
  endfacet
  facet normal 0.6343932841636496 -0.7730104533627337 0
    outer loop
      vertex -1.250033024294105 58.87080662768073 -1.3500000000000005
      vertex -1.5909902576697321 58.59099025766973 -6.35
      vertex -1.250033024294105 58.87080662768073 -6.35
    endloop
  endfacet
  facet normal 0.47139673682598854 -0.8819212643483599 0
    outer loop
      vertex -0.861037722821452 59.07872894815039 -1.3500000000000005
      vertex -1.250033024294105 58.87080662768073 -6.35
      vertex -0.861037722821452 59.07872894815039 -6.35
    endloop
  endfacet
  facet normal 0.2902846772544664 -0.9569403357322076 0
    outer loop
      vertex -0.43895322453628854 59.20676688090727 -1.3500000000000005
      vertex -0.861037722821452 59.07872894815039 -6.35
      vertex -0.43895322453628854 59.20676688090727 -6.35
    endloop
  endfacet
  facet normal 0.0980171403295637 -0.9951847266721966 0
    outer loop
      vertex 0 59.25 -1.3500000000000005
      vertex -0.43895322453628854 59.20676688090727 -6.35
      vertex 0 59.25 -6.35
    endloop
  endfacet
  facet normal 0.8819212643483557 0.47139673682599614 0
    outer loop
      vertex -1.8708066276807267 55.749966975705895 -1.3500000000000005
      vertex -1.8708066276807267 55.749966975705895 -6.35
      vertex -2.078728948150395 56.13896227717855 -1.3500000000000005
    endloop
  endfacet
  facet normal 0.6343932841636496 0.7730104533627337 0
    outer loop
      vertex -1.5909902576697321 55.40900974233027 -1.3500000000000005
      vertex -1.250033024294105 55.12919337231927 -1.3500000000000005
      vertex -1.250033024294105 55.12919337231927 -6.35
    endloop
  endfacet
  facet normal 0.47139673682598854 0.8819212643483599 0
    outer loop
      vertex -1.250033024294105 55.12919337231927 -1.3500000000000005
      vertex -0.861037722821452 54.92127105184961 -1.3500000000000005
      vertex -0.861037722821452 54.92127105184961 -6.35
    endloop
  endfacet
  facet normal 0.7730104533627363 0.6343932841636463 0
    outer loop
      vertex -1.8708066276807267 55.749966975705895 -1.3500000000000005
      vertex -1.5909902576697321 55.40900974233027 -1.3500000000000005
      vertex -1.5909902576697321 55.40900974233027 -6.35
    endloop
  endfacet
  facet normal 0.2902846772544664 0.9569403357322076 0
    outer loop
      vertex -0.861037722821452 54.92127105184961 -1.3500000000000005
      vertex -0.43895322453628854 54.79323311909273 -1.3500000000000005
      vertex -0.43895322453628854 54.79323311909273 -6.35
    endloop
  endfacet
  facet normal 0.0980171403295637 0.9951847266721966 0
    outer loop
      vertex -0.43895322453628854 54.79323311909273 -1.3500000000000005
      vertex 0 54.75 -1.3500000000000005
      vertex 0 54.75 -6.35
    endloop
  endfacet
  facet normal 0.9951847266721969 0.09801714032956006 0
    outer loop
      vertex -2.2067668809072685 56.56104677546371 -1.3500000000000005
      vertex -2.2067668809072685 56.56104677546371 -6.35
      vertex -2.25 57 -1.3500000000000005
    endloop
  endfacet
  facet normal 0.9569403357322079 0.2902846772544656 0
    outer loop
      vertex -2.2067668809072685 56.56104677546371 -1.3500000000000005
      vertex -2.078728948150395 56.13896227717855 -1.3500000000000005
      vertex -2.078728948150395 56.13896227717855 -6.35
    endloop
  endfacet
  facet normal 0.9951847266721969 -0.09801714032956006 0
    outer loop
      vertex -2.25 57 -1.3500000000000005
      vertex -2.25 57 -6.35
      vertex -2.2067668809072685 57.43895322453629 -1.3500000000000005
    endloop
  endfacet
  facet normal 0.9569403357322079 -0.2902846772544656 0
    outer loop
      vertex -2.2067668809072685 57.43895322453629 -1.3500000000000005
      vertex -2.2067668809072685 57.43895322453629 -6.35
      vertex -2.078728948150395 57.86103772282145 -1.3500000000000005
    endloop
  endfacet
  facet normal 0.8819212643483557 -0.47139673682599614 0
    outer loop
      vertex -2.078728948150395 57.86103772282145 -1.3500000000000005
      vertex -2.078728948150395 57.86103772282145 -6.35
      vertex -1.8708066276807267 58.250033024294105 -1.3500000000000005
    endloop
  endfacet
  facet normal 0.7730104533627363 -0.6343932841636463 0
    outer loop
      vertex -1.8708066276807267 58.250033024294105 -1.3500000000000005
      vertex -1.8708066276807267 58.250033024294105 -6.35
      vertex -1.5909902576697321 58.59099025766973 -1.3500000000000005
    endloop
  endfacet
  facet normal 0.6343932841636496 -0.7730104533627337 0
    outer loop
      vertex -1.5909902576697321 58.59099025766973 -1.3500000000000005
      vertex -1.5909902576697321 58.59099025766973 -6.35
      vertex -1.250033024294105 58.87080662768073 -1.3500000000000005
    endloop
  endfacet
  facet normal 0.47139673682598854 -0.8819212643483599 0
    outer loop
      vertex -1.250033024294105 58.87080662768073 -1.3500000000000005
      vertex -1.250033024294105 58.87080662768073 -6.35
      vertex -0.861037722821452 59.07872894815039 -1.3500000000000005
    endloop
  endfacet
  facet normal 0.2902846772544664 -0.9569403357322076 0
    outer loop
      vertex -0.861037722821452 59.07872894815039 -1.3500000000000005
      vertex -0.861037722821452 59.07872894815039 -6.35
      vertex -0.43895322453628854 59.20676688090727 -1.3500000000000005
    endloop
  endfacet
  facet normal 0.0980171403295637 -0.9951847266721966 0
    outer loop
      vertex -0.43895322453628854 59.20676688090727 -1.3500000000000005
      vertex -0.43895322453628854 59.20676688090727 -6.35
      vertex 0 59.25 -1.3500000000000005
    endloop
  endfacet
  facet normal -0.0980171403295637 0.9951847266721966 0
    outer loop
      vertex 0 54.75 -1.3500000000000005
      vertex 0.43895322453628854 54.79323311909273 -6.35
      vertex 0 54.75 -6.35
    endloop
  endfacet
  facet normal -0.2902846772544664 0.9569403357322076 0
    outer loop
      vertex 0.43895322453628854 54.79323311909273 -1.3500000000000005
      vertex 0.861037722821452 54.92127105184961 -6.35
      vertex 0.43895322453628854 54.79323311909273 -6.35
    endloop
  endfacet
  facet normal -0.47139673682598854 0.8819212643483599 0
    outer loop
      vertex 0.861037722821452 54.92127105184961 -1.3500000000000005
      vertex 1.250033024294105 55.12919337231927 -6.35
      vertex 0.861037722821452 54.92127105184961 -6.35
    endloop
  endfacet
  facet normal -0.6343932841636496 0.7730104533627337 0
    outer loop
      vertex 1.250033024294105 55.12919337231927 -1.3500000000000005
      vertex 1.5909902576697321 55.40900974233027 -6.35
      vertex 1.250033024294105 55.12919337231927 -6.35
    endloop
  endfacet
  facet normal -0.7730104533627363 0.6343932841636463 0
    outer loop
      vertex 1.5909902576697321 55.40900974233027 -1.3500000000000005
      vertex 1.8708066276807267 55.749966975705895 -6.35
      vertex 1.5909902576697321 55.40900974233027 -6.35
    endloop
  endfacet
  facet normal -0.8819212643483557 0.47139673682599614 0
    outer loop
      vertex 1.8708066276807267 55.749966975705895 -1.3500000000000005
      vertex 2.078728948150395 56.13896227717855 -6.35
      vertex 1.8708066276807267 55.749966975705895 -6.35
    endloop
  endfacet
  facet normal -0.0980171403295637 -0.9951847266721966 0
    outer loop
      vertex 0.43895322453628854 59.20676688090727 -1.3500000000000005
      vertex 0 59.25 -6.35
      vertex 0.43895322453628854 59.20676688090727 -6.35
    endloop
  endfacet
  facet normal -0.2902846772544664 -0.9569403357322076 0
    outer loop
      vertex 0.861037722821452 59.07872894815039 -1.3500000000000005
      vertex 0.43895322453628854 59.20676688090727 -6.35
      vertex 0.861037722821452 59.07872894815039 -6.35
    endloop
  endfacet
  facet normal -0.47139673682598854 -0.8819212643483599 0
    outer loop
      vertex 1.250033024294105 58.87080662768073 -1.3500000000000005
      vertex 0.861037722821452 59.07872894815039 -6.35
      vertex 1.250033024294105 58.87080662768073 -6.35
    endloop
  endfacet
  facet normal -0.6343932841636496 -0.7730104533627337 0
    outer loop
      vertex 1.5909902576697321 58.59099025766973 -1.3500000000000005
      vertex 1.250033024294105 58.87080662768073 -6.35
      vertex 1.5909902576697321 58.59099025766973 -6.35
    endloop
  endfacet
  facet normal -0.9569403357322079 0.2902846772544656 0
    outer loop
      vertex 2.078728948150395 56.13896227717855 -1.3500000000000005
      vertex 2.2067668809072685 56.56104677546371 -6.35
      vertex 2.078728948150395 56.13896227717855 -6.35
    endloop
  endfacet
  facet normal -0.9951847266721969 0.09801714032956006 0
    outer loop
      vertex 2.2067668809072685 56.56104677546371 -1.3500000000000005
      vertex 2.25 57 -6.35
      vertex 2.2067668809072685 56.56104677546371 -6.35
    endloop
  endfacet
  facet normal -0.9951847266721969 -0.09801714032956006 0
    outer loop
      vertex 2.25 57 -1.3500000000000005
      vertex 2.2067668809072685 57.43895322453629 -6.35
      vertex 2.25 57 -6.35
    endloop
  endfacet
  facet normal -0.9569403357322079 -0.2902846772544656 0
    outer loop
      vertex 2.2067668809072685 57.43895322453629 -1.3500000000000005
      vertex 2.078728948150395 57.86103772282145 -6.35
      vertex 2.2067668809072685 57.43895322453629 -6.35
    endloop
  endfacet
  facet normal -0.8819212643483557 -0.47139673682599614 0
    outer loop
      vertex 2.078728948150395 57.86103772282145 -1.3500000000000005
      vertex 1.8708066276807267 58.250033024294105 -6.35
      vertex 2.078728948150395 57.86103772282145 -6.35
    endloop
  endfacet
  facet normal -0.7730104533627363 -0.6343932841636463 0
    outer loop
      vertex 1.8708066276807267 58.250033024294105 -1.3500000000000005
      vertex 1.5909902576697321 58.59099025766973 -6.35
      vertex 1.8708066276807267 58.250033024294105 -6.35
    endloop
  endfacet
  facet normal -0.0980171403295637 0.9951847266721966 0
    outer loop
      vertex 0 54.75 -1.3500000000000005
      vertex 0.43895322453628854 54.79323311909273 -1.3500000000000005
      vertex 0.43895322453628854 54.79323311909273 -6.35
    endloop
  endfacet
  facet normal -0.2902846772544664 0.9569403357322076 0
    outer loop
      vertex 0.43895322453628854 54.79323311909273 -1.3500000000000005
      vertex 0.861037722821452 54.92127105184961 -1.3500000000000005
      vertex 0.861037722821452 54.92127105184961 -6.35
    endloop
  endfacet
  facet normal -0.47139673682598854 0.8819212643483599 0
    outer loop
      vertex 0.861037722821452 54.92127105184961 -1.3500000000000005
      vertex 1.250033024294105 55.12919337231927 -1.3500000000000005
      vertex 1.250033024294105 55.12919337231927 -6.35
    endloop
  endfacet
  facet normal -0.6343932841636496 0.7730104533627337 0
    outer loop
      vertex 1.250033024294105 55.12919337231927 -1.3500000000000005
      vertex 1.5909902576697321 55.40900974233027 -1.3500000000000005
      vertex 1.5909902576697321 55.40900974233027 -6.35
    endloop
  endfacet
  facet normal -0.7730104533627363 0.6343932841636463 0
    outer loop
      vertex 1.5909902576697321 55.40900974233027 -1.3500000000000005
      vertex 1.8708066276807267 55.749966975705895 -1.3500000000000005
      vertex 1.8708066276807267 55.749966975705895 -6.35
    endloop
  endfacet
  facet normal -0.8819212643483557 0.47139673682599614 0
    outer loop
      vertex 1.8708066276807267 55.749966975705895 -1.3500000000000005
      vertex 2.078728948150395 56.13896227717855 -1.3500000000000005
      vertex 2.078728948150395 56.13896227717855 -6.35
    endloop
  endfacet
  facet normal -0.0980171403295637 -0.9951847266721966 0
    outer loop
      vertex 0 59.25 -1.3500000000000005
      vertex 0 59.25 -6.35
      vertex 0.43895322453628854 59.20676688090727 -1.3500000000000005
    endloop
  endfacet
  facet normal -0.2902846772544664 -0.9569403357322076 0
    outer loop
      vertex 0.43895322453628854 59.20676688090727 -1.3500000000000005
      vertex 0.43895322453628854 59.20676688090727 -6.35
      vertex 0.861037722821452 59.07872894815039 -1.3500000000000005
    endloop
  endfacet
  facet normal -0.7730104533627363 -0.6343932841636463 0
    outer loop
      vertex 1.5909902576697321 58.59099025766973 -1.3500000000000005
      vertex 1.5909902576697321 58.59099025766973 -6.35
      vertex 1.8708066276807267 58.250033024294105 -1.3500000000000005
    endloop
  endfacet
  facet normal -0.47139673682598854 -0.8819212643483599 0
    outer loop
      vertex 0.861037722821452 59.07872894815039 -1.3500000000000005
      vertex 0.861037722821452 59.07872894815039 -6.35
      vertex 1.250033024294105 58.87080662768073 -1.3500000000000005
    endloop
  endfacet
  facet normal -0.6343932841636496 -0.7730104533627337 0
    outer loop
      vertex 1.250033024294105 58.87080662768073 -1.3500000000000005
      vertex 1.250033024294105 58.87080662768073 -6.35
      vertex 1.5909902576697321 58.59099025766973 -1.3500000000000005
    endloop
  endfacet
  facet normal -0.9569403357322079 0.2902846772544656 0
    outer loop
      vertex 2.078728948150395 56.13896227717855 -1.3500000000000005
      vertex 2.2067668809072685 56.56104677546371 -1.3500000000000005
      vertex 2.2067668809072685 56.56104677546371 -6.35
    endloop
  endfacet
  facet normal -0.9951847266721969 0.09801714032956006 0
    outer loop
      vertex 2.2067668809072685 56.56104677546371 -1.3500000000000005
      vertex 2.25 57 -1.3500000000000005
      vertex 2.25 57 -6.35
    endloop
  endfacet
  facet normal -0.9569403357322079 -0.2902846772544656 0
    outer loop
      vertex 2.078728948150395 57.86103772282145 -1.3500000000000005
      vertex 2.078728948150395 57.86103772282145 -6.35
      vertex 2.2067668809072685 57.43895322453629 -1.3500000000000005
    endloop
  endfacet
  facet normal -0.9951847266721969 -0.09801714032956006 0
    outer loop
      vertex 2.25 57 -1.3500000000000005
      vertex 2.2067668809072685 57.43895322453629 -1.3500000000000005
      vertex 2.2067668809072685 57.43895322453629 -6.35
    endloop
  endfacet
  facet normal -0.8819212643483557 -0.47139673682599614 0
    outer loop
      vertex 2.078728948150395 57.86103772282145 -1.3500000000000005
      vertex 1.8708066276807267 58.250033024294105 -1.3500000000000005
      vertex 1.8708066276807267 58.250033024294105 -6.35
    endloop
  endfacet
  facet normal 0.9951847266721962 0.09801714032956836 0
    outer loop
      vertex -75.7 -88 6.35
      vertex -75.64812025708872 -88.52674386944355 -6.35
      vertex -75.7 -88 -6.35
    endloop
  endfacet
  facet normal 0.9951847266721962 -0.09801714032956836 0
    outer loop
      vertex -75.64812025708872 -87.47325613055645 6.35
      vertex -75.7 -88 -6.35
      vertex -75.64812025708872 -87.47325613055645 -6.35
    endloop
  endfacet
  facet normal 0.09801714032956836 0.9951847266721962 0
    outer loop
      vertex -73.52674386944355 -90.64812025708872 6.35
      vertex -73 -90.7 -6.35
      vertex -73.52674386944355 -90.64812025708872 -6.35
    endloop
  endfacet
  facet normal -0.09801714032956836 0.9951847266721962 0
    outer loop
      vertex -73 -90.7 6.35
      vertex -72.47325613055645 -90.64812025708872 -6.35
      vertex -73 -90.7 -6.35
    endloop
  endfacet
  facet normal 0.6343932841636277 0.7730104533627516 0
    outer loop
      vertex -74.90918830920369 -89.90918830920369 6.35
      vertex -74.50003962915292 -90.24496795321687 -6.35
      vertex -74.90918830920369 -89.90918830920369 -6.35
    endloop
  endfacet
  facet normal 0.8819212643483517 0.47139673682600386 0
    outer loop
      vertex -75.49447473778048 -89.03324526738574 6.35
      vertex -75.24496795321687 -89.50003962915292 -6.35
      vertex -75.49447473778048 -89.03324526738574 -6.35
    endloop
  endfacet
  facet normal 0.7730104533627516 0.6343932841636277 0
    outer loop
      vertex -75.24496795321687 -89.50003962915292 6.35
      vertex -74.90918830920369 -89.90918830920369 -6.35
      vertex -75.24496795321687 -89.50003962915292 -6.35
    endloop
  endfacet
  facet normal 0.47139673682600386 0.8819212643483517 0
    outer loop
      vertex -74.50003962915292 -90.24496795321687 6.35
      vertex -74.03324526738574 -90.49447473778048 -6.35
      vertex -74.50003962915292 -90.24496795321687 -6.35
    endloop
  endfacet
  facet normal 0.9569403357322108 0.290284677254456 0
    outer loop
      vertex -75.64812025708872 -88.52674386944355 6.35
      vertex -75.49447473778048 -89.03324526738574 -6.35
      vertex -75.64812025708872 -88.52674386944355 -6.35
    endloop
  endfacet
  facet normal 0.290284677254456 0.9569403357322108 0
    outer loop
      vertex -74.03324526738574 -90.49447473778048 6.35
      vertex -73.52674386944355 -90.64812025708872 -6.35
      vertex -74.03324526738574 -90.49447473778048 -6.35
    endloop
  endfacet
  facet normal -0.290284677254456 0.9569403357322108 0
    outer loop
      vertex -72.47325613055645 -90.64812025708872 6.35
      vertex -71.96675473261426 -90.49447473778048 -6.35
      vertex -72.47325613055645 -90.64812025708872 -6.35
    endloop
  endfacet
  facet normal -0.47139673682600386 0.8819212643483517 0
    outer loop
      vertex -71.96675473261426 -90.49447473778048 6.35
      vertex -71.49996037084708 -90.24496795321687 -6.35
      vertex -71.96675473261426 -90.49447473778048 -6.35
    endloop
  endfacet
  facet normal -0.6343932841636277 0.7730104533627516 0
    outer loop
      vertex -71.49996037084708 -90.24496795321687 6.35
      vertex -71.09081169079631 -89.90918830920369 -6.35
      vertex -71.49996037084708 -90.24496795321687 -6.35
    endloop
  endfacet
  facet normal -0.7730104533627516 0.6343932841636277 0
    outer loop
      vertex -71.09081169079631 -89.90918830920369 -6.35
      vertex -71.09081169079631 -89.90918830920369 6.35
      vertex -70.75503204678313 -89.50003962915292 -6.35
    endloop
  endfacet
  facet normal -0.8819212643483517 0.47139673682600386 0
    outer loop
      vertex -70.75503204678313 -89.50003962915292 6.35
      vertex -70.50552526221952 -89.03324526738574 -6.35
      vertex -70.75503204678313 -89.50003962915292 -6.35
    endloop
  endfacet
  facet normal -0.9569403357322108 0.290284677254456 0
    outer loop
      vertex -70.50552526221952 -89.03324526738574 6.35
      vertex -70.35187974291128 -88.52674386944355 -6.35
      vertex -70.50552526221952 -89.03324526738574 -6.35
    endloop
  endfacet
  facet normal -0.9951847266721962 0.09801714032956836 0
    outer loop
      vertex -70.35187974291128 -88.52674386944355 6.35
      vertex -70.3 -88 -6.35
      vertex -70.35187974291128 -88.52674386944355 -6.35
    endloop
  endfacet
  facet normal -0.9951847266721962 -0.09801714032956836 0
    outer loop
      vertex -70.3 -88 6.35
      vertex -70.35187974291128 -87.47325613055645 -6.35
      vertex -70.3 -88 -6.35
    endloop
  endfacet
  facet normal 0.9569403357322108 -0.290284677254456 0
    outer loop
      vertex -75.49447473778048 -86.96675473261426 6.35
      vertex -75.64812025708872 -87.47325613055645 -6.35
      vertex -75.49447473778048 -86.96675473261426 -6.35
    endloop
  endfacet
  facet normal 0.8819212643483517 -0.47139673682600386 0
    outer loop
      vertex -75.24496795321687 -86.49996037084708 6.35
      vertex -75.49447473778048 -86.96675473261426 -6.35
      vertex -75.24496795321687 -86.49996037084708 -6.35
    endloop
  endfacet
  facet normal 0.7730104533627516 -0.6343932841636277 0
    outer loop
      vertex -74.90918830920369 -86.09081169079631 6.35
      vertex -75.24496795321687 -86.49996037084708 -6.35
      vertex -74.90918830920369 -86.09081169079631 -6.35
    endloop
  endfacet
  facet normal 0.6343932841636277 -0.7730104533627516 0
    outer loop
      vertex -74.50003962915292 -85.75503204678313 6.35
      vertex -74.90918830920369 -86.09081169079631 -6.35
      vertex -74.50003962915292 -85.75503204678313 -6.35
    endloop
  endfacet
  facet normal 0.47139673682600386 -0.8819212643483517 0
    outer loop
      vertex -74.03324526738574 -85.50552526221952 6.35
      vertex -74.50003962915292 -85.75503204678313 -6.35
      vertex -74.03324526738574 -85.50552526221952 -6.35
    endloop
  endfacet
  facet normal 0.290284677254456 -0.9569403357322108 0
    outer loop
      vertex -73.52674386944355 -85.35187974291128 6.35
      vertex -74.03324526738574 -85.50552526221952 -6.35
      vertex -73.52674386944355 -85.35187974291128 -6.35
    endloop
  endfacet
  facet normal 0.09801714032956836 -0.9951847266721962 0
    outer loop
      vertex -73 -85.3 6.35
      vertex -73.52674386944355 -85.35187974291128 -6.35
      vertex -73 -85.3 -6.35
    endloop
  endfacet
  facet normal -0.09801714032956836 -0.9951847266721962 0
    outer loop
      vertex -72.47325613055645 -85.35187974291128 6.35
      vertex -73 -85.3 -6.35
      vertex -72.47325613055645 -85.35187974291128 -6.35
    endloop
  endfacet
  facet normal -0.8819212643483517 -0.47139673682600386 0
    outer loop
      vertex -70.50552526221952 -86.96675473261426 6.35
      vertex -70.75503204678313 -86.49996037084708 -6.35
      vertex -70.50552526221952 -86.96675473261426 -6.35
    endloop
  endfacet
  facet normal -0.6343932841636277 -0.7730104533627516 0
    outer loop
      vertex -71.09081169079631 -86.09081169079631 6.35
      vertex -71.49996037084708 -85.75503204678313 -6.35
      vertex -71.09081169079631 -86.09081169079631 -6.35
    endloop
  endfacet
  facet normal -0.7730104533627516 -0.6343932841636277 0
    outer loop
      vertex -70.75503204678313 -86.49996037084708 6.35
      vertex -71.09081169079631 -86.09081169079631 -6.35
      vertex -70.75503204678313 -86.49996037084708 -6.35
    endloop
  endfacet
  facet normal -0.290284677254456 -0.9569403357322108 0
    outer loop
      vertex -71.96675473261426 -85.50552526221952 6.35
      vertex -72.47325613055645 -85.35187974291128 -6.35
      vertex -71.96675473261426 -85.50552526221952 -6.35
    endloop
  endfacet
  facet normal -0.47139673682600386 -0.8819212643483517 0
    outer loop
      vertex -71.49996037084708 -85.75503204678313 6.35
      vertex -71.96675473261426 -85.50552526221952 -6.35
      vertex -71.49996037084708 -85.75503204678313 -6.35
    endloop
  endfacet
  facet normal -0.9569403357322108 -0.290284677254456 0
    outer loop
      vertex -70.35187974291128 -87.47325613055645 6.35
      vertex -70.50552526221952 -86.96675473261426 -6.35
      vertex -70.35187974291128 -87.47325613055645 -6.35
    endloop
  endfacet
  facet normal 0.9951847266721962 0.09801714032956836 0
    outer loop
      vertex -75.7 -88 6.35
      vertex -75.64812025708872 -88.52674386944355 6.35
      vertex -75.64812025708872 -88.52674386944355 -6.35
    endloop
  endfacet
  facet normal 0.9951847266721962 -0.09801714032956836 0
    outer loop
      vertex -75.64812025708872 -87.47325613055645 6.35
      vertex -75.7 -88 6.35
      vertex -75.7 -88 -6.35
    endloop
  endfacet
  facet normal 0.09801714032956836 0.9951847266721962 0
    outer loop
      vertex -73 -90.7 6.35
      vertex -73 -90.7 -6.35
      vertex -73.52674386944355 -90.64812025708872 6.35
    endloop
  endfacet
  facet normal -0.09801714032956836 0.9951847266721962 0
    outer loop
      vertex -72.47325613055645 -90.64812025708872 6.35
      vertex -72.47325613055645 -90.64812025708872 -6.35
      vertex -73 -90.7 6.35
    endloop
  endfacet
  facet normal 0.8819212643483517 0.47139673682600386 0
    outer loop
      vertex -75.49447473778048 -89.03324526738574 6.35
      vertex -75.24496795321687 -89.50003962915292 6.35
      vertex -75.24496795321687 -89.50003962915292 -6.35
    endloop
  endfacet
  facet normal 0.7730104533627516 0.6343932841636277 0
    outer loop
      vertex -75.24496795321687 -89.50003962915292 6.35
      vertex -74.90918830920369 -89.90918830920369 6.35
      vertex -74.90918830920369 -89.90918830920369 -6.35
    endloop
  endfacet
  facet normal 0.6343932841636277 0.7730104533627516 0
    outer loop
      vertex -74.50003962915292 -90.24496795321687 6.35
      vertex -74.50003962915292 -90.24496795321687 -6.35
      vertex -74.90918830920369 -89.90918830920369 6.35
    endloop
  endfacet
  facet normal 0.47139673682600386 0.8819212643483517 0
    outer loop
      vertex -74.03324526738574 -90.49447473778048 6.35
      vertex -74.03324526738574 -90.49447473778048 -6.35
      vertex -74.50003962915292 -90.24496795321687 6.35
    endloop
  endfacet
  facet normal 0.9569403357322108 0.290284677254456 0
    outer loop
      vertex -75.64812025708872 -88.52674386944355 6.35
      vertex -75.49447473778048 -89.03324526738574 6.35
      vertex -75.49447473778048 -89.03324526738574 -6.35
    endloop
  endfacet
  facet normal 0.290284677254456 0.9569403357322108 0
    outer loop
      vertex -73.52674386944355 -90.64812025708872 6.35
      vertex -73.52674386944355 -90.64812025708872 -6.35
      vertex -74.03324526738574 -90.49447473778048 6.35
    endloop
  endfacet
  facet normal -0.290284677254456 0.9569403357322108 0
    outer loop
      vertex -71.96675473261426 -90.49447473778048 6.35
      vertex -71.96675473261426 -90.49447473778048 -6.35
      vertex -72.47325613055645 -90.64812025708872 6.35
    endloop
  endfacet
  facet normal -0.47139673682600386 0.8819212643483517 0
    outer loop
      vertex -71.49996037084708 -90.24496795321687 6.35
      vertex -71.49996037084708 -90.24496795321687 -6.35
      vertex -71.96675473261426 -90.49447473778048 6.35
    endloop
  endfacet
  facet normal -0.6343932841636277 0.7730104533627516 0
    outer loop
      vertex -71.09081169079631 -89.90918830920369 6.35
      vertex -71.09081169079631 -89.90918830920369 -6.35
      vertex -71.49996037084708 -90.24496795321687 6.35
    endloop
  endfacet
  facet normal -0.7730104533627516 0.6343932841636277 0
    outer loop
      vertex -71.09081169079631 -89.90918830920369 6.35
      vertex -70.75503204678313 -89.50003962915292 6.35
      vertex -70.75503204678313 -89.50003962915292 -6.35
    endloop
  endfacet
  facet normal -0.8819212643483517 0.47139673682600386 0
    outer loop
      vertex -70.75503204678313 -89.50003962915292 6.35
      vertex -70.50552526221952 -89.03324526738574 6.35
      vertex -70.50552526221952 -89.03324526738574 -6.35
    endloop
  endfacet
  facet normal -0.9569403357322108 0.290284677254456 0
    outer loop
      vertex -70.50552526221952 -89.03324526738574 6.35
      vertex -70.35187974291128 -88.52674386944355 6.35
      vertex -70.35187974291128 -88.52674386944355 -6.35
    endloop
  endfacet
  facet normal -0.9951847266721962 0.09801714032956836 0
    outer loop
      vertex -70.35187974291128 -88.52674386944355 6.35
      vertex -70.3 -88 6.35
      vertex -70.3 -88 -6.35
    endloop
  endfacet
  facet normal -0.9951847266721962 -0.09801714032956836 0
    outer loop
      vertex -70.3 -88 6.35
      vertex -70.35187974291128 -87.47325613055645 6.35
      vertex -70.35187974291128 -87.47325613055645 -6.35
    endloop
  endfacet
  facet normal 0.9569403357322108 -0.290284677254456 0
    outer loop
      vertex -75.49447473778048 -86.96675473261426 6.35
      vertex -75.64812025708872 -87.47325613055645 6.35
      vertex -75.64812025708872 -87.47325613055645 -6.35
    endloop
  endfacet
  facet normal 0.8819212643483517 -0.47139673682600386 0
    outer loop
      vertex -75.24496795321687 -86.49996037084708 6.35
      vertex -75.49447473778048 -86.96675473261426 6.35
      vertex -75.49447473778048 -86.96675473261426 -6.35
    endloop
  endfacet
  facet normal 0.7730104533627516 -0.6343932841636277 0
    outer loop
      vertex -74.90918830920369 -86.09081169079631 6.35
      vertex -75.24496795321687 -86.49996037084708 6.35
      vertex -75.24496795321687 -86.49996037084708 -6.35
    endloop
  endfacet
  facet normal 0.6343932841636277 -0.7730104533627516 0
    outer loop
      vertex -74.90918830920369 -86.09081169079631 6.35
      vertex -74.90918830920369 -86.09081169079631 -6.35
      vertex -74.50003962915292 -85.75503204678313 6.35
    endloop
  endfacet
  facet normal 0.47139673682600386 -0.8819212643483517 0
    outer loop
      vertex -74.50003962915292 -85.75503204678313 6.35
      vertex -74.50003962915292 -85.75503204678313 -6.35
      vertex -74.03324526738574 -85.50552526221952 6.35
    endloop
  endfacet
  facet normal 0.290284677254456 -0.9569403357322108 0
    outer loop
      vertex -74.03324526738574 -85.50552526221952 6.35
      vertex -74.03324526738574 -85.50552526221952 -6.35
      vertex -73.52674386944355 -85.35187974291128 6.35
    endloop
  endfacet
  facet normal 0.09801714032956836 -0.9951847266721962 0
    outer loop
      vertex -73.52674386944355 -85.35187974291128 6.35
      vertex -73.52674386944355 -85.35187974291128 -6.35
      vertex -73 -85.3 6.35
    endloop
  endfacet
  facet normal -0.09801714032956836 -0.9951847266721962 0
    outer loop
      vertex -73 -85.3 6.35
      vertex -73 -85.3 -6.35
      vertex -72.47325613055645 -85.35187974291128 6.35
    endloop
  endfacet
  facet normal -0.290284677254456 -0.9569403357322108 0
    outer loop
      vertex -72.47325613055645 -85.35187974291128 6.35
      vertex -72.47325613055645 -85.35187974291128 -6.35
      vertex -71.96675473261426 -85.50552526221952 6.35
    endloop
  endfacet
  facet normal -0.7730104533627516 -0.6343932841636277 0
    outer loop
      vertex -70.75503204678313 -86.49996037084708 6.35
      vertex -71.09081169079631 -86.09081169079631 6.35
      vertex -71.09081169079631 -86.09081169079631 -6.35
    endloop
  endfacet
  facet normal -0.8819212643483517 -0.47139673682600386 0
    outer loop
      vertex -70.50552526221952 -86.96675473261426 6.35
      vertex -70.75503204678313 -86.49996037084708 6.35
      vertex -70.75503204678313 -86.49996037084708 -6.35
    endloop
  endfacet
  facet normal -0.47139673682600386 -0.8819212643483517 0
    outer loop
      vertex -71.96675473261426 -85.50552526221952 6.35
      vertex -71.96675473261426 -85.50552526221952 -6.35
      vertex -71.49996037084708 -85.75503204678313 6.35
    endloop
  endfacet
  facet normal -0.6343932841636277 -0.7730104533627516 0
    outer loop
      vertex -71.49996037084708 -85.75503204678313 6.35
      vertex -71.49996037084708 -85.75503204678313 -6.35
      vertex -71.09081169079631 -86.09081169079631 6.35
    endloop
  endfacet
  facet normal -0.9569403357322108 -0.290284677254456 0
    outer loop
      vertex -70.35187974291128 -87.47325613055645 6.35
      vertex -70.50552526221952 -86.96675473261426 6.35
      vertex -70.50552526221952 -86.96675473261426 -6.35
    endloop
  endfacet
  facet normal 0.47139673682600386 0.8819212643483517 0
    outer loop
      vertex -74.50003962915292 85.75503204678313 -6.35
      vertex -74.50003962915292 85.75503204678313 6.35
      vertex -74.03324526738574 85.50552526221952 -6.35
    endloop
  endfacet
  facet normal 0.6343932841636277 0.7730104533627516 0
    outer loop
      vertex -74.90918830920369 86.09081169079631 -6.35
      vertex -74.90918830920369 86.09081169079631 6.35
      vertex -74.50003962915292 85.75503204678313 -6.35
    endloop
  endfacet
  facet normal 0.7730104533627516 0.6343932841636277 0
    outer loop
      vertex -74.90918830920369 86.09081169079631 -6.35
      vertex -75.24496795321687 86.49996037084708 -6.35
      vertex -75.24496795321687 86.49996037084708 6.35
    endloop
  endfacet
  facet normal 0.8819212643483517 0.47139673682600386 0
    outer loop
      vertex -75.24496795321687 86.49996037084708 -6.35
      vertex -75.49447473778048 86.96675473261426 -6.35
      vertex -75.49447473778048 86.96675473261426 6.35
    endloop
  endfacet
  facet normal 0.9569403357322108 0.290284677254456 0
    outer loop
      vertex -75.49447473778048 86.96675473261426 -6.35
      vertex -75.64812025708872 87.47325613055645 -6.35
      vertex -75.64812025708872 87.47325613055645 6.35
    endloop
  endfacet
  facet normal 0.290284677254456 0.9569403357322108 0
    outer loop
      vertex -74.03324526738574 85.50552526221952 -6.35
      vertex -74.03324526738574 85.50552526221952 6.35
      vertex -73.52674386944355 85.35187974291128 -6.35
    endloop
  endfacet
  facet normal 0.09801714032956836 0.9951847266721962 0
    outer loop
      vertex -73.52674386944355 85.35187974291128 -6.35
      vertex -73.52674386944355 85.35187974291128 6.35
      vertex -73 85.3 -6.35
    endloop
  endfacet
  facet normal -0.09801714032956836 0.9951847266721962 0
    outer loop
      vertex -73 85.3 -6.35
      vertex -73 85.3 6.35
      vertex -72.47325613055645 85.35187974291128 -6.35
    endloop
  endfacet
  facet normal -0.290284677254456 0.9569403357322108 0
    outer loop
      vertex -72.47325613055645 85.35187974291128 -6.35
      vertex -72.47325613055645 85.35187974291128 6.35
      vertex -71.96675473261426 85.50552526221952 -6.35
    endloop
  endfacet
  facet normal -0.47139673682600386 0.8819212643483517 0
    outer loop
      vertex -71.96675473261426 85.50552526221952 -6.35
      vertex -71.96675473261426 85.50552526221952 6.35
      vertex -71.49996037084708 85.75503204678313 -6.35
    endloop
  endfacet
  facet normal -0.6343932841636277 0.7730104533627516 0
    outer loop
      vertex -71.49996037084708 85.75503204678313 -6.35
      vertex -71.49996037084708 85.75503204678313 6.35
      vertex -71.09081169079631 86.09081169079631 -6.35
    endloop
  endfacet
  facet normal -0.7730104533627516 0.6343932841636277 0
    outer loop
      vertex -71.09081169079631 86.09081169079631 -6.35
      vertex -71.09081169079631 86.09081169079631 6.35
      vertex -70.75503204678313 86.49996037084708 -6.35
    endloop
  endfacet
  facet normal -0.8819212643483517 0.47139673682600386 0
    outer loop
      vertex -70.50552526221952 86.96675473261426 -6.35
      vertex -70.75503204678313 86.49996037084708 -6.35
      vertex -70.75503204678313 86.49996037084708 6.35
    endloop
  endfacet
  facet normal -0.9569403357322108 0.290284677254456 0
    outer loop
      vertex -70.35187974291128 87.47325613055645 -6.35
      vertex -70.50552526221952 86.96675473261426 -6.35
      vertex -70.50552526221952 86.96675473261426 6.35
    endloop
  endfacet
  facet normal 0.9951847266721962 0.09801714032956836 0
    outer loop
      vertex -75.64812025708872 87.47325613055645 -6.35
      vertex -75.7 88 -6.35
      vertex -75.7 88 6.35
    endloop
  endfacet
  facet normal 0.9951847266721962 -0.09801714032956836 0
    outer loop
      vertex -75.7 88 -6.35
      vertex -75.64812025708872 88.52674386944355 -6.35
      vertex -75.64812025708872 88.52674386944355 6.35
    endloop
  endfacet
  facet normal 0.9569403357322108 -0.290284677254456 0
    outer loop
      vertex -75.64812025708872 88.52674386944355 -6.35
      vertex -75.49447473778048 89.03324526738574 -6.35
      vertex -75.49447473778048 89.03324526738574 6.35
    endloop
  endfacet
  facet normal 0.8819212643483517 -0.47139673682600386 0
    outer loop
      vertex -75.49447473778048 89.03324526738574 -6.35
      vertex -75.24496795321687 89.50003962915292 -6.35
      vertex -75.24496795321687 89.50003962915292 6.35
    endloop
  endfacet
  facet normal 0.7730104533627516 -0.6343932841636277 0
    outer loop
      vertex -75.24496795321687 89.50003962915292 -6.35
      vertex -74.90918830920369 89.90918830920369 -6.35
      vertex -74.90918830920369 89.90918830920369 6.35
    endloop
  endfacet
  facet normal 0.6343932841636277 -0.7730104533627516 0
    outer loop
      vertex -74.50003962915292 90.24496795321687 -6.35
      vertex -74.50003962915292 90.24496795321687 6.35
      vertex -74.90918830920369 89.90918830920369 -6.35
    endloop
  endfacet
  facet normal 0.47139673682600386 -0.8819212643483517 0
    outer loop
      vertex -74.03324526738574 90.49447473778048 -6.35
      vertex -74.03324526738574 90.49447473778048 6.35
      vertex -74.50003962915292 90.24496795321687 -6.35
    endloop
  endfacet
  facet normal 0.290284677254456 -0.9569403357322108 0
    outer loop
      vertex -73.52674386944355 90.64812025708872 -6.35
      vertex -73.52674386944355 90.64812025708872 6.35
      vertex -74.03324526738574 90.49447473778048 -6.35
    endloop
  endfacet
  facet normal 0.09801714032956836 -0.9951847266721962 0
    outer loop
      vertex -73 90.7 -6.35
      vertex -73 90.7 6.35
      vertex -73.52674386944355 90.64812025708872 -6.35
    endloop
  endfacet
  facet normal -0.09801714032956836 -0.9951847266721962 0
    outer loop
      vertex -72.47325613055645 90.64812025708872 -6.35
      vertex -72.47325613055645 90.64812025708872 6.35
      vertex -73 90.7 -6.35
    endloop
  endfacet
  facet normal -0.290284677254456 -0.9569403357322108 0
    outer loop
      vertex -71.96675473261426 90.49447473778048 -6.35
      vertex -71.96675473261426 90.49447473778048 6.35
      vertex -72.47325613055645 90.64812025708872 -6.35
    endloop
  endfacet
  facet normal -0.47139673682600386 -0.8819212643483517 0
    outer loop
      vertex -71.49996037084708 90.24496795321687 -6.35
      vertex -71.49996037084708 90.24496795321687 6.35
      vertex -71.96675473261426 90.49447473778048 -6.35
    endloop
  endfacet
  facet normal -0.8819212643483517 -0.47139673682600386 0
    outer loop
      vertex -70.75503204678313 89.50003962915292 -6.35
      vertex -70.50552526221952 89.03324526738574 -6.35
      vertex -70.50552526221952 89.03324526738574 6.35
    endloop
  endfacet
  facet normal -0.7730104533627516 -0.6343932841636277 0
    outer loop
      vertex -71.09081169079631 89.90918830920369 -6.35
      vertex -70.75503204678313 89.50003962915292 -6.35
      vertex -70.75503204678313 89.50003962915292 6.35
    endloop
  endfacet
  facet normal -0.6343932841636277 -0.7730104533627516 0
    outer loop
      vertex -71.09081169079631 89.90918830920369 -6.35
      vertex -71.09081169079631 89.90918830920369 6.35
      vertex -71.49996037084708 90.24496795321687 -6.35
    endloop
  endfacet
  facet normal -0.9951847266721962 0.09801714032956836 0
    outer loop
      vertex -70.3 88 -6.35
      vertex -70.35187974291128 87.47325613055645 -6.35
      vertex -70.35187974291128 87.47325613055645 6.35
    endloop
  endfacet
  facet normal -0.9951847266721962 -0.09801714032956836 0
    outer loop
      vertex -70.35187974291128 88.52674386944355 -6.35
      vertex -70.3 88 -6.35
      vertex -70.3 88 6.35
    endloop
  endfacet
  facet normal -0.9569403357322108 -0.290284677254456 0
    outer loop
      vertex -70.50552526221952 89.03324526738574 -6.35
      vertex -70.35187974291128 88.52674386944355 -6.35
      vertex -70.35187974291128 88.52674386944355 6.35
    endloop
  endfacet
  facet normal 0.6343932841636277 0.7730104533627516 0
    outer loop
      vertex -74.50003962915292 85.75503204678313 -6.35
      vertex -74.90918830920369 86.09081169079631 6.35
      vertex -74.50003962915292 85.75503204678313 6.35
    endloop
  endfacet
  facet normal 0.47139673682600386 0.8819212643483517 0
    outer loop
      vertex -74.03324526738574 85.50552526221952 -6.35
      vertex -74.50003962915292 85.75503204678313 6.35
      vertex -74.03324526738574 85.50552526221952 6.35
    endloop
  endfacet
  facet normal 0.8819212643483517 0.47139673682600386 0
    outer loop
      vertex -75.24496795321687 86.49996037084708 -6.35
      vertex -75.49447473778048 86.96675473261426 6.35
      vertex -75.24496795321687 86.49996037084708 6.35
    endloop
  endfacet
  facet normal 0.7730104533627516 0.6343932841636277 0
    outer loop
      vertex -74.90918830920369 86.09081169079631 -6.35
      vertex -75.24496795321687 86.49996037084708 6.35
      vertex -74.90918830920369 86.09081169079631 6.35
    endloop
  endfacet
  facet normal 0.9569403357322108 0.290284677254456 0
    outer loop
      vertex -75.49447473778048 86.96675473261426 -6.35
      vertex -75.64812025708872 87.47325613055645 6.35
      vertex -75.49447473778048 86.96675473261426 6.35
    endloop
  endfacet
  facet normal 0.290284677254456 0.9569403357322108 0
    outer loop
      vertex -73.52674386944355 85.35187974291128 -6.35
      vertex -74.03324526738574 85.50552526221952 6.35
      vertex -73.52674386944355 85.35187974291128 6.35
    endloop
  endfacet
  facet normal 0.09801714032956836 0.9951847266721962 0
    outer loop
      vertex -73 85.3 -6.35
      vertex -73.52674386944355 85.35187974291128 6.35
      vertex -73 85.3 6.35
    endloop
  endfacet
  facet normal -0.09801714032956836 0.9951847266721962 0
    outer loop
      vertex -72.47325613055645 85.35187974291128 -6.35
      vertex -73 85.3 6.35
      vertex -72.47325613055645 85.35187974291128 6.35
    endloop
  endfacet
  facet normal -0.290284677254456 0.9569403357322108 0
    outer loop
      vertex -71.96675473261426 85.50552526221952 -6.35
      vertex -72.47325613055645 85.35187974291128 6.35
      vertex -71.96675473261426 85.50552526221952 6.35
    endloop
  endfacet
  facet normal -0.47139673682600386 0.8819212643483517 0
    outer loop
      vertex -71.49996037084708 85.75503204678313 -6.35
      vertex -71.96675473261426 85.50552526221952 6.35
      vertex -71.49996037084708 85.75503204678313 6.35
    endloop
  endfacet
  facet normal -0.6343932841636277 0.7730104533627516 0
    outer loop
      vertex -71.09081169079631 86.09081169079631 -6.35
      vertex -71.49996037084708 85.75503204678313 6.35
      vertex -71.09081169079631 86.09081169079631 6.35
    endloop
  endfacet
  facet normal -0.7730104533627516 0.6343932841636277 0
    outer loop
      vertex -70.75503204678313 86.49996037084708 -6.35
      vertex -71.09081169079631 86.09081169079631 6.35
      vertex -70.75503204678313 86.49996037084708 6.35
    endloop
  endfacet
  facet normal -0.8819212643483517 0.47139673682600386 0
    outer loop
      vertex -70.50552526221952 86.96675473261426 -6.35
      vertex -70.75503204678313 86.49996037084708 6.35
      vertex -70.50552526221952 86.96675473261426 6.35
    endloop
  endfacet
  facet normal -0.9569403357322108 0.290284677254456 0
    outer loop
      vertex -70.35187974291128 87.47325613055645 -6.35
      vertex -70.50552526221952 86.96675473261426 6.35
      vertex -70.35187974291128 87.47325613055645 6.35
    endloop
  endfacet
  facet normal 0.9951847266721962 0.09801714032956836 0
    outer loop
      vertex -75.64812025708872 87.47325613055645 -6.35
      vertex -75.7 88 6.35
      vertex -75.64812025708872 87.47325613055645 6.35
    endloop
  endfacet
  facet normal 0.9951847266721962 -0.09801714032956836 0
    outer loop
      vertex -75.7 88 -6.35
      vertex -75.64812025708872 88.52674386944355 6.35
      vertex -75.7 88 6.35
    endloop
  endfacet
  facet normal 0.9569403357322108 -0.290284677254456 0
    outer loop
      vertex -75.64812025708872 88.52674386944355 -6.35
      vertex -75.49447473778048 89.03324526738574 6.35
      vertex -75.64812025708872 88.52674386944355 6.35
    endloop
  endfacet
  facet normal 0.8819212643483517 -0.47139673682600386 0
    outer loop
      vertex -75.49447473778048 89.03324526738574 -6.35
      vertex -75.24496795321687 89.50003962915292 6.35
      vertex -75.49447473778048 89.03324526738574 6.35
    endloop
  endfacet
  facet normal 0.7730104533627516 -0.6343932841636277 0
    outer loop
      vertex -75.24496795321687 89.50003962915292 -6.35
      vertex -74.90918830920369 89.90918830920369 6.35
      vertex -75.24496795321687 89.50003962915292 6.35
    endloop
  endfacet
  facet normal 0.6343932841636277 -0.7730104533627516 0
    outer loop
      vertex -74.90918830920369 89.90918830920369 -6.35
      vertex -74.50003962915292 90.24496795321687 6.35
      vertex -74.90918830920369 89.90918830920369 6.35
    endloop
  endfacet
  facet normal 0.47139673682600386 -0.8819212643483517 0
    outer loop
      vertex -74.50003962915292 90.24496795321687 -6.35
      vertex -74.03324526738574 90.49447473778048 6.35
      vertex -74.50003962915292 90.24496795321687 6.35
    endloop
  endfacet
  facet normal 0.290284677254456 -0.9569403357322108 0
    outer loop
      vertex -74.03324526738574 90.49447473778048 -6.35
      vertex -73.52674386944355 90.64812025708872 6.35
      vertex -74.03324526738574 90.49447473778048 6.35
    endloop
  endfacet
  facet normal -0.290284677254456 -0.9569403357322108 0
    outer loop
      vertex -72.47325613055645 90.64812025708872 -6.35
      vertex -71.96675473261426 90.49447473778048 6.35
      vertex -72.47325613055645 90.64812025708872 6.35
    endloop
  endfacet
  facet normal 0.09801714032956836 -0.9951847266721962 0
    outer loop
      vertex -73.52674386944355 90.64812025708872 -6.35
      vertex -73 90.7 6.35
      vertex -73.52674386944355 90.64812025708872 6.35
    endloop
  endfacet
  facet normal -0.09801714032956836 -0.9951847266721962 0
    outer loop
      vertex -73 90.7 -6.35
      vertex -72.47325613055645 90.64812025708872 6.35
      vertex -73 90.7 6.35
    endloop
  endfacet
  facet normal -0.47139673682600386 -0.8819212643483517 0
    outer loop
      vertex -71.96675473261426 90.49447473778048 -6.35
      vertex -71.49996037084708 90.24496795321687 6.35
      vertex -71.96675473261426 90.49447473778048 6.35
    endloop
  endfacet
  facet normal -0.6343932841636277 -0.7730104533627516 0
    outer loop
      vertex -71.49996037084708 90.24496795321687 -6.35
      vertex -71.09081169079631 89.90918830920369 6.35
      vertex -71.49996037084708 90.24496795321687 6.35
    endloop
  endfacet
  facet normal -0.7730104533627516 -0.6343932841636277 0
    outer loop
      vertex -71.09081169079631 89.90918830920369 -6.35
      vertex -70.75503204678313 89.50003962915292 6.35
      vertex -71.09081169079631 89.90918830920369 6.35
    endloop
  endfacet
  facet normal -0.8819212643483517 -0.47139673682600386 0
    outer loop
      vertex -70.75503204678313 89.50003962915292 -6.35
      vertex -70.50552526221952 89.03324526738574 6.35
      vertex -70.75503204678313 89.50003962915292 6.35
    endloop
  endfacet
  facet normal -0.9951847266721962 0.09801714032956836 0
    outer loop
      vertex -70.3 88 -6.35
      vertex -70.35187974291128 87.47325613055645 6.35
      vertex -70.3 88 6.35
    endloop
  endfacet
  facet normal -0.9951847266721962 -0.09801714032956836 0
    outer loop
      vertex -70.35187974291128 88.52674386944355 -6.35
      vertex -70.3 88 6.35
      vertex -70.35187974291128 88.52674386944355 6.35
    endloop
  endfacet
  facet normal -0.9569403357322108 -0.290284677254456 0
    outer loop
      vertex -70.50552526221952 89.03324526738574 -6.35
      vertex -70.35187974291128 88.52674386944355 6.35
      vertex -70.50552526221952 89.03324526738574 6.35
    endloop
  endfacet
  facet normal 0.9569403357322108 0.290284677254456 0
    outer loop
      vertex 70.35187974291128 -88.52674386944355 6.35
      vertex 70.50552526221952 -89.03324526738574 -6.35
      vertex 70.35187974291128 -88.52674386944355 -6.35
    endloop
  endfacet
  facet normal 0.9951847266721962 0.09801714032956836 0
    outer loop
      vertex 70.3 -88 6.35
      vertex 70.35187974291128 -88.52674386944355 -6.35
      vertex 70.3 -88 -6.35
    endloop
  endfacet
  facet normal 0.9951847266721962 -0.09801714032956836 0
    outer loop
      vertex 70.35187974291128 -87.47325613055645 6.35
      vertex 70.3 -88 -6.35
      vertex 70.35187974291128 -87.47325613055645 -6.35
    endloop
  endfacet
  facet normal 0.6343932841636277 0.7730104533627516 0
    outer loop
      vertex 71.49996037084708 -90.24496795321687 -6.35
      vertex 71.09081169079631 -89.90918830920369 -6.35
      vertex 71.09081169079631 -89.90918830920369 6.35
    endloop
  endfacet
  facet normal 0.7730104533627516 0.6343932841636277 0
    outer loop
      vertex 70.75503204678313 -89.50003962915292 6.35
      vertex 71.09081169079631 -89.90918830920369 -6.35
      vertex 70.75503204678313 -89.50003962915292 -6.35
    endloop
  endfacet
  facet normal 0.8819212643483517 0.47139673682600386 0
    outer loop
      vertex 70.50552526221952 -89.03324526738574 6.35
      vertex 70.75503204678313 -89.50003962915292 -6.35
      vertex 70.50552526221952 -89.03324526738574 -6.35
    endloop
  endfacet
  facet normal 0.47139673682600386 0.8819212643483517 0
    outer loop
      vertex 71.49996037084708 -90.24496795321687 6.35
      vertex 71.96675473261426 -90.49447473778048 -6.35
      vertex 71.49996037084708 -90.24496795321687 -6.35
    endloop
  endfacet
  facet normal 0.290284677254456 0.9569403357322108 0
    outer loop
      vertex 71.96675473261426 -90.49447473778048 6.35
      vertex 72.47325613055645 -90.64812025708872 -6.35
      vertex 71.96675473261426 -90.49447473778048 -6.35
    endloop
  endfacet
  facet normal 0.09801714032956836 0.9951847266721962 0
    outer loop
      vertex 72.47325613055645 -90.64812025708872 6.35
      vertex 73 -90.7 -6.35
      vertex 72.47325613055645 -90.64812025708872 -6.35
    endloop
  endfacet
  facet normal -0.09801714032956836 0.9951847266721962 0
    outer loop
      vertex 73 -90.7 6.35
      vertex 73.52674386944355 -90.64812025708872 -6.35
      vertex 73 -90.7 -6.35
    endloop
  endfacet
  facet normal -0.290284677254456 0.9569403357322108 0
    outer loop
      vertex 73.52674386944355 -90.64812025708872 6.35
      vertex 74.03324526738574 -90.49447473778048 -6.35
      vertex 73.52674386944355 -90.64812025708872 -6.35
    endloop
  endfacet
  facet normal -0.47139673682600386 0.8819212643483517 0
    outer loop
      vertex 74.03324526738574 -90.49447473778048 6.35
      vertex 74.50003962915292 -90.24496795321687 -6.35
      vertex 74.03324526738574 -90.49447473778048 -6.35
    endloop
  endfacet
  facet normal -0.6343932841636277 0.7730104533627516 0
    outer loop
      vertex 74.50003962915292 -90.24496795321687 6.35
      vertex 74.90918830920369 -89.90918830920369 -6.35
      vertex 74.50003962915292 -90.24496795321687 -6.35
    endloop
  endfacet
  facet normal -0.7730104533627516 0.6343932841636277 0
    outer loop
      vertex 74.90918830920369 -89.90918830920369 -6.35
      vertex 74.90918830920369 -89.90918830920369 6.35
      vertex 75.24496795321687 -89.50003962915292 -6.35
    endloop
  endfacet
  facet normal -0.8819212643483517 0.47139673682600386 0
    outer loop
      vertex 75.24496795321687 -89.50003962915292 6.35
      vertex 75.49447473778048 -89.03324526738574 -6.35
      vertex 75.24496795321687 -89.50003962915292 -6.35
    endloop
  endfacet
  facet normal -0.9569403357322108 0.290284677254456 0
    outer loop
      vertex 75.49447473778048 -89.03324526738574 6.35
      vertex 75.64812025708872 -88.52674386944355 -6.35
      vertex 75.49447473778048 -89.03324526738574 -6.35
    endloop
  endfacet
  facet normal -0.9951847266721962 0.09801714032956836 0
    outer loop
      vertex 75.64812025708872 -88.52674386944355 6.35
      vertex 75.7 -88 -6.35
      vertex 75.64812025708872 -88.52674386944355 -6.35
    endloop
  endfacet
  facet normal -0.9951847266721962 -0.09801714032956836 0
    outer loop
      vertex 75.7 -88 6.35
      vertex 75.64812025708872 -87.47325613055645 -6.35
      vertex 75.7 -88 -6.35
    endloop
  endfacet
  facet normal 0.9569403357322108 -0.290284677254456 0
    outer loop
      vertex 70.50552526221952 -86.96675473261426 6.35
      vertex 70.35187974291128 -87.47325613055645 -6.35
      vertex 70.50552526221952 -86.96675473261426 -6.35
    endloop
  endfacet
  facet normal 0.8819212643483517 -0.47139673682600386 0
    outer loop
      vertex 70.75503204678313 -86.49996037084708 6.35
      vertex 70.50552526221952 -86.96675473261426 -6.35
      vertex 70.75503204678313 -86.49996037084708 -6.35
    endloop
  endfacet
  facet normal 0.7730104533627516 -0.6343932841636277 0
    outer loop
      vertex 71.09081169079631 -86.09081169079631 6.35
      vertex 70.75503204678313 -86.49996037084708 -6.35
      vertex 71.09081169079631 -86.09081169079631 -6.35
    endloop
  endfacet
  facet normal 0.6343932841636277 -0.7730104533627516 0
    outer loop
      vertex 71.49996037084708 -85.75503204678313 6.35
      vertex 71.09081169079631 -86.09081169079631 -6.35
      vertex 71.49996037084708 -85.75503204678313 -6.35
    endloop
  endfacet
  facet normal 0.47139673682600386 -0.8819212643483517 0
    outer loop
      vertex 71.96675473261426 -85.50552526221952 6.35
      vertex 71.49996037084708 -85.75503204678313 -6.35
      vertex 71.96675473261426 -85.50552526221952 -6.35
    endloop
  endfacet
  facet normal 0.290284677254456 -0.9569403357322108 0
    outer loop
      vertex 72.47325613055645 -85.35187974291128 6.35
      vertex 71.96675473261426 -85.50552526221952 -6.35
      vertex 72.47325613055645 -85.35187974291128 -6.35
    endloop
  endfacet
  facet normal 0.09801714032956836 -0.9951847266721962 0
    outer loop
      vertex 73 -85.3 6.35
      vertex 72.47325613055645 -85.35187974291128 -6.35
      vertex 73 -85.3 -6.35
    endloop
  endfacet
  facet normal -0.09801714032956836 -0.9951847266721962 0
    outer loop
      vertex 73.52674386944355 -85.35187974291128 6.35
      vertex 73 -85.3 -6.35
      vertex 73.52674386944355 -85.35187974291128 -6.35
    endloop
  endfacet
  facet normal -0.290284677254456 -0.9569403357322108 0
    outer loop
      vertex 74.03324526738574 -85.50552526221952 6.35
      vertex 73.52674386944355 -85.35187974291128 -6.35
      vertex 74.03324526738574 -85.50552526221952 -6.35
    endloop
  endfacet
  facet normal -0.9569403357322108 -0.290284677254456 0
    outer loop
      vertex 75.64812025708872 -87.47325613055645 6.35
      vertex 75.49447473778048 -86.96675473261426 -6.35
      vertex 75.64812025708872 -87.47325613055645 -6.35
    endloop
  endfacet
  facet normal -0.8819212643483517 -0.47139673682600386 0
    outer loop
      vertex 75.49447473778048 -86.96675473261426 6.35
      vertex 75.24496795321687 -86.49996037084708 -6.35
      vertex 75.49447473778048 -86.96675473261426 -6.35
    endloop
  endfacet
  facet normal -0.7730104533627516 -0.6343932841636277 0
    outer loop
      vertex 75.24496795321687 -86.49996037084708 6.35
      vertex 74.90918830920369 -86.09081169079631 -6.35
      vertex 75.24496795321687 -86.49996037084708 -6.35
    endloop
  endfacet
  facet normal -0.6343932841636277 -0.7730104533627516 0
    outer loop
      vertex 74.50003962915292 -85.75503204678313 -6.35
      vertex 74.90918830920369 -86.09081169079631 -6.35
      vertex 74.90918830920369 -86.09081169079631 6.35
    endloop
  endfacet
  facet normal -0.47139673682600386 -0.8819212643483517 0
    outer loop
      vertex 74.50003962915292 -85.75503204678313 6.35
      vertex 74.03324526738574 -85.50552526221952 -6.35
      vertex 74.50003962915292 -85.75503204678313 -6.35
    endloop
  endfacet
  facet normal 0.9569403357322108 0.290284677254456 0
    outer loop
      vertex 70.35187974291128 -88.52674386944355 6.35
      vertex 70.50552526221952 -89.03324526738574 6.35
      vertex 70.50552526221952 -89.03324526738574 -6.35
    endloop
  endfacet
  facet normal 0.9951847266721962 0.09801714032956836 0
    outer loop
      vertex 70.3 -88 6.35
      vertex 70.35187974291128 -88.52674386944355 6.35
      vertex 70.35187974291128 -88.52674386944355 -6.35
    endloop
  endfacet
  facet normal 0.9951847266721962 -0.09801714032956836 0
    outer loop
      vertex 70.35187974291128 -87.47325613055645 6.35
      vertex 70.3 -88 6.35
      vertex 70.3 -88 -6.35
    endloop
  endfacet
  facet normal 0.8819212643483517 0.47139673682600386 0
    outer loop
      vertex 70.50552526221952 -89.03324526738574 6.35
      vertex 70.75503204678313 -89.50003962915292 6.35
      vertex 70.75503204678313 -89.50003962915292 -6.35
    endloop
  endfacet
  facet normal 0.7730104533627516 0.6343932841636277 0
    outer loop
      vertex 70.75503204678313 -89.50003962915292 6.35
      vertex 71.09081169079631 -89.90918830920369 6.35
      vertex 71.09081169079631 -89.90918830920369 -6.35
    endloop
  endfacet
  facet normal 0.6343932841636277 0.7730104533627516 0
    outer loop
      vertex 71.49996037084708 -90.24496795321687 6.35
      vertex 71.49996037084708 -90.24496795321687 -6.35
      vertex 71.09081169079631 -89.90918830920369 6.35
    endloop
  endfacet
  facet normal 0.47139673682600386 0.8819212643483517 0
    outer loop
      vertex 71.96675473261426 -90.49447473778048 6.35
      vertex 71.96675473261426 -90.49447473778048 -6.35
      vertex 71.49996037084708 -90.24496795321687 6.35
    endloop
  endfacet
  facet normal 0.09801714032956836 0.9951847266721962 0
    outer loop
      vertex 73 -90.7 6.35
      vertex 73 -90.7 -6.35
      vertex 72.47325613055645 -90.64812025708872 6.35
    endloop
  endfacet
  facet normal -0.09801714032956836 0.9951847266721962 0
    outer loop
      vertex 73.52674386944355 -90.64812025708872 6.35
      vertex 73.52674386944355 -90.64812025708872 -6.35
      vertex 73 -90.7 6.35
    endloop
  endfacet
  facet normal 0.290284677254456 0.9569403357322108 0
    outer loop
      vertex 72.47325613055645 -90.64812025708872 6.35
      vertex 72.47325613055645 -90.64812025708872 -6.35
      vertex 71.96675473261426 -90.49447473778048 6.35
    endloop
  endfacet
  facet normal -0.290284677254456 0.9569403357322108 0
    outer loop
      vertex 74.03324526738574 -90.49447473778048 6.35
      vertex 74.03324526738574 -90.49447473778048 -6.35
      vertex 73.52674386944355 -90.64812025708872 6.35
    endloop
  endfacet
  facet normal -0.47139673682600386 0.8819212643483517 0
    outer loop
      vertex 74.50003962915292 -90.24496795321687 6.35
      vertex 74.50003962915292 -90.24496795321687 -6.35
      vertex 74.03324526738574 -90.49447473778048 6.35
    endloop
  endfacet
  facet normal -0.6343932841636277 0.7730104533627516 0
    outer loop
      vertex 74.90918830920369 -89.90918830920369 6.35
      vertex 74.90918830920369 -89.90918830920369 -6.35
      vertex 74.50003962915292 -90.24496795321687 6.35
    endloop
  endfacet
  facet normal -0.7730104533627516 0.6343932841636277 0
    outer loop
      vertex 74.90918830920369 -89.90918830920369 6.35
      vertex 75.24496795321687 -89.50003962915292 6.35
      vertex 75.24496795321687 -89.50003962915292 -6.35
    endloop
  endfacet
  facet normal -0.8819212643483517 0.47139673682600386 0
    outer loop
      vertex 75.24496795321687 -89.50003962915292 6.35
      vertex 75.49447473778048 -89.03324526738574 6.35
      vertex 75.49447473778048 -89.03324526738574 -6.35
    endloop
  endfacet
  facet normal -0.9569403357322108 0.290284677254456 0
    outer loop
      vertex 75.49447473778048 -89.03324526738574 6.35
      vertex 75.64812025708872 -88.52674386944355 6.35
      vertex 75.64812025708872 -88.52674386944355 -6.35
    endloop
  endfacet
  facet normal -0.9951847266721962 0.09801714032956836 0
    outer loop
      vertex 75.64812025708872 -88.52674386944355 6.35
      vertex 75.7 -88 6.35
      vertex 75.7 -88 -6.35
    endloop
  endfacet
  facet normal -0.9951847266721962 -0.09801714032956836 0
    outer loop
      vertex 75.7 -88 6.35
      vertex 75.64812025708872 -87.47325613055645 6.35
      vertex 75.64812025708872 -87.47325613055645 -6.35
    endloop
  endfacet
  facet normal 0.9569403357322108 -0.290284677254456 0
    outer loop
      vertex 70.50552526221952 -86.96675473261426 6.35
      vertex 70.35187974291128 -87.47325613055645 6.35
      vertex 70.35187974291128 -87.47325613055645 -6.35
    endloop
  endfacet
  facet normal 0.8819212643483517 -0.47139673682600386 0
    outer loop
      vertex 70.75503204678313 -86.49996037084708 6.35
      vertex 70.50552526221952 -86.96675473261426 6.35
      vertex 70.50552526221952 -86.96675473261426 -6.35
    endloop
  endfacet
  facet normal 0.7730104533627516 -0.6343932841636277 0
    outer loop
      vertex 71.09081169079631 -86.09081169079631 6.35
      vertex 70.75503204678313 -86.49996037084708 6.35
      vertex 70.75503204678313 -86.49996037084708 -6.35
    endloop
  endfacet
  facet normal 0.6343932841636277 -0.7730104533627516 0
    outer loop
      vertex 71.09081169079631 -86.09081169079631 6.35
      vertex 71.09081169079631 -86.09081169079631 -6.35
      vertex 71.49996037084708 -85.75503204678313 6.35
    endloop
  endfacet
  facet normal 0.47139673682600386 -0.8819212643483517 0
    outer loop
      vertex 71.49996037084708 -85.75503204678313 6.35
      vertex 71.49996037084708 -85.75503204678313 -6.35
      vertex 71.96675473261426 -85.50552526221952 6.35
    endloop
  endfacet
  facet normal 0.290284677254456 -0.9569403357322108 0
    outer loop
      vertex 71.96675473261426 -85.50552526221952 6.35
      vertex 71.96675473261426 -85.50552526221952 -6.35
      vertex 72.47325613055645 -85.35187974291128 6.35
    endloop
  endfacet
  facet normal 0.09801714032956836 -0.9951847266721962 0
    outer loop
      vertex 72.47325613055645 -85.35187974291128 6.35
      vertex 72.47325613055645 -85.35187974291128 -6.35
      vertex 73 -85.3 6.35
    endloop
  endfacet
  facet normal -0.09801714032956836 -0.9951847266721962 0
    outer loop
      vertex 73 -85.3 6.35
      vertex 73 -85.3 -6.35
      vertex 73.52674386944355 -85.35187974291128 6.35
    endloop
  endfacet
  facet normal -0.290284677254456 -0.9569403357322108 0
    outer loop
      vertex 73.52674386944355 -85.35187974291128 6.35
      vertex 73.52674386944355 -85.35187974291128 -6.35
      vertex 74.03324526738574 -85.50552526221952 6.35
    endloop
  endfacet
  facet normal -0.9569403357322108 -0.290284677254456 0
    outer loop
      vertex 75.64812025708872 -87.47325613055645 6.35
      vertex 75.49447473778048 -86.96675473261426 6.35
      vertex 75.49447473778048 -86.96675473261426 -6.35
    endloop
  endfacet
  facet normal -0.7730104533627516 -0.6343932841636277 0
    outer loop
      vertex 75.24496795321687 -86.49996037084708 6.35
      vertex 74.90918830920369 -86.09081169079631 6.35
      vertex 74.90918830920369 -86.09081169079631 -6.35
    endloop
  endfacet
  facet normal -0.8819212643483517 -0.47139673682600386 0
    outer loop
      vertex 75.49447473778048 -86.96675473261426 6.35
      vertex 75.24496795321687 -86.49996037084708 6.35
      vertex 75.24496795321687 -86.49996037084708 -6.35
    endloop
  endfacet
  facet normal -0.47139673682600386 -0.8819212643483517 0
    outer loop
      vertex 74.03324526738574 -85.50552526221952 6.35
      vertex 74.03324526738574 -85.50552526221952 -6.35
      vertex 74.50003962915292 -85.75503204678313 6.35
    endloop
  endfacet
  facet normal -0.6343932841636277 -0.7730104533627516 0
    outer loop
      vertex 74.50003962915292 -85.75503204678313 6.35
      vertex 74.50003962915292 -85.75503204678313 -6.35
      vertex 74.90918830920369 -86.09081169079631 6.35
    endloop
  endfacet
  facet normal 0.9569403357322108 0.290284677254456 0
    outer loop
      vertex 70.50552526221952 86.96675473261426 -6.35
      vertex 70.35187974291128 87.47325613055645 -6.35
      vertex 70.35187974291128 87.47325613055645 6.35
    endloop
  endfacet
  facet normal 0.47139673682600386 0.8819212643483517 0
    outer loop
      vertex 71.49996037084708 85.75503204678313 -6.35
      vertex 71.49996037084708 85.75503204678313 6.35
      vertex 71.96675473261426 85.50552526221952 -6.35
    endloop
  endfacet
  facet normal 0.290284677254456 0.9569403357322108 0
    outer loop
      vertex 71.96675473261426 85.50552526221952 -6.35
      vertex 71.96675473261426 85.50552526221952 6.35
      vertex 72.47325613055645 85.35187974291128 -6.35
    endloop
  endfacet
  facet normal 0.7730104533627516 0.6343932841636277 0
    outer loop
      vertex 71.09081169079631 86.09081169079631 -6.35
      vertex 70.75503204678313 86.49996037084708 -6.35
      vertex 70.75503204678313 86.49996037084708 6.35
    endloop
  endfacet
  facet normal 0.6343932841636277 0.7730104533627516 0
    outer loop
      vertex 71.49996037084708 85.75503204678313 -6.35
      vertex 71.09081169079631 86.09081169079631 -6.35
      vertex 71.09081169079631 86.09081169079631 6.35
    endloop
  endfacet
  facet normal 0.8819212643483517 0.47139673682600386 0
    outer loop
      vertex 70.75503204678313 86.49996037084708 -6.35
      vertex 70.50552526221952 86.96675473261426 -6.35
      vertex 70.50552526221952 86.96675473261426 6.35
    endloop
  endfacet
  facet normal 0.09801714032956836 0.9951847266721962 0
    outer loop
      vertex 72.47325613055645 85.35187974291128 -6.35
      vertex 72.47325613055645 85.35187974291128 6.35
      vertex 73 85.3 -6.35
    endloop
  endfacet
  facet normal -0.09801714032956836 0.9951847266721962 0
    outer loop
      vertex 73 85.3 -6.35
      vertex 73 85.3 6.35
      vertex 73.52674386944355 85.35187974291128 -6.35
    endloop
  endfacet
  facet normal -0.290284677254456 0.9569403357322108 0
    outer loop
      vertex 73.52674386944355 85.35187974291128 -6.35
      vertex 73.52674386944355 85.35187974291128 6.35
      vertex 74.03324526738574 85.50552526221952 -6.35
    endloop
  endfacet
  facet normal -0.47139673682600386 0.8819212643483517 0
    outer loop
      vertex 74.03324526738574 85.50552526221952 -6.35
      vertex 74.03324526738574 85.50552526221952 6.35
      vertex 74.50003962915292 85.75503204678313 -6.35
    endloop
  endfacet
  facet normal -0.6343932841636277 0.7730104533627516 0
    outer loop
      vertex 74.50003962915292 85.75503204678313 -6.35
      vertex 74.50003962915292 85.75503204678313 6.35
      vertex 74.90918830920369 86.09081169079631 -6.35
    endloop
  endfacet
  facet normal -0.7730104533627516 0.6343932841636277 0
    outer loop
      vertex 74.90918830920369 86.09081169079631 -6.35
      vertex 74.90918830920369 86.09081169079631 6.35
      vertex 75.24496795321687 86.49996037084708 -6.35
    endloop
  endfacet
  facet normal -0.8819212643483517 0.47139673682600386 0
    outer loop
      vertex 75.49447473778048 86.96675473261426 -6.35
      vertex 75.24496795321687 86.49996037084708 -6.35
      vertex 75.24496795321687 86.49996037084708 6.35
    endloop
  endfacet
  facet normal -0.9569403357322108 0.290284677254456 0
    outer loop
      vertex 75.64812025708872 87.47325613055645 -6.35
      vertex 75.49447473778048 86.96675473261426 -6.35
      vertex 75.49447473778048 86.96675473261426 6.35
    endloop
  endfacet
  facet normal 0.9951847266721962 0.09801714032956836 0
    outer loop
      vertex 70.35187974291128 87.47325613055645 -6.35
      vertex 70.3 88 -6.35
      vertex 70.3 88 6.35
    endloop
  endfacet
  facet normal 0.9951847266721962 -0.09801714032956836 0
    outer loop
      vertex 70.3 88 -6.35
      vertex 70.35187974291128 88.52674386944355 -6.35
      vertex 70.35187974291128 88.52674386944355 6.35
    endloop
  endfacet
  facet normal 0.9569403357322108 -0.290284677254456 0
    outer loop
      vertex 70.35187974291128 88.52674386944355 -6.35
      vertex 70.50552526221952 89.03324526738574 -6.35
      vertex 70.50552526221952 89.03324526738574 6.35
    endloop
  endfacet
  facet normal 0.8819212643483517 -0.47139673682600386 0
    outer loop
      vertex 70.50552526221952 89.03324526738574 -6.35
      vertex 70.75503204678313 89.50003962915292 -6.35
      vertex 70.75503204678313 89.50003962915292 6.35
    endloop
  endfacet
  facet normal 0.7730104533627516 -0.6343932841636277 0
    outer loop
      vertex 70.75503204678313 89.50003962915292 -6.35
      vertex 71.09081169079631 89.90918830920369 -6.35
      vertex 71.09081169079631 89.90918830920369 6.35
    endloop
  endfacet
  facet normal 0.6343932841636277 -0.7730104533627516 0
    outer loop
      vertex 71.49996037084708 90.24496795321687 -6.35
      vertex 71.49996037084708 90.24496795321687 6.35
      vertex 71.09081169079631 89.90918830920369 -6.35
    endloop
  endfacet
  facet normal 0.47139673682600386 -0.8819212643483517 0
    outer loop
      vertex 71.96675473261426 90.49447473778048 -6.35
      vertex 71.96675473261426 90.49447473778048 6.35
      vertex 71.49996037084708 90.24496795321687 -6.35
    endloop
  endfacet
  facet normal 0.290284677254456 -0.9569403357322108 0
    outer loop
      vertex 72.47325613055645 90.64812025708872 -6.35
      vertex 72.47325613055645 90.64812025708872 6.35
      vertex 71.96675473261426 90.49447473778048 -6.35
    endloop
  endfacet
  facet normal -0.290284677254456 -0.9569403357322108 0
    outer loop
      vertex 74.03324526738574 90.49447473778048 -6.35
      vertex 74.03324526738574 90.49447473778048 6.35
      vertex 73.52674386944355 90.64812025708872 -6.35
    endloop
  endfacet
  facet normal -0.9569403357322108 -0.290284677254456 0
    outer loop
      vertex 75.49447473778048 89.03324526738574 -6.35
      vertex 75.64812025708872 88.52674386944355 -6.35
      vertex 75.64812025708872 88.52674386944355 6.35
    endloop
  endfacet
  facet normal -0.47139673682600386 -0.8819212643483517 0
    outer loop
      vertex 74.50003962915292 90.24496795321687 -6.35
      vertex 74.50003962915292 90.24496795321687 6.35
      vertex 74.03324526738574 90.49447473778048 -6.35
    endloop
  endfacet
  facet normal -0.7730104533627516 -0.6343932841636277 0
    outer loop
      vertex 74.90918830920369 89.90918830920369 -6.35
      vertex 75.24496795321687 89.50003962915292 -6.35
      vertex 75.24496795321687 89.50003962915292 6.35
    endloop
  endfacet
  facet normal -0.8819212643483517 -0.47139673682600386 0
    outer loop
      vertex 75.24496795321687 89.50003962915292 -6.35
      vertex 75.49447473778048 89.03324526738574 -6.35
      vertex 75.49447473778048 89.03324526738574 6.35
    endloop
  endfacet
  facet normal -0.6343932841636277 -0.7730104533627516 0
    outer loop
      vertex 74.50003962915292 90.24496795321687 -6.35
      vertex 74.90918830920369 89.90918830920369 -6.35
      vertex 74.90918830920369 89.90918830920369 6.35
    endloop
  endfacet
  facet normal 0.09801714032956836 -0.9951847266721962 0
    outer loop
      vertex 73 90.7 -6.35
      vertex 73 90.7 6.35
      vertex 72.47325613055645 90.64812025708872 -6.35
    endloop
  endfacet
  facet normal -0.09801714032956836 -0.9951847266721962 0
    outer loop
      vertex 73.52674386944355 90.64812025708872 -6.35
      vertex 73.52674386944355 90.64812025708872 6.35
      vertex 73 90.7 -6.35
    endloop
  endfacet
  facet normal -0.9951847266721962 0.09801714032956836 0
    outer loop
      vertex 75.7 88 -6.35
      vertex 75.64812025708872 87.47325613055645 -6.35
      vertex 75.64812025708872 87.47325613055645 6.35
    endloop
  endfacet
  facet normal -0.9951847266721962 -0.09801714032956836 0
    outer loop
      vertex 75.64812025708872 88.52674386944355 -6.35
      vertex 75.7 88 -6.35
      vertex 75.7 88 6.35
    endloop
  endfacet
  facet normal 0.9569403357322108 0.290284677254456 0
    outer loop
      vertex 70.50552526221952 86.96675473261426 -6.35
      vertex 70.35187974291128 87.47325613055645 6.35
      vertex 70.50552526221952 86.96675473261426 6.35
    endloop
  endfacet
  facet normal 0.6343932841636277 0.7730104533627516 0
    outer loop
      vertex 71.49996037084708 85.75503204678313 -6.35
      vertex 71.09081169079631 86.09081169079631 6.35
      vertex 71.49996037084708 85.75503204678313 6.35
    endloop
  endfacet
  facet normal 0.47139673682600386 0.8819212643483517 0
    outer loop
      vertex 71.96675473261426 85.50552526221952 -6.35
      vertex 71.49996037084708 85.75503204678313 6.35
      vertex 71.96675473261426 85.50552526221952 6.35
    endloop
  endfacet
  facet normal 0.8819212643483517 0.47139673682600386 0
    outer loop
      vertex 70.75503204678313 86.49996037084708 -6.35
      vertex 70.50552526221952 86.96675473261426 6.35
      vertex 70.75503204678313 86.49996037084708 6.35
    endloop
  endfacet
  facet normal 0.7730104533627516 0.6343932841636277 0
    outer loop
      vertex 71.09081169079631 86.09081169079631 -6.35
      vertex 70.75503204678313 86.49996037084708 6.35
      vertex 71.09081169079631 86.09081169079631 6.35
    endloop
  endfacet
  facet normal 0.290284677254456 0.9569403357322108 0
    outer loop
      vertex 72.47325613055645 85.35187974291128 -6.35
      vertex 71.96675473261426 85.50552526221952 6.35
      vertex 72.47325613055645 85.35187974291128 6.35
    endloop
  endfacet
  facet normal 0.09801714032956836 0.9951847266721962 0
    outer loop
      vertex 73 85.3 -6.35
      vertex 72.47325613055645 85.35187974291128 6.35
      vertex 73 85.3 6.35
    endloop
  endfacet
  facet normal -0.09801714032956836 0.9951847266721962 0
    outer loop
      vertex 73.52674386944355 85.35187974291128 -6.35
      vertex 73 85.3 6.35
      vertex 73.52674386944355 85.35187974291128 6.35
    endloop
  endfacet
  facet normal -0.290284677254456 0.9569403357322108 0
    outer loop
      vertex 74.03324526738574 85.50552526221952 -6.35
      vertex 73.52674386944355 85.35187974291128 6.35
      vertex 74.03324526738574 85.50552526221952 6.35
    endloop
  endfacet
  facet normal -0.47139673682600386 0.8819212643483517 0
    outer loop
      vertex 74.50003962915292 85.75503204678313 -6.35
      vertex 74.03324526738574 85.50552526221952 6.35
      vertex 74.50003962915292 85.75503204678313 6.35
    endloop
  endfacet
  facet normal -0.6343932841636277 0.7730104533627516 0
    outer loop
      vertex 74.90918830920369 86.09081169079631 -6.35
      vertex 74.50003962915292 85.75503204678313 6.35
      vertex 74.90918830920369 86.09081169079631 6.35
    endloop
  endfacet
  facet normal -0.7730104533627516 0.6343932841636277 0
    outer loop
      vertex 75.24496795321687 86.49996037084708 -6.35
      vertex 74.90918830920369 86.09081169079631 6.35
      vertex 75.24496795321687 86.49996037084708 6.35
    endloop
  endfacet
  facet normal -0.8819212643483517 0.47139673682600386 0
    outer loop
      vertex 75.49447473778048 86.96675473261426 -6.35
      vertex 75.24496795321687 86.49996037084708 6.35
      vertex 75.49447473778048 86.96675473261426 6.35
    endloop
  endfacet
  facet normal -0.9569403357322108 0.290284677254456 0
    outer loop
      vertex 75.64812025708872 87.47325613055645 -6.35
      vertex 75.49447473778048 86.96675473261426 6.35
      vertex 75.64812025708872 87.47325613055645 6.35
    endloop
  endfacet
  facet normal 0.9951847266721962 0.09801714032956836 0
    outer loop
      vertex 70.35187974291128 87.47325613055645 -6.35
      vertex 70.3 88 6.35
      vertex 70.35187974291128 87.47325613055645 6.35
    endloop
  endfacet
  facet normal 0.9951847266721962 -0.09801714032956836 0
    outer loop
      vertex 70.3 88 -6.35
      vertex 70.35187974291128 88.52674386944355 6.35
      vertex 70.3 88 6.35
    endloop
  endfacet
  facet normal 0.9569403357322108 -0.290284677254456 0
    outer loop
      vertex 70.35187974291128 88.52674386944355 -6.35
      vertex 70.50552526221952 89.03324526738574 6.35
      vertex 70.35187974291128 88.52674386944355 6.35
    endloop
  endfacet
  facet normal 0.8819212643483517 -0.47139673682600386 0
    outer loop
      vertex 70.50552526221952 89.03324526738574 -6.35
      vertex 70.75503204678313 89.50003962915292 6.35
      vertex 70.50552526221952 89.03324526738574 6.35
    endloop
  endfacet
  facet normal 0.7730104533627516 -0.6343932841636277 0
    outer loop
      vertex 70.75503204678313 89.50003962915292 -6.35
      vertex 71.09081169079631 89.90918830920369 6.35
      vertex 70.75503204678313 89.50003962915292 6.35
    endloop
  endfacet
  facet normal 0.6343932841636277 -0.7730104533627516 0
    outer loop
      vertex 71.09081169079631 89.90918830920369 -6.35
      vertex 71.49996037084708 90.24496795321687 6.35
      vertex 71.09081169079631 89.90918830920369 6.35
    endloop
  endfacet
  facet normal 0.47139673682600386 -0.8819212643483517 0
    outer loop
      vertex 71.49996037084708 90.24496795321687 -6.35
      vertex 71.96675473261426 90.49447473778048 6.35
      vertex 71.49996037084708 90.24496795321687 6.35
    endloop
  endfacet
  facet normal 0.290284677254456 -0.9569403357322108 0
    outer loop
      vertex 71.96675473261426 90.49447473778048 -6.35
      vertex 72.47325613055645 90.64812025708872 6.35
      vertex 71.96675473261426 90.49447473778048 6.35
    endloop
  endfacet
  facet normal -0.290284677254456 -0.9569403357322108 0
    outer loop
      vertex 73.52674386944355 90.64812025708872 -6.35
      vertex 74.03324526738574 90.49447473778048 6.35
      vertex 73.52674386944355 90.64812025708872 6.35
    endloop
  endfacet
  facet normal -0.9569403357322108 -0.290284677254456 0
    outer loop
      vertex 75.49447473778048 89.03324526738574 -6.35
      vertex 75.64812025708872 88.52674386944355 6.35
      vertex 75.49447473778048 89.03324526738574 6.35
    endloop
  endfacet
  facet normal -0.47139673682600386 -0.8819212643483517 0
    outer loop
      vertex 74.03324526738574 90.49447473778048 -6.35
      vertex 74.50003962915292 90.24496795321687 6.35
      vertex 74.03324526738574 90.49447473778048 6.35
    endloop
  endfacet
  facet normal -0.6343932841636277 -0.7730104533627516 0
    outer loop
      vertex 74.50003962915292 90.24496795321687 -6.35
      vertex 74.90918830920369 89.90918830920369 6.35
      vertex 74.50003962915292 90.24496795321687 6.35
    endloop
  endfacet
  facet normal -0.7730104533627516 -0.6343932841636277 0
    outer loop
      vertex 74.90918830920369 89.90918830920369 -6.35
      vertex 75.24496795321687 89.50003962915292 6.35
      vertex 74.90918830920369 89.90918830920369 6.35
    endloop
  endfacet
  facet normal -0.8819212643483517 -0.47139673682600386 0
    outer loop
      vertex 75.24496795321687 89.50003962915292 -6.35
      vertex 75.49447473778048 89.03324526738574 6.35
      vertex 75.24496795321687 89.50003962915292 6.35
    endloop
  endfacet
  facet normal 0.09801714032956836 -0.9951847266721962 0
    outer loop
      vertex 72.47325613055645 90.64812025708872 -6.35
      vertex 73 90.7 6.35
      vertex 72.47325613055645 90.64812025708872 6.35
    endloop
  endfacet
  facet normal -0.09801714032956836 -0.9951847266721962 0
    outer loop
      vertex 73 90.7 -6.35
      vertex 73.52674386944355 90.64812025708872 6.35
      vertex 73 90.7 6.35
    endloop
  endfacet
  facet normal -0.9951847266721962 0.09801714032956836 0
    outer loop
      vertex 75.7 88 -6.35
      vertex 75.64812025708872 87.47325613055645 6.35
      vertex 75.7 88 6.35
    endloop
  endfacet
  facet normal -0.9951847266721962 -0.09801714032956836 0
    outer loop
      vertex 75.64812025708872 88.52674386944355 -6.35
      vertex 75.7 88 6.35
      vertex 75.64812025708872 88.52674386944355 6.35
    endloop
  endfacet
  facet normal 0 0 -1
    outer loop
      vertex -110 -100 -6.35
      vertex -73.52674386944355 -90.64812025708872 -6.35
      vertex -73 -90.7 -6.35
    endloop
  endfacet
  facet normal 0 0 -1
    outer loop
      vertex -110 -100 -6.35
      vertex -75.49447473778048 -89.03324526738574 -6.35
      vertex -75.24496795321687 -89.50003962915292 -6.35
    endloop
  endfacet
  facet normal 0 0 -1
    outer loop
      vertex -110 -100 -6.35
      vertex -75.64812025708872 -88.52674386944355 -6.35
      vertex -75.49447473778048 -89.03324526738574 -6.35
    endloop
  endfacet
  facet normal 0 0 -1
    outer loop
      vertex -110 -100 -6.35
      vertex -74.90918830920369 -89.90918830920369 -6.35
      vertex -74.50003962915292 -90.24496795321687 -6.35
    endloop
  endfacet
  facet normal 0 0 -1
    outer loop
      vertex -110 -100 -6.35
      vertex -75.24496795321687 -89.50003962915292 -6.35
      vertex -74.90918830920369 -89.90918830920369 -6.35
    endloop
  endfacet
  facet normal 0 0 -1
    outer loop
      vertex -110 -100 -6.35
      vertex -74.50003962915292 -90.24496795321687 -6.35
      vertex -74.03324526738574 -90.49447473778048 -6.35
    endloop
  endfacet
  facet normal 0 0 -1
    outer loop
      vertex -110 -100 -6.35
      vertex -75.7 -88 -6.35
      vertex -75.64812025708872 -88.52674386944355 -6.35
    endloop
  endfacet
  facet normal 0 0 -1
    outer loop
      vertex -110 -100 -6.35
      vertex -75.64812025708872 -87.47325613055645 -6.35
      vertex -75.7 -88 -6.35
    endloop
  endfacet
  facet normal 0 0 -1
    outer loop
      vertex -110 -100 -6.35
      vertex -75.49447473778048 -86.96675473261426 -6.35
      vertex -75.64812025708872 -87.47325613055645 -6.35
    endloop
  endfacet
  facet normal 0 0 -1
    outer loop
      vertex -110 -100 -6.35
      vertex -75.24496795321687 -86.49996037084708 -6.35
      vertex -75.49447473778048 -86.96675473261426 -6.35
    endloop
  endfacet
  facet normal 0 0 -1
    outer loop
      vertex -110 -100 -6.35
      vertex -74.90918830920369 -86.09081169079631 -6.35
      vertex -75.24496795321687 -86.49996037084708 -6.35
    endloop
  endfacet
  facet normal 0 0 -1
    outer loop
      vertex -110 -100 -6.35
      vertex -74.03324526738574 -90.49447473778048 -6.35
      vertex -73.52674386944355 -90.64812025708872 -6.35
    endloop
  endfacet
  facet normal 0 0 -1
    outer loop
      vertex -110 -100 -6.35
      vertex -90.87080662768072 -58.250033024294105 -6.35
      vertex -90.59099025766973 -58.59099025766973 -6.35
    endloop
  endfacet
  facet normal 0 0 -1
    outer loop
      vertex -110 -100 -6.35
      vertex -91.0787289481504 -57.86103772282145 -6.35
      vertex -90.87080662768072 -58.250033024294105 -6.35
    endloop
  endfacet
  facet normal 0 0 -1
    outer loop
      vertex -110 -100 -6.35
      vertex -89.86103772282145 -59.07872894815039 -6.35
      vertex -89.43895322453629 -59.20676688090727 -6.35
    endloop
  endfacet
  facet normal 0 0 -1
    outer loop
      vertex -110 -100 -6.35
      vertex -90.59099025766973 -58.59099025766973 -6.35
      vertex -90.25003302429411 -58.87080662768073 -6.35
    endloop
  endfacet
  facet normal 0 0 -1
    outer loop
      vertex -110 -100 -6.35
      vertex -90.25003302429411 -58.87080662768073 -6.35
      vertex -89.86103772282145 -59.07872894815039 -6.35
    endloop
  endfacet
  facet normal 0 0 -1
    outer loop
      vertex -110 -100 -6.35
      vertex -91.20676688090727 -57.43895322453629 -6.35
      vertex -91.0787289481504 -57.86103772282145 -6.35
    endloop
  endfacet
  facet normal 0 0 -1
    outer loop
      vertex -110 -100 -6.35
      vertex -91.25 -57 -6.35
      vertex -91.20676688090727 -57.43895322453629 -6.35
    endloop
  endfacet
  facet normal 0 0 -1
    outer loop
      vertex -110 -100 -6.35
      vertex -89.43895322453629 -59.20676688090727 -6.35
      vertex -89 -59.25 -6.35
    endloop
  endfacet
  facet normal 0 0 -1
    outer loop
      vertex -110 -100 -6.35
      vertex -89 -59.25 -6.35
      vertex -88.56104677546371 -59.20676688090727 -6.35
    endloop
  endfacet
  facet normal 0 0 -1
    outer loop
      vertex -110 -100 -6.35
      vertex -88.56104677546371 -59.20676688090727 -6.35
      vertex -88.13896227717855 -59.07872894815039 -6.35
    endloop
  endfacet
  facet normal 0 0 -1
    outer loop
      vertex -110 -100 -6.35
      vertex -88.13896227717855 -59.07872894815039 -6.35
      vertex -87.74996697570589 -58.87080662768073 -6.35
    endloop
  endfacet
  facet normal 0 0 -1
    outer loop
      vertex -110 -100 -6.35
      vertex -110 100 -6.35
      vertex -91.25 -57 -6.35
    endloop
  endfacet
  facet normal 0 0 -1
    outer loop
      vertex -91.20676688090727 -56.56104677546371 -6.35
      vertex -91.25 -57 -6.35
      vertex -91.20676688090727 56.56104677546371 -6.35
    endloop
  endfacet
  facet normal 0 0 -1
    outer loop
      vertex -91.0787289481504 -56.13896227717855 -6.35
      vertex -91.20676688090727 -56.56104677546371 -6.35
      vertex -91.0787289481504 56.13896227717855 -6.35
    endloop
  endfacet
  facet normal 0 0 -1
    outer loop
      vertex -90.87080662768072 -55.749966975705895 -6.35
      vertex -91.0787289481504 -56.13896227717855 -6.35
      vertex -90.87080662768072 55.749966975705895 -6.35
    endloop
  endfacet
  facet normal 0 0 -1
    outer loop
      vertex -90.59099025766973 -55.40900974233027 -6.35
      vertex -90.87080662768072 -55.749966975705895 -6.35
      vertex -90.59099025766973 55.40900974233027 -6.35
    endloop
  endfacet
  facet normal 0 0 -1
    outer loop
      vertex -90.25003302429411 -55.12919337231927 -6.35
      vertex -90.59099025766973 -55.40900974233027 -6.35
      vertex -90.25003302429411 55.12919337231927 -6.35
    endloop
  endfacet
  facet normal 0 0 -1
    outer loop
      vertex -89.86103772282145 -54.92127105184961 -6.35
      vertex -90.25003302429411 -55.12919337231927 -6.35
      vertex -89.86103772282145 54.92127105184961 -6.35
    endloop
  endfacet
  facet normal 0 0 -1
    outer loop
      vertex -89.43895322453629 -54.79323311909273 -6.35
      vertex -89.86103772282145 -54.92127105184961 -6.35
      vertex -89.43895322453629 54.79323311909273 -6.35
    endloop
  endfacet
  facet normal 0 0 -1
    outer loop
      vertex -89 -54.75 -6.35
      vertex -89.43895322453629 -54.79323311909273 -6.35
      vertex -89 54.75 -6.35
    endloop
  endfacet
  facet normal 0 0 -1
    outer loop
      vertex -88.56104677546371 -54.79323311909273 -6.35
      vertex -89 -54.75 -6.35
      vertex -88.56104677546371 54.79323311909273 -6.35
    endloop
  endfacet
  facet normal 0 0 -1
    outer loop
      vertex -88.13896227717855 -54.92127105184961 -6.35
      vertex -88.56104677546371 -54.79323311909273 -6.35
      vertex -88.13896227717855 54.92127105184961 -6.35
    endloop
  endfacet
  facet normal 0 0 -1
    outer loop
      vertex -86.75 -57 -6.35
      vertex -86.79323311909273 -56.56104677546371 -6.35
      vertex 0.43895322453628854 54.79323311909273 -6.35
    endloop
  endfacet
  facet normal 0 0 -1
    outer loop
      vertex -86.9212710518496 -56.13896227717855 -6.35
      vertex -87.12919337231928 -55.749966975705895 -6.35
      vertex -0.43895322453628854 54.79323311909273 -6.35
    endloop
  endfacet
  facet normal 0 0 -1
    outer loop
      vertex -86.79323311909273 -56.56104677546371 -6.35
      vertex -86.9212710518496 -56.13896227717855 -6.35
      vertex 0 54.75 -6.35
    endloop
  endfacet
  facet normal 0 0 -1
    outer loop
      vertex -86.79323311909273 -57.43895322453629 -6.35
      vertex -86.75 -57 -6.35
      vertex 0.861037722821452 54.92127105184961 -6.35
    endloop
  endfacet
  facet normal 0 0 -1
    outer loop
      vertex -87.74996697570589 -55.12919337231927 -6.35
      vertex -88.13896227717855 -54.92127105184961 -6.35
      vertex -1.250033024294105 55.12919337231927 -6.35
    endloop
  endfacet
  facet normal 0 0 -1
    outer loop
      vertex -87.40900974233027 -55.40900974233027 -6.35
      vertex -87.74996697570589 -55.12919337231927 -6.35
      vertex -1.250033024294105 55.12919337231927 -6.35
    endloop
  endfacet
  facet normal 0 0 -1
    outer loop
      vertex -87.12919337231928 -55.749966975705895 -6.35
      vertex -87.40900974233027 -55.40900974233027 -6.35
      vertex -0.861037722821452 54.92127105184961 -6.35
    endloop
  endfacet
  facet normal 0 0 -1
    outer loop
      vertex -73.52674386944355 -85.35187974291128 -6.35
      vertex -74.03324526738574 -85.50552526221952 -6.35
      vertex -2.25 -57 -6.35
    endloop
  endfacet
  facet normal 0 0 -1
    outer loop
      vertex -73 -85.3 -6.35
      vertex -73.52674386944355 -85.35187974291128 -6.35
      vertex -2.25 -57 -6.35
    endloop
  endfacet
  facet normal 0 0 -1
    outer loop
      vertex -72.47325613055645 -85.35187974291128 -6.35
      vertex -73 -85.3 -6.35
      vertex -2.25 -57 -6.35
    endloop
  endfacet
  facet normal 0 0 -1
    outer loop
      vertex -71.96675473261426 -85.50552526221952 -6.35
      vertex -72.47325613055645 -85.35187974291128 -6.35
      vertex -2.25 -57 -6.35
    endloop
  endfacet
  facet normal 0 0 -1
    outer loop
      vertex -71.49996037084708 -85.75503204678313 -6.35
      vertex -71.96675473261426 -85.50552526221952 -6.35
      vertex -2.25 -57 -6.35
    endloop
  endfacet
  facet normal 0 0 -1
    outer loop
      vertex -2.25 -57 -6.35
      vertex -71.09081169079631 -86.09081169079631 -6.35
      vertex -71.49996037084708 -85.75503204678313 -6.35
    endloop
  endfacet
  facet normal 0 0 -1
    outer loop
      vertex -70.35187974291128 -87.47325613055645 -6.35
      vertex -1.5909902576697321 -58.59099025766973 -6.35
      vertex -70.3 -88 -6.35
    endloop
  endfacet
  facet normal 0 0 -1
    outer loop
      vertex -70.50552526221952 -86.96675473261426 -6.35
      vertex -1.8708066276807267 -58.250033024294105 -6.35
      vertex -70.35187974291128 -87.47325613055645 -6.35
    endloop
  endfacet
  facet normal 0 0 -1
    outer loop
      vertex -70.75503204678313 -86.49996037084708 -6.35
      vertex -2.078728948150395 -57.86103772282145 -6.35
      vertex -70.50552526221952 -86.96675473261426 -6.35
    endloop
  endfacet
  facet normal 0 0 -1
    outer loop
      vertex -71.09081169079631 -86.09081169079631 -6.35
      vertex -2.25 -57 -6.35
      vertex -70.75503204678313 -86.49996037084708 -6.35
    endloop
  endfacet
  facet normal 0 0 -1
    outer loop
      vertex -110 -100 -6.35
      vertex -73 -90.7 -6.35
      vertex 110 -100 -6.35
    endloop
  endfacet
  facet normal 0 0 -1
    outer loop
      vertex -71.96675473261426 -90.49447473778048 -6.35
      vertex -71.49996037084708 -90.24496795321687 -6.35
      vertex 71.96675473261426 -90.49447473778048 -6.35
    endloop
  endfacet
  facet normal 0 0 -1
    outer loop
      vertex -71.49996037084708 -90.24496795321687 -6.35
      vertex -71.09081169079631 -89.90918830920369 -6.35
      vertex 71.49996037084708 -90.24496795321687 -6.35
    endloop
  endfacet
  facet normal 0 0 -1
    outer loop
      vertex -71.09081169079631 -89.90918830920369 -6.35
      vertex -70.75503204678313 -89.50003962915292 -6.35
      vertex 71.09081169079631 -89.90918830920369 -6.35
    endloop
  endfacet
  facet normal 0 0 -1
    outer loop
      vertex -70.50552526221952 -89.03324526738574 -6.35
      vertex 71.09081169079631 -89.90918830920369 -6.35
      vertex -70.75503204678313 -89.50003962915292 -6.35
    endloop
  endfacet
  facet normal 0 0 -1
    outer loop
      vertex -70.35187974291128 -88.52674386944355 -6.35
      vertex 70.75503204678313 -89.50003962915292 -6.35
      vertex -70.50552526221952 -89.03324526738574 -6.35
    endloop
  endfacet
  facet normal 0 0 -1
    outer loop
      vertex -70.3 -88 -6.35
      vertex 70.50552526221952 -89.03324526738574 -6.35
      vertex -70.35187974291128 -88.52674386944355 -6.35
    endloop
  endfacet
  facet normal 0 0 -1
    outer loop
      vertex 110 -100 -6.35
      vertex -73 -90.7 -6.35
      vertex -72.47325613055645 -90.64812025708872 -6.35
    endloop
  endfacet
  facet normal 0 0 -1
    outer loop
      vertex 110 -100 -6.35
      vertex -72.47325613055645 -90.64812025708872 -6.35
      vertex -71.96675473261426 -90.49447473778048 -6.35
    endloop
  endfacet
  facet normal 0 0 -1
    outer loop
      vertex -0.861037722821452 -59.07872894815039 -6.35
      vertex 70.3 -88 -6.35
      vertex -70.3 -88 -6.35
    endloop
  endfacet
  facet normal 0 0 -1
    outer loop
      vertex -74.03324526738574 -85.50552526221952 -6.35
      vertex -2.2067668809072685 -56.56104677546371 -6.35
      vertex -2.25 -57 -6.35
    endloop
  endfacet
  facet normal 0 0 -1
    outer loop
      vertex -74.03324526738574 -85.50552526221952 -6.35
      vertex -2.078728948150395 -56.13896227717855 -6.35
      vertex -2.2067668809072685 -56.56104677546371 -6.35
    endloop
  endfacet
  facet normal 0 0 -1
    outer loop
      vertex -74.03324526738574 -85.50552526221952 -6.35
      vertex -1.8708066276807267 -55.749966975705895 -6.35
      vertex -2.078728948150395 -56.13896227717855 -6.35
    endloop
  endfacet
  facet normal 0 0 -1
    outer loop
      vertex -2.2067668809072685 -57.43895322453629 -6.35
      vertex -2.078728948150395 -57.86103772282145 -6.35
      vertex -70.75503204678313 -86.49996037084708 -6.35
    endloop
  endfacet
  facet normal 0 0 -1
    outer loop
      vertex -1.8708066276807267 -58.250033024294105 -6.35
      vertex -1.5909902576697321 -58.59099025766973 -6.35
      vertex -70.35187974291128 -87.47325613055645 -6.35
    endloop
  endfacet
  facet normal 0 0 -1
    outer loop
      vertex -1.5909902576697321 -58.59099025766973 -6.35
      vertex -1.250033024294105 -58.87080662768073 -6.35
      vertex -70.3 -88 -6.35
    endloop
  endfacet
  facet normal 0 0 -1
    outer loop
      vertex -1.250033024294105 -58.87080662768073 -6.35
      vertex -0.861037722821452 -59.07872894815039 -6.35
      vertex -70.3 -88 -6.35
    endloop
  endfacet
  facet normal 0 0 -1
    outer loop
      vertex -2.078728948150395 -57.86103772282145 -6.35
      vertex -1.8708066276807267 -58.250033024294105 -6.35
      vertex -70.50552526221952 -86.96675473261426 -6.35
    endloop
  endfacet
  facet normal 0 0 -1
    outer loop
      vertex -2.25 -57 -6.35
      vertex -2.2067668809072685 -57.43895322453629 -6.35
      vertex -70.75503204678313 -86.49996037084708 -6.35
    endloop
  endfacet
  facet normal 0 0 -1
    outer loop
      vertex -110 -100 -6.35
      vertex 86.75 57 -6.35
      vertex -74.90918830920369 -86.09081169079631 -6.35
    endloop
  endfacet
  facet normal 0 0 -1
    outer loop
      vertex -110 -100 -6.35
      vertex -87.74996697570589 -58.87080662768073 -6.35
      vertex 110 100 -6.35
    endloop
  endfacet
  facet normal 0 0 -1
    outer loop
      vertex -74.50003962915292 -85.75503204678313 -6.35
      vertex -74.90918830920369 -86.09081169079631 -6.35
      vertex 86.75 57 -6.35
    endloop
  endfacet
  facet normal 0 0 -1
    outer loop
      vertex -74.03324526738574 -85.50552526221952 -6.35
      vertex -74.50003962915292 -85.75503204678313 -6.35
      vertex 86.75 57 -6.35
    endloop
  endfacet
  facet normal 0 0 -1
    outer loop
      vertex 110 100 -6.35
      vertex -87.74996697570589 -58.87080662768073 -6.35
      vertex -87.40900974233027 -58.59099025766973 -6.35
    endloop
  endfacet
  facet normal 0 0 -1
    outer loop
      vertex 110 100 -6.35
      vertex -87.40900974233027 -58.59099025766973 -6.35
      vertex -87.12919337231928 -58.250033024294105 -6.35
    endloop
  endfacet
  facet normal 0 0 -1
    outer loop
      vertex 110 100 -6.35
      vertex -87.12919337231928 -58.250033024294105 -6.35
      vertex -86.9212710518496 -57.86103772282145 -6.35
    endloop
  endfacet
  facet normal 0 0 -1
    outer loop
      vertex 110 100 -6.35
      vertex -86.9212710518496 -57.86103772282145 -6.35
      vertex -86.79323311909273 -57.43895322453629 -6.35
    endloop
  endfacet
  facet normal 0 0 1
    outer loop
      vertex -110 -100 6.35
      vertex -73 -90.7 6.35
      vertex -73.52674386944355 -90.64812025708872 6.35
    endloop
  endfacet
  facet normal 0 0 1
    outer loop
      vertex -110 -100 6.35
      vertex -72.47325613055645 -90.64812025708872 6.35
      vertex -73 -90.7 6.35
    endloop
  endfacet
  facet normal 0 0 1
    outer loop
      vertex -110 -100 6.35
      vertex -75.24496795321687 -89.50003962915292 6.35
      vertex -75.49447473778048 -89.03324526738574 6.35
    endloop
  endfacet
  facet normal 0 0 1
    outer loop
      vertex -110 -100 6.35
      vertex -75.49447473778048 -89.03324526738574 6.35
      vertex -75.64812025708872 -88.52674386944355 6.35
    endloop
  endfacet
  facet normal 0 0 1
    outer loop
      vertex -110 -100 6.35
      vertex -74.50003962915292 -90.24496795321687 6.35
      vertex -74.90918830920369 -89.90918830920369 6.35
    endloop
  endfacet
  facet normal 0 0 1
    outer loop
      vertex -110 -100 6.35
      vertex -74.90918830920369 -89.90918830920369 6.35
      vertex -75.24496795321687 -89.50003962915292 6.35
    endloop
  endfacet
  facet normal 0 0 1
    outer loop
      vertex -110 -100 6.35
      vertex -74.03324526738574 -90.49447473778048 6.35
      vertex -74.50003962915292 -90.24496795321687 6.35
    endloop
  endfacet
  facet normal 0 0 1
    outer loop
      vertex -110 -100 6.35
      vertex -75.64812025708872 -88.52674386944355 6.35
      vertex -75.7 -88 6.35
    endloop
  endfacet
  facet normal 0 0 1
    outer loop
      vertex -110 -100 6.35
      vertex -73.52674386944355 -90.64812025708872 6.35
      vertex -74.03324526738574 -90.49447473778048 6.35
    endloop
  endfacet
  facet normal 0 0 1
    outer loop
      vertex -110 -100 6.35
      vertex -75.7 -88 6.35
      vertex -87.08658283817455 -61.61939766255644 6.35
    endloop
  endfacet
  facet normal 0 0 1
    outer loop
      vertex -110 -100 6.35
      vertex -92.53553390593274 -60.53553390593274 6.35
      vertex -93.15734806151272 -59.777851165098014 6.35
    endloop
  endfacet
  facet normal 0 0 1
    outer loop
      vertex -110 -100 6.35
      vertex -91.77785116509801 -61.15734806151273 6.35
      vertex -92.53553390593274 -60.53553390593274 6.35
    endloop
  endfacet
  facet normal 0 0 1
    outer loop
      vertex -110 -100 6.35
      vertex -93.15734806151272 -59.777851165098014 6.35
      vertex -93.61939766255644 -58.91341716182545 6.35
    endloop
  endfacet
  facet normal 0 0 1
    outer loop
      vertex -110 -100 6.35
      vertex -93.61939766255644 -58.91341716182545 6.35
      vertex -93.90392640201615 -57.97545161008064 6.35
    endloop
  endfacet
  facet normal 0 0 1
    outer loop
      vertex -110 -100 6.35
      vertex -90.91341716182545 -61.61939766255644 6.35
      vertex -91.77785116509801 -61.15734806151273 6.35
    endloop
  endfacet
  facet normal 0 0 1
    outer loop
      vertex -110 -100 6.35
      vertex -89.97545161008064 -61.903926402016154 6.35
      vertex -90.91341716182545 -61.61939766255644 6.35
    endloop
  endfacet
  facet normal 0 0 1
    outer loop
      vertex -110 -100 6.35
      vertex -89 -62 6.35
      vertex -89.97545161008064 -61.903926402016154 6.35
    endloop
  endfacet
  facet normal 0 0 1
    outer loop
      vertex -110 -100 6.35
      vertex -93.90392640201615 -57.97545161008064 6.35
      vertex -94 -57 6.35
    endloop
  endfacet
  facet normal 0 0 1
    outer loop
      vertex -110 -100 6.35
      vertex -94 -57 6.35
      vertex -93.90392640201615 -56.02454838991936 6.35
    endloop
  endfacet
  facet normal 0 0 1
    outer loop
      vertex -110 -100 6.35
      vertex -93.90392640201615 -56.02454838991936 6.35
      vertex -93.61939766255644 -55.08658283817455 6.35
    endloop
  endfacet
  facet normal 0 0 1
    outer loop
      vertex -110 -100 6.35
      vertex -88.02454838991936 -61.903926402016154 6.35
      vertex -89 -62 6.35
    endloop
  endfacet
  facet normal 0 0 1
    outer loop
      vertex -110 -100 6.35
      vertex -87.08658283817455 -61.61939766255644 6.35
      vertex -88.02454838991936 -61.903926402016154 6.35
    endloop
  endfacet
  facet normal 0 0 1
    outer loop
      vertex -75.64812025708872 -87.47325613055645 6.35
      vertex -87.08658283817455 -61.61939766255644 6.35
      vertex -75.7 -88 6.35
    endloop
  endfacet
  facet normal 0 0 1
    outer loop
      vertex -75.49447473778048 -86.96675473261426 6.35
      vertex -87.08658283817455 -61.61939766255644 6.35
      vertex -75.64812025708872 -87.47325613055645 6.35
    endloop
  endfacet
  facet normal 0 0 1
    outer loop
      vertex -75.24496795321687 -86.49996037084708 6.35
      vertex -87.08658283817455 -61.61939766255644 6.35
      vertex -75.49447473778048 -86.96675473261426 6.35
    endloop
  endfacet
  facet normal 0 0 1
    outer loop
      vertex -74.90918830920369 -86.09081169079631 6.35
      vertex -87.08658283817455 -61.61939766255644 6.35
      vertex -75.24496795321687 -86.49996037084708 6.35
    endloop
  endfacet
  facet normal 0 0 1
    outer loop
      vertex -74.90918830920369 -86.09081169079631 6.35
      vertex -74.50003962915292 -85.75503204678313 6.35
      vertex -87.08658283817455 -61.61939766255644 6.35
    endloop
  endfacet
  facet normal 0 0 1
    outer loop
      vertex -74.50003962915292 -85.75503204678313 6.35
      vertex -74.03324526738574 -85.50552526221952 6.35
      vertex -87.08658283817455 -61.61939766255644 6.35
    endloop
  endfacet
  facet normal 0 0 1
    outer loop
      vertex -86.22214883490199 -61.15734806151273 6.35
      vertex -87.08658283817455 -61.61939766255644 6.35
      vertex -2.777851165098011 -61.15734806151273 6.35
    endloop
  endfacet
  facet normal 0 0 1
    outer loop
      vertex -85.46446609406726 -60.53553390593274 6.35
      vertex -86.22214883490199 -61.15734806151273 6.35
      vertex -3.5355339059327378 -60.53553390593274 6.35
    endloop
  endfacet
  facet normal 0 0 1
    outer loop
      vertex -85.46446609406726 -60.53553390593274 6.35
      vertex -4.157348061512726 -59.777851165098014 6.35
      vertex -84.84265193848728 -59.777851165098014 6.35
    endloop
  endfacet
  facet normal 0 0 1
    outer loop
      vertex -84.84265193848728 -59.777851165098014 6.35
      vertex -4.619397662556434 -58.91341716182545 6.35
      vertex -84.38060233744356 -58.91341716182545 6.35
    endloop
  endfacet
  facet normal 0 0 1
    outer loop
      vertex -84.38060233744356 -58.91341716182545 6.35
      vertex -4.903926402016152 -57.97545161008064 6.35
      vertex -84.09607359798385 -57.97545161008064 6.35
    endloop
  endfacet
  facet normal 0 0 1
    outer loop
      vertex -84.09607359798385 -57.97545161008064 6.35
      vertex -5 -57 6.35
      vertex -84 -57 6.35
    endloop
  endfacet
  facet normal 0 0 1
    outer loop
      vertex -84 -57 6.35
      vertex -4.903926402016152 -56.02454838991936 6.35
      vertex -84.09607359798385 -56.02454838991936 6.35
    endloop
  endfacet
  facet normal 0 0 1
    outer loop
      vertex -84.09607359798385 -56.02454838991936 6.35
      vertex -4.619397662556434 -55.08658283817455 6.35
      vertex -84.38060233744356 -55.08658283817455 6.35
    endloop
  endfacet
  facet normal 0 0 1
    outer loop
      vertex -84.38060233744356 -55.08658283817455 6.35
      vertex -4.157348061512726 -54.222148834901986 6.35
      vertex -84.84265193848728 -54.222148834901986 6.35
    endloop
  endfacet
  facet normal 0 0 1
    outer loop
      vertex -84.84265193848728 -54.222148834901986 6.35
      vertex -3.5355339059327378 -53.46446609406726 6.35
      vertex -85.46446609406726 -53.46446609406726 6.35
    endloop
  endfacet
  facet normal 0 0 1
    outer loop
      vertex -86.22214883490199 -52.84265193848727 6.35
      vertex -85.46446609406726 -53.46446609406726 6.35
      vertex -2.777851165098011 -52.84265193848727 6.35
    endloop
  endfacet
  facet normal 0 0 1
    outer loop
      vertex -87.08658283817455 -52.38060233744356 6.35
      vertex -86.22214883490199 -52.84265193848727 6.35
      vertex -1.913417161825449 -52.38060233744356 6.35
    endloop
  endfacet
  facet normal -1 0 0
    outer loop
      vertex -110 -100 -6.35
      vertex -110 -100 6.35
      vertex -110 100 6.35
    endloop
  endfacet
  facet normal 0 0 1
    outer loop
      vertex -110 -100 6.35
      vertex -93.61939766255644 -55.08658283817455 6.35
      vertex -93.61939766255644 55.08658283817455 6.35
    endloop
  endfacet
  facet normal 0 0 1
    outer loop
      vertex -93.15734806151272 -54.222148834901986 6.35
      vertex -93.61939766255644 55.08658283817455 6.35
      vertex -93.61939766255644 -55.08658283817455 6.35
    endloop
  endfacet
  facet normal 0 0 1
    outer loop
      vertex -92.53553390593274 -53.46446609406726 6.35
      vertex -93.15734806151272 54.222148834901986 6.35
      vertex -93.15734806151272 -54.222148834901986 6.35
    endloop
  endfacet
  facet normal 0 0 1
    outer loop
      vertex -92.53553390593274 -53.46446609406726 6.35
      vertex -91.77785116509801 -52.84265193848727 6.35
      vertex -92.53553390593274 53.46446609406726 6.35
    endloop
  endfacet
  facet normal 0 0 1
    outer loop
      vertex -91.77785116509801 -52.84265193848727 6.35
      vertex -90.91341716182545 -52.38060233744356 6.35
      vertex -91.77785116509801 52.84265193848727 6.35
    endloop
  endfacet
  facet normal 0 0 1
    outer loop
      vertex -90.91341716182545 -52.38060233744356 6.35
      vertex -89.97545161008064 -52.096073597983846 6.35
      vertex -90.91341716182545 52.38060233744356 6.35
    endloop
  endfacet
  facet normal 0 0 1
    outer loop
      vertex -89.97545161008064 -52.096073597983846 6.35
      vertex -89 -52 6.35
      vertex -89.97545161008064 52.096073597983846 6.35
    endloop
  endfacet
  facet normal 0 0 1
    outer loop
      vertex -89 -52 6.35
      vertex -88.02454838991936 -52.096073597983846 6.35
      vertex -89 52 6.35
    endloop
  endfacet
  facet normal 0 0 1
    outer loop
      vertex -88.02454838991936 -52.096073597983846 6.35
      vertex -87.08658283817455 -52.38060233744356 6.35
      vertex -88.02454838991936 52.096073597983846 6.35
    endloop
  endfacet
  facet normal 0 0 1
    outer loop
      vertex -87.08658283817455 -52.38060233744356 6.35
      vertex -1.913417161825449 -52.38060233744356 6.35
      vertex -86.22214883490199 52.84265193848727 6.35
    endloop
  endfacet
  facet normal 0 -1 0
    outer loop
      vertex -110 -100 -6.35
      vertex 110 -100 6.35
      vertex -110 -100 6.35
    endloop
  endfacet
  facet normal 0 0 1
    outer loop
      vertex -74.03324526738574 -85.50552526221952 6.35
      vertex -73.52674386944355 -85.35187974291128 6.35
      vertex -1.913417161825449 -61.61939766255644 6.35
    endloop
  endfacet
  facet normal 0 0 1
    outer loop
      vertex -73.52674386944355 -85.35187974291128 6.35
      vertex -73 -85.3 6.35
      vertex -1.913417161825449 -61.61939766255644 6.35
    endloop
  endfacet
  facet normal 0 0 1
    outer loop
      vertex -73 -85.3 6.35
      vertex -72.47325613055645 -85.35187974291128 6.35
      vertex -1.913417161825449 -61.61939766255644 6.35
    endloop
  endfacet
  facet normal 0 0 1
    outer loop
      vertex -110 -100 6.35
      vertex 71.96675473261426 -90.49447473778048 6.35
      vertex -72.47325613055645 -90.64812025708872 6.35
    endloop
  endfacet
  facet normal 0 0 1
    outer loop
      vertex -74.03324526738574 -85.50552526221952 6.35
      vertex -1.913417161825449 -61.61939766255644 6.35
      vertex -87.08658283817455 -61.61939766255644 6.35
    endloop
  endfacet
  facet normal 0 0 1
    outer loop
      vertex -85.46446609406726 -60.53553390593274 6.35
      vertex -3.5355339059327378 -60.53553390593274 6.35
      vertex -4.157348061512726 -59.777851165098014 6.35
    endloop
  endfacet
  facet normal 0 0 1
    outer loop
      vertex -84.84265193848728 -59.777851165098014 6.35
      vertex -4.157348061512726 -59.777851165098014 6.35
      vertex -4.619397662556434 -58.91341716182545 6.35
    endloop
  endfacet
  facet normal 0 0 1
    outer loop
      vertex -84.38060233744356 -58.91341716182545 6.35
      vertex -4.619397662556434 -58.91341716182545 6.35
      vertex -4.903926402016152 -57.97545161008064 6.35
    endloop
  endfacet
  facet normal 0 0 1
    outer loop
      vertex -84.09607359798385 -57.97545161008064 6.35
      vertex -4.903926402016152 -57.97545161008064 6.35
      vertex -5 -57 6.35
    endloop
  endfacet
  facet normal 0 0 1
    outer loop
      vertex -84 -57 6.35
      vertex -5 -57 6.35
      vertex -4.903926402016152 -56.02454838991936 6.35
    endloop
  endfacet
  facet normal 0 0 1
    outer loop
      vertex -87.08658283817455 -61.61939766255644 6.35
      vertex -1.913417161825449 -61.61939766255644 6.35
      vertex -2.777851165098011 -61.15734806151273 6.35
    endloop
  endfacet
  facet normal 0 0 1
    outer loop
      vertex -86.22214883490199 -61.15734806151273 6.35
      vertex -2.777851165098011 -61.15734806151273 6.35
      vertex -3.5355339059327378 -60.53553390593274 6.35
    endloop
  endfacet
  facet normal 0 0 1
    outer loop
      vertex -84.09607359798385 -56.02454838991936 6.35
      vertex -4.903926402016152 -56.02454838991936 6.35
      vertex -4.619397662556434 -55.08658283817455 6.35
    endloop
  endfacet
  facet normal 0 0 1
    outer loop
      vertex -84.38060233744356 -55.08658283817455 6.35
      vertex -4.619397662556434 -55.08658283817455 6.35
      vertex -4.157348061512726 -54.222148834901986 6.35
    endloop
  endfacet
  facet normal 0 0 1
    outer loop
      vertex -84.84265193848728 -54.222148834901986 6.35
      vertex -4.157348061512726 -54.222148834901986 6.35
      vertex -3.5355339059327378 -53.46446609406726 6.35
    endloop
  endfacet
  facet normal 0 0 1
    outer loop
      vertex -85.46446609406726 -53.46446609406726 6.35
      vertex -3.5355339059327378 -53.46446609406726 6.35
      vertex -2.777851165098011 -52.84265193848727 6.35
    endloop
  endfacet
  facet normal 0 0 1
    outer loop
      vertex -86.22214883490199 -52.84265193848727 6.35
      vertex -2.777851165098011 -52.84265193848727 6.35
      vertex -1.913417161825449 -52.38060233744356 6.35
    endloop
  endfacet
  facet normal 0 0 1
    outer loop
      vertex -71.96675473261426 -90.49447473778048 6.35
      vertex -72.47325613055645 -90.64812025708872 6.35
      vertex 71.96675473261426 -90.49447473778048 6.35
    endloop
  endfacet
  facet normal 0 0 1
    outer loop
      vertex -71.49996037084708 -90.24496795321687 6.35
      vertex -71.96675473261426 -90.49447473778048 6.35
      vertex 71.49996037084708 -90.24496795321687 6.35
    endloop
  endfacet
  facet normal 0 0 1
    outer loop
      vertex -71.09081169079631 -89.90918830920369 6.35
      vertex -71.49996037084708 -90.24496795321687 6.35
      vertex 71.49996037084708 -90.24496795321687 6.35
    endloop
  endfacet
  facet normal 0 0 1
    outer loop
      vertex -71.09081169079631 -89.90918830920369 6.35
      vertex 70.50552526221952 -89.03324526738574 6.35
      vertex -70.75503204678313 -89.50003962915292 6.35
    endloop
  endfacet
  facet normal 0 0 1
    outer loop
      vertex -70.75503204678313 -89.50003962915292 6.35
      vertex 70.50552526221952 -89.03324526738574 6.35
      vertex -70.50552526221952 -89.03324526738574 6.35
    endloop
  endfacet
  facet normal 0 0 1
    outer loop
      vertex -70.50552526221952 -89.03324526738574 6.35
      vertex 70.35187974291128 -88.52674386944355 6.35
      vertex -70.35187974291128 -88.52674386944355 6.35
    endloop
  endfacet
  facet normal 0 0 1
    outer loop
      vertex -70.35187974291128 -88.52674386944355 6.35
      vertex 70.3 -88 6.35
      vertex -70.3 -88 6.35
    endloop
  endfacet
  facet normal 0 0 1
    outer loop
      vertex -70.3 -88 6.35
      vertex 70.35187974291128 -87.47325613055645 6.35
      vertex -70.35187974291128 -87.47325613055645 6.35
    endloop
  endfacet
  facet normal 0 0 1
    outer loop
      vertex -70.50552526221952 -86.96675473261426 6.35
      vertex 71.49996037084708 -85.75503204678313 6.35
      vertex -70.75503204678313 -86.49996037084708 6.35
    endloop
  endfacet
  facet normal 0 0 1
    outer loop
      vertex -70.75503204678313 -86.49996037084708 6.35
      vertex 71.96675473261426 -85.50552526221952 6.35
      vertex -71.09081169079631 -86.09081169079631 6.35
    endloop
  endfacet
  facet normal 0 0 1
    outer loop
      vertex -70.35187974291128 -87.47325613055645 6.35
      vertex 71.49996037084708 -85.75503204678313 6.35
      vertex -70.50552526221952 -86.96675473261426 6.35
    endloop
  endfacet
  facet normal 0 0 1
    outer loop
      vertex -71.96675473261426 -85.50552526221952 6.35
      vertex -71.49996037084708 -85.75503204678313 6.35
      vertex 71.96675473261426 -85.50552526221952 6.35
    endloop
  endfacet
  facet normal 0 0 1
    outer loop
      vertex -72.47325613055645 -85.35187974291128 6.35
      vertex -71.96675473261426 -85.50552526221952 6.35
      vertex 72.47325613055645 -85.35187974291128 6.35
    endloop
  endfacet
  facet normal 0 0 1
    outer loop
      vertex -71.49996037084708 -85.75503204678313 6.35
      vertex -71.09081169079631 -86.09081169079631 6.35
      vertex 71.96675473261426 -85.50552526221952 6.35
    endloop
  endfacet
  facet normal 0 0 1
    outer loop
      vertex -72.47325613055645 -85.35187974291128 6.35
      vertex 72.47325613055645 -85.35187974291128 6.35
      vertex -1.913417161825449 -61.61939766255644 6.35
    endloop
  endfacet
  facet normal 0 0 1
    outer loop
      vertex -1.913417161825449 -52.38060233744356 6.35
      vertex -0.9754516100806412 -52.096073597983846 6.35
      vertex -86.22214883490199 52.84265193848727 6.35
    endloop
  endfacet
  facet normal 0 0 1
    outer loop
      vertex -0.9754516100806412 -52.096073597983846 6.35
      vertex 0 -52 6.35
      vertex -84.84265193848728 54.222148834901986 6.35
    endloop
  endfacet
  facet normal 0 0 1
    outer loop
      vertex -84.38060233744356 55.08658283817455 6.35
      vertex 0 -52 6.35
      vertex 0.9754516100806412 -52.096073597983846 6.35
    endloop
  endfacet
  facet normal 0 0 1
    outer loop
      vertex -84.09607359798385 56.02454838991936 6.35
      vertex 0.9754516100806412 -52.096073597983846 6.35
      vertex 1.913417161825449 -52.38060233744356 6.35
    endloop
  endfacet
  facet normal 0 0 1
    outer loop
      vertex -84 57 6.35
      vertex 2.777851165098011 -52.84265193848727 6.35
      vertex 3.5355339059327378 -53.46446609406726 6.35
    endloop
  endfacet
  facet normal 0 0 1
    outer loop
      vertex -84 57 6.35
      vertex 1.913417161825449 -52.38060233744356 6.35
      vertex 2.777851165098011 -52.84265193848727 6.35
    endloop
  endfacet
  facet normal 0 0 1
    outer loop
      vertex -84 57 6.35
      vertex 3.5355339059327378 -53.46446609406726 6.35
      vertex 4.157348061512726 -54.222148834901986 6.35
    endloop
  endfacet
  facet normal 0 0 -1
    outer loop
      vertex -91.20676688090727 -56.56104677546371 -6.35
      vertex -91.20676688090727 56.56104677546371 -6.35
      vertex -91.0787289481504 56.13896227717855 -6.35
    endloop
  endfacet
  facet normal 0 0 -1
    outer loop
      vertex -91.0787289481504 -56.13896227717855 -6.35
      vertex -91.0787289481504 56.13896227717855 -6.35
      vertex -90.87080662768072 55.749966975705895 -6.35
    endloop
  endfacet
  facet normal 0 0 -1
    outer loop
      vertex -90.87080662768072 -55.749966975705895 -6.35
      vertex -90.87080662768072 55.749966975705895 -6.35
      vertex -90.59099025766973 55.40900974233027 -6.35
    endloop
  endfacet
  facet normal 0 0 -1
    outer loop
      vertex -90.59099025766973 -55.40900974233027 -6.35
      vertex -90.59099025766973 55.40900974233027 -6.35
      vertex -90.25003302429411 55.12919337231927 -6.35
    endloop
  endfacet
  facet normal 0 0 -1
    outer loop
      vertex -90.25003302429411 -55.12919337231927 -6.35
      vertex -90.25003302429411 55.12919337231927 -6.35
      vertex -89.86103772282145 54.92127105184961 -6.35
    endloop
  endfacet
  facet normal 0 0 -1
    outer loop
      vertex -89.86103772282145 -54.92127105184961 -6.35
      vertex -89.86103772282145 54.92127105184961 -6.35
      vertex -89.43895322453629 54.79323311909273 -6.35
    endloop
  endfacet
  facet normal 0 0 -1
    outer loop
      vertex -91.25 -57 -6.35
      vertex -91.25 57 -6.35
      vertex -91.20676688090727 56.56104677546371 -6.35
    endloop
  endfacet
  facet normal 0 0 -1
    outer loop
      vertex -89.43895322453629 -54.79323311909273 -6.35
      vertex -89.43895322453629 54.79323311909273 -6.35
      vertex -89 54.75 -6.35
    endloop
  endfacet
  facet normal 0 0 -1
    outer loop
      vertex -89 -54.75 -6.35
      vertex -89 54.75 -6.35
      vertex -88.56104677546371 54.79323311909273 -6.35
    endloop
  endfacet
  facet normal 0 0 -1
    outer loop
      vertex -88.56104677546371 -54.79323311909273 -6.35
      vertex -88.56104677546371 54.79323311909273 -6.35
      vertex -88.13896227717855 54.92127105184961 -6.35
    endloop
  endfacet
  facet normal 0 0 -1
    outer loop
      vertex -88.13896227717855 -54.92127105184961 -6.35
      vertex -88.13896227717855 54.92127105184961 -6.35
      vertex -87.74996697570589 55.12919337231927 -6.35
    endloop
  endfacet
  facet normal 0 0 -1
    outer loop
      vertex -110 100 -6.35
      vertex -91.25 57 -6.35
      vertex -91.25 -57 -6.35
    endloop
  endfacet
  facet normal 0 0 -1
    outer loop
      vertex -88.13896227717855 -54.92127105184961 -6.35
      vertex -87.74996697570589 55.12919337231927 -6.35
      vertex -1.250033024294105 55.12919337231927 -6.35
    endloop
  endfacet
  facet normal -1 0 0
    outer loop
      vertex -110 -100 -6.35
      vertex -110 100 6.35
      vertex -110 100 -6.35
    endloop
  endfacet
  facet normal 0 0 -1
    outer loop
      vertex -110 100 -6.35
      vertex -91.20676688090727 57.43895322453629 -6.35
      vertex -91.25 57 -6.35
    endloop
  endfacet
  facet normal 0 0 -1
    outer loop
      vertex -110 100 -6.35
      vertex -91.0787289481504 57.86103772282145 -6.35
      vertex -91.20676688090727 57.43895322453629 -6.35
    endloop
  endfacet
  facet normal 0 0 -1
    outer loop
      vertex -110 100 -6.35
      vertex -90.87080662768072 58.250033024294105 -6.35
      vertex -91.0787289481504 57.86103772282145 -6.35
    endloop
  endfacet
  facet normal 0 0 -1
    outer loop
      vertex -110 100 -6.35
      vertex -90.59099025766973 58.59099025766973 -6.35
      vertex -90.87080662768072 58.250033024294105 -6.35
    endloop
  endfacet
  facet normal 0 0 -1
    outer loop
      vertex -110 100 -6.35
      vertex -90.25003302429411 58.87080662768073 -6.35
      vertex -90.59099025766973 58.59099025766973 -6.35
    endloop
  endfacet
  facet normal 0 0 -1
    outer loop
      vertex -110 100 -6.35
      vertex -89.86103772282145 59.07872894815039 -6.35
      vertex -90.25003302429411 58.87080662768073 -6.35
    endloop
  endfacet
  facet normal 0 0 -1
    outer loop
      vertex -89.43895322453629 59.20676688090727 -6.35
      vertex -89.86103772282145 59.07872894815039 -6.35
      vertex -75.24496795321687 86.49996037084708 -6.35
    endloop
  endfacet
  facet normal 0 0 -1
    outer loop
      vertex -89 59.25 -6.35
      vertex -89.43895322453629 59.20676688090727 -6.35
      vertex -74.90918830920369 86.09081169079631 -6.35
    endloop
  endfacet
  facet normal 0 0 -1
    outer loop
      vertex -88.13896227717855 59.07872894815039 -6.35
      vertex -88.56104677546371 59.20676688090727 -6.35
      vertex -74.03324526738574 85.50552526221952 -6.35
    endloop
  endfacet
  facet normal 0 0 -1
    outer loop
      vertex -88.56104677546371 59.20676688090727 -6.35
      vertex -89 59.25 -6.35
      vertex -74.50003962915292 85.75503204678313 -6.35
    endloop
  endfacet
  facet normal 0 0 -1
    outer loop
      vertex -87.74996697570589 58.87080662768073 -6.35
      vertex -88.13896227717855 59.07872894815039 -6.35
      vertex -74.03324526738574 85.50552526221952 -6.35
    endloop
  endfacet
  facet normal 0 0 -1
    outer loop
      vertex -87.12919337231928 58.250033024294105 -6.35
      vertex -87.40900974233027 58.59099025766973 -6.35
      vertex -73 85.3 -6.35
    endloop
  endfacet
  facet normal 0 0 -1
    outer loop
      vertex -87.40900974233027 58.59099025766973 -6.35
      vertex -87.74996697570589 58.87080662768073 -6.35
      vertex -73.52674386944355 85.35187974291128 -6.35
    endloop
  endfacet
  facet normal 0 0 -1
    outer loop
      vertex -110 100 -6.35
      vertex -75.7 88 -6.35
      vertex -89.86103772282145 59.07872894815039 -6.35
    endloop
  endfacet
  facet normal 0 0 -1
    outer loop
      vertex -110 100 -6.35
      vertex -75.64812025708872 88.52674386944355 -6.35
      vertex -75.7 88 -6.35
    endloop
  endfacet
  facet normal 0 0 -1
    outer loop
      vertex -110 100 -6.35
      vertex -75.49447473778048 89.03324526738574 -6.35
      vertex -75.64812025708872 88.52674386944355 -6.35
    endloop
  endfacet
  facet normal 0 0 -1
    outer loop
      vertex -110 100 -6.35
      vertex -75.24496795321687 89.50003962915292 -6.35
      vertex -75.49447473778048 89.03324526738574 -6.35
    endloop
  endfacet
  facet normal 0 0 -1
    outer loop
      vertex -110 100 -6.35
      vertex -74.90918830920369 89.90918830920369 -6.35
      vertex -75.24496795321687 89.50003962915292 -6.35
    endloop
  endfacet
  facet normal 0 0 -1
    outer loop
      vertex -110 100 -6.35
      vertex -74.50003962915292 90.24496795321687 -6.35
      vertex -74.90918830920369 89.90918830920369 -6.35
    endloop
  endfacet
  facet normal 0 0 -1
    outer loop
      vertex -110 100 -6.35
      vertex -74.03324526738574 90.49447473778048 -6.35
      vertex -74.50003962915292 90.24496795321687 -6.35
    endloop
  endfacet
  facet normal 0 0 -1
    outer loop
      vertex -110 100 -6.35
      vertex -73.52674386944355 90.64812025708872 -6.35
      vertex -74.03324526738574 90.49447473778048 -6.35
    endloop
  endfacet
  facet normal 0 0 -1
    outer loop
      vertex -110 100 -6.35
      vertex -73 90.7 -6.35
      vertex -73.52674386944355 90.64812025708872 -6.35
    endloop
  endfacet
  facet normal 0 0 -1
    outer loop
      vertex -87.74996697570589 55.12919337231927 -6.35
      vertex -87.40900974233027 55.40900974233027 -6.35
      vertex -1.250033024294105 55.12919337231927 -6.35
    endloop
  endfacet
  facet normal 0 0 -1
    outer loop
      vertex -87.40900974233027 55.40900974233027 -6.35
      vertex -87.12919337231928 55.749966975705895 -6.35
      vertex -1.5909902576697321 55.40900974233027 -6.35
    endloop
  endfacet
  facet normal 0 0 -1
    outer loop
      vertex -87.12919337231928 55.749966975705895 -6.35
      vertex -86.9212710518496 56.13896227717855 -6.35
      vertex -1.8708066276807267 55.749966975705895 -6.35
    endloop
  endfacet
  facet normal 0 0 -1
    outer loop
      vertex -86.9212710518496 56.13896227717855 -6.35
      vertex -86.79323311909273 56.56104677546371 -6.35
      vertex -2.078728948150395 56.13896227717855 -6.35
    endloop
  endfacet
  facet normal 0 0 -1
    outer loop
      vertex -86.79323311909273 56.56104677546371 -6.35
      vertex -86.75 57 -6.35
      vertex -2.2067668809072685 56.56104677546371 -6.35
    endloop
  endfacet
  facet normal 0 0 -1
    outer loop
      vertex -86.75 57 -6.35
      vertex -86.79323311909273 57.43895322453629 -6.35
      vertex -2.25 57 -6.35
    endloop
  endfacet
  facet normal 0 0 -1
    outer loop
      vertex -86.79323311909273 57.43895322453629 -6.35
      vertex -86.9212710518496 57.86103772282145 -6.35
      vertex -2.2067668809072685 57.43895322453629 -6.35
    endloop
  endfacet
  facet normal 0 0 -1
    outer loop
      vertex -86.9212710518496 57.86103772282145 -6.35
      vertex -87.12919337231928 58.250033024294105 -6.35
      vertex -2.078728948150395 57.86103772282145 -6.35
    endloop
  endfacet
  facet normal 0 0 -1
    outer loop
      vertex -89.86103772282145 59.07872894815039 -6.35
      vertex -75.49447473778048 86.96675473261426 -6.35
      vertex -75.24496795321687 86.49996037084708 -6.35
    endloop
  endfacet
  facet normal 0 0 -1
    outer loop
      vertex -89.86103772282145 59.07872894815039 -6.35
      vertex -75.64812025708872 87.47325613055645 -6.35
      vertex -75.49447473778048 86.96675473261426 -6.35
    endloop
  endfacet
  facet normal 0 0 -1
    outer loop
      vertex -89.43895322453629 59.20676688090727 -6.35
      vertex -75.24496795321687 86.49996037084708 -6.35
      vertex -74.90918830920369 86.09081169079631 -6.35
    endloop
  endfacet
  facet normal 0 0 -1
    outer loop
      vertex -89 59.25 -6.35
      vertex -74.90918830920369 86.09081169079631 -6.35
      vertex -74.50003962915292 85.75503204678313 -6.35
    endloop
  endfacet
  facet normal 0 0 -1
    outer loop
      vertex -89.86103772282145 59.07872894815039 -6.35
      vertex -75.7 88 -6.35
      vertex -75.64812025708872 87.47325613055645 -6.35
    endloop
  endfacet
  facet normal 0 0 -1
    outer loop
      vertex -87.40900974233027 58.59099025766973 -6.35
      vertex -73.52674386944355 85.35187974291128 -6.35
      vertex -73 85.3 -6.35
    endloop
  endfacet
  facet normal 0 0 -1
    outer loop
      vertex -88.56104677546371 59.20676688090727 -6.35
      vertex -74.50003962915292 85.75503204678313 -6.35
      vertex -74.03324526738574 85.50552526221952 -6.35
    endloop
  endfacet
  facet normal 0 0 -1
    outer loop
      vertex -87.74996697570589 58.87080662768073 -6.35
      vertex -74.03324526738574 85.50552526221952 -6.35
      vertex -73.52674386944355 85.35187974291128 -6.35
    endloop
  endfacet
  facet normal 0 0 -1
    outer loop
      vertex -87.40900974233027 -55.40900974233027 -6.35
      vertex -1.250033024294105 55.12919337231927 -6.35
      vertex -0.861037722821452 54.92127105184961 -6.35
    endloop
  endfacet
  facet normal 0 0 -1
    outer loop
      vertex -87.12919337231928 -55.749966975705895 -6.35
      vertex -0.861037722821452 54.92127105184961 -6.35
      vertex -0.43895322453628854 54.79323311909273 -6.35
    endloop
  endfacet
  facet normal 0 0 -1
    outer loop
      vertex -86.9212710518496 -56.13896227717855 -6.35
      vertex -0.43895322453628854 54.79323311909273 -6.35
      vertex 0 54.75 -6.35
    endloop
  endfacet
  facet normal 0 0 -1
    outer loop
      vertex -86.75 -57 -6.35
      vertex 0.43895322453628854 54.79323311909273 -6.35
      vertex 0.861037722821452 54.92127105184961 -6.35
    endloop
  endfacet
  facet normal 0 0 -1
    outer loop
      vertex -86.79323311909273 -56.56104677546371 -6.35
      vertex 0 54.75 -6.35
      vertex 0.43895322453628854 54.79323311909273 -6.35
    endloop
  endfacet
  facet normal 0 0 -1
    outer loop
      vertex -86.79323311909273 -57.43895322453629 -6.35
      vertex 0.861037722821452 54.92127105184961 -6.35
      vertex 1.250033024294105 55.12919337231927 -6.35
    endloop
  endfacet
  facet normal 0 0 -1
    outer loop
      vertex -87.12919337231928 58.250033024294105 -6.35
      vertex -73 85.3 -6.35
      vertex -2.078728948150395 57.86103772282145 -6.35
    endloop
  endfacet
  facet normal 0 0 -1
    outer loop
      vertex -87.40900974233027 55.40900974233027 -6.35
      vertex -1.5909902576697321 55.40900974233027 -6.35
      vertex -1.250033024294105 55.12919337231927 -6.35
    endloop
  endfacet
  facet normal 0 0 -1
    outer loop
      vertex -87.12919337231928 55.749966975705895 -6.35
      vertex -1.8708066276807267 55.749966975705895 -6.35
      vertex -1.5909902576697321 55.40900974233027 -6.35
    endloop
  endfacet
  facet normal 0 0 -1
    outer loop
      vertex -86.9212710518496 56.13896227717855 -6.35
      vertex -2.078728948150395 56.13896227717855 -6.35
      vertex -1.8708066276807267 55.749966975705895 -6.35
    endloop
  endfacet
  facet normal 0 0 -1
    outer loop
      vertex -86.79323311909273 56.56104677546371 -6.35
      vertex -2.2067668809072685 56.56104677546371 -6.35
      vertex -2.078728948150395 56.13896227717855 -6.35
    endloop
  endfacet
  facet normal 0 0 -1
    outer loop
      vertex -86.75 57 -6.35
      vertex -2.25 57 -6.35
      vertex -2.2067668809072685 56.56104677546371 -6.35
    endloop
  endfacet
  facet normal 0 0 -1
    outer loop
      vertex -86.79323311909273 57.43895322453629 -6.35
      vertex -2.2067668809072685 57.43895322453629 -6.35
      vertex -2.25 57 -6.35
    endloop
  endfacet
  facet normal 0 0 -1
    outer loop
      vertex -86.9212710518496 57.86103772282145 -6.35
      vertex -2.078728948150395 57.86103772282145 -6.35
      vertex -2.2067668809072685 57.43895322453629 -6.35
    endloop
  endfacet
  facet normal 0 0 -1
    outer loop
      vertex -73 85.3 -6.35
      vertex -72.47325613055645 85.35187974291128 -6.35
      vertex -2.078728948150395 57.86103772282145 -6.35
    endloop
  endfacet
  facet normal 0 0 -1
    outer loop
      vertex -72.47325613055645 85.35187974291128 -6.35
      vertex -71.96675473261426 85.50552526221952 -6.35
      vertex -2.078728948150395 57.86103772282145 -6.35
    endloop
  endfacet
  facet normal 0 0 -1
    outer loop
      vertex -71.96675473261426 85.50552526221952 -6.35
      vertex -71.49996037084708 85.75503204678313 -6.35
      vertex -2.078728948150395 57.86103772282145 -6.35
    endloop
  endfacet
  facet normal 0 0 -1
    outer loop
      vertex -71.49996037084708 85.75503204678313 -6.35
      vertex -71.09081169079631 86.09081169079631 -6.35
      vertex -2.078728948150395 57.86103772282145 -6.35
    endloop
  endfacet
  facet normal 0 0 -1
    outer loop
      vertex -71.09081169079631 86.09081169079631 -6.35
      vertex -70.75503204678313 86.49996037084708 -6.35
      vertex -2.078728948150395 57.86103772282145 -6.35
    endloop
  endfacet
  facet normal 0 0 -1
    outer loop
      vertex -70.50552526221952 86.96675473261426 -6.35
      vertex -2.078728948150395 57.86103772282145 -6.35
      vertex -70.75503204678313 86.49996037084708 -6.35
    endloop
  endfacet
  facet normal 0 0 -1
    outer loop
      vertex -70.35187974291128 87.47325613055645 -6.35
      vertex -1.8708066276807267 58.250033024294105 -6.35
      vertex -70.50552526221952 86.96675473261426 -6.35
    endloop
  endfacet
  facet normal 0 0 -1
    outer loop
      vertex -70.3 88 -6.35
      vertex -1.5909902576697321 58.59099025766973 -6.35
      vertex -70.35187974291128 87.47325613055645 -6.35
    endloop
  endfacet
  facet normal 0 0 -1
    outer loop
      vertex -1.8708066276807267 58.250033024294105 -6.35
      vertex -2.078728948150395 57.86103772282145 -6.35
      vertex -70.50552526221952 86.96675473261426 -6.35
    endloop
  endfacet
  facet normal 0 0 -1
    outer loop
      vertex -1.5909902576697321 58.59099025766973 -6.35
      vertex -1.8708066276807267 58.250033024294105 -6.35
      vertex -70.35187974291128 87.47325613055645 -6.35
    endloop
  endfacet
  facet normal 0 0 -1
    outer loop
      vertex -1.250033024294105 58.87080662768073 -6.35
      vertex -1.5909902576697321 58.59099025766973 -6.35
      vertex -70.3 88 -6.35
    endloop
  endfacet
  facet normal 0 0 -1
    outer loop
      vertex -0.861037722821452 59.07872894815039 -6.35
      vertex -1.250033024294105 58.87080662768073 -6.35
      vertex -70.3 88 -6.35
    endloop
  endfacet
  facet normal 0 0 -1
    outer loop
      vertex -70.35187974291128 88.52674386944355 -6.35
      vertex 70.3 88 -6.35
      vertex -70.3 88 -6.35
    endloop
  endfacet
  facet normal 0 0 -1
    outer loop
      vertex -70.75503204678313 89.50003962915292 -6.35
      vertex 70.35187974291128 88.52674386944355 -6.35
      vertex -70.50552526221952 89.03324526738574 -6.35
    endloop
  endfacet
  facet normal 0 0 -1
    outer loop
      vertex -70.50552526221952 89.03324526738574 -6.35
      vertex 70.3 88 -6.35
      vertex -70.35187974291128 88.52674386944355 -6.35
    endloop
  endfacet
  facet normal 0 0 -1
    outer loop
      vertex -71.09081169079631 89.90918830920369 -6.35
      vertex 70.50552526221952 89.03324526738574 -6.35
      vertex -70.75503204678313 89.50003962915292 -6.35
    endloop
  endfacet
  facet normal 0 0 -1
    outer loop
      vertex -71.09081169079631 89.90918830920369 -6.35
      vertex -71.49996037084708 90.24496795321687 -6.35
      vertex 71.09081169079631 89.90918830920369 -6.35
    endloop
  endfacet
  facet normal 0 0 -1
    outer loop
      vertex -71.49996037084708 90.24496795321687 -6.35
      vertex -71.96675473261426 90.49447473778048 -6.35
      vertex 71.49996037084708 90.24496795321687 -6.35
    endloop
  endfacet
  facet normal 0 0 -1
    outer loop
      vertex -110 100 -6.35
      vertex 110 100 -6.35
      vertex -73 90.7 -6.35
    endloop
  endfacet
  facet normal 0 0 -1
    outer loop
      vertex -0.861037722821452 59.07872894815039 -6.35
      vertex -70.3 88 -6.35
      vertex 70.3 88 -6.35
    endloop
  endfacet
  facet normal 0 0 -1
    outer loop
      vertex 110 100 -6.35
      vertex -71.96675473261426 90.49447473778048 -6.35
      vertex -72.47325613055645 90.64812025708872 -6.35
    endloop
  endfacet
  facet normal 0 0 -1
    outer loop
      vertex 110 100 -6.35
      vertex -72.47325613055645 90.64812025708872 -6.35
      vertex -73 90.7 -6.35
    endloop
  endfacet
  facet normal 0 1 0
    outer loop
      vertex -110 100 -6.35
      vertex -110 100 6.35
      vertex 110 100 -6.35
    endloop
  endfacet
  facet normal 0 0 1
    outer loop
      vertex -110 -100 6.35
      vertex -93.61939766255644 55.08658283817455 6.35
      vertex -93.90392640201615 56.02454838991936 6.35
    endloop
  endfacet
  facet normal 0 0 1
    outer loop
      vertex -110 -100 6.35
      vertex -93.90392640201615 56.02454838991936 6.35
      vertex -94 57 6.35
    endloop
  endfacet
  facet normal 0 0 1
    outer loop
      vertex -110 -100 6.35
      vertex -94 57 6.35
      vertex -93.90392640201615 57.97545161008064 6.35
    endloop
  endfacet
  facet normal 0 0 1
    outer loop
      vertex -110 -100 6.35
      vertex -93.90392640201615 57.97545161008064 6.35
      vertex -110 100 6.35
    endloop
  endfacet
  facet normal 0 0 1
    outer loop
      vertex -93.15734806151272 -54.222148834901986 6.35
      vertex -93.15734806151272 54.222148834901986 6.35
      vertex -93.61939766255644 55.08658283817455 6.35
    endloop
  endfacet
  facet normal 0 0 1
    outer loop
      vertex -91.77785116509801 -52.84265193848727 6.35
      vertex -91.77785116509801 52.84265193848727 6.35
      vertex -92.53553390593274 53.46446609406726 6.35
    endloop
  endfacet
  facet normal 0 0 1
    outer loop
      vertex -92.53553390593274 -53.46446609406726 6.35
      vertex -92.53553390593274 53.46446609406726 6.35
      vertex -93.15734806151272 54.222148834901986 6.35
    endloop
  endfacet
  facet normal 0 0 1
    outer loop
      vertex -90.91341716182545 -52.38060233744356 6.35
      vertex -90.91341716182545 52.38060233744356 6.35
      vertex -91.77785116509801 52.84265193848727 6.35
    endloop
  endfacet
  facet normal 0 0 1
    outer loop
      vertex -89.97545161008064 -52.096073597983846 6.35
      vertex -89.97545161008064 52.096073597983846 6.35
      vertex -90.91341716182545 52.38060233744356 6.35
    endloop
  endfacet
  facet normal 0 0 1
    outer loop
      vertex -89 -52 6.35
      vertex -89 52 6.35
      vertex -89.97545161008064 52.096073597983846 6.35
    endloop
  endfacet
  facet normal 0 0 1
    outer loop
      vertex -88.02454838991936 -52.096073597983846 6.35
      vertex -88.02454838991936 52.096073597983846 6.35
      vertex -89 52 6.35
    endloop
  endfacet
  facet normal 0 0 1
    outer loop
      vertex -87.08658283817455 -52.38060233744356 6.35
      vertex -87.08658283817455 52.38060233744356 6.35
      vertex -88.02454838991936 52.096073597983846 6.35
    endloop
  endfacet
  facet normal 0 0 1
    outer loop
      vertex -87.08658283817455 -52.38060233744356 6.35
      vertex -86.22214883490199 52.84265193848727 6.35
      vertex -87.08658283817455 52.38060233744356 6.35
    endloop
  endfacet
  facet normal 0 0 1
    outer loop
      vertex -0.9754516100806412 -52.096073597983846 6.35
      vertex -85.46446609406726 53.46446609406726 6.35
      vertex -86.22214883490199 52.84265193848727 6.35
    endloop
  endfacet
  facet normal 0 0 1
    outer loop
      vertex -0.9754516100806412 -52.096073597983846 6.35
      vertex -84.84265193848728 54.222148834901986 6.35
      vertex -85.46446609406726 53.46446609406726 6.35
    endloop
  endfacet
  facet normal 0 0 1
    outer loop
      vertex 0 -52 6.35
      vertex -84.38060233744356 55.08658283817455 6.35
      vertex -84.84265193848728 54.222148834901986 6.35
    endloop
  endfacet
  facet normal 0 0 1
    outer loop
      vertex -84.38060233744356 55.08658283817455 6.35
      vertex 0.9754516100806412 -52.096073597983846 6.35
      vertex -84.09607359798385 56.02454838991936 6.35
    endloop
  endfacet
  facet normal 0 0 1
    outer loop
      vertex -84.09607359798385 56.02454838991936 6.35
      vertex 1.913417161825449 -52.38060233744356 6.35
      vertex -84 57 6.35
    endloop
  endfacet
  facet normal 0 0 1
    outer loop
      vertex -110 100 6.35
      vertex -93.90392640201615 57.97545161008064 6.35
      vertex -93.61939766255644 58.91341716182545 6.35
    endloop
  endfacet
  facet normal 0 0 1
    outer loop
      vertex -110 100 6.35
      vertex -93.61939766255644 58.91341716182545 6.35
      vertex -93.15734806151272 59.777851165098014 6.35
    endloop
  endfacet
  facet normal 0 0 1
    outer loop
      vertex -110 100 6.35
      vertex -93.15734806151272 59.777851165098014 6.35
      vertex -92.53553390593274 60.53553390593274 6.35
    endloop
  endfacet
  facet normal 0 0 1
    outer loop
      vertex -110 100 6.35
      vertex -92.53553390593274 60.53553390593274 6.35
      vertex -91.77785116509801 61.15734806151273 6.35
    endloop
  endfacet
  facet normal 0 0 1
    outer loop
      vertex -110 100 6.35
      vertex -91.77785116509801 61.15734806151273 6.35
      vertex -90.91341716182545 61.61939766255644 6.35
    endloop
  endfacet
  facet normal 0 0 1
    outer loop
      vertex -110 100 6.35
      vertex -90.91341716182545 61.61939766255644 6.35
      vertex -89.97545161008064 61.903926402016154 6.35
    endloop
  endfacet
  facet normal 0 0 1
    outer loop
      vertex -110 100 6.35
      vertex -89.97545161008064 61.903926402016154 6.35
      vertex -89 62 6.35
    endloop
  endfacet
  facet normal 0 0 1
    outer loop
      vertex -110 100 6.35
      vertex -89 62 6.35
      vertex -88.02454838991936 61.903926402016154 6.35
    endloop
  endfacet
  facet normal 0 0 1
    outer loop
      vertex -110 100 6.35
      vertex -88.02454838991936 61.903926402016154 6.35
      vertex -87.08658283817455 61.61939766255644 6.35
    endloop
  endfacet
  facet normal 0 0 1
    outer loop
      vertex -110 100 6.35
      vertex -86.22214883490199 61.15734806151273 6.35
      vertex -85.46446609406726 60.53553390593274 6.35
    endloop
  endfacet
  facet normal 0 0 1
    outer loop
      vertex -110 100 6.35
      vertex -87.08658283817455 61.61939766255644 6.35
      vertex -86.22214883490199 61.15734806151273 6.35
    endloop
  endfacet
  facet normal 0 0 1
    outer loop
      vertex -110 100 6.35
      vertex -85.46446609406726 60.53553390593274 6.35
      vertex -84.84265193848728 59.777851165098014 6.35
    endloop
  endfacet
  facet normal 0 0 1
    outer loop
      vertex -110 100 6.35
      vertex -74.50003962915292 85.75503204678313 6.35
      vertex -74.90918830920369 86.09081169079631 6.35
    endloop
  endfacet
  facet normal 0 0 1
    outer loop
      vertex -110 100 6.35
      vertex -74.03324526738574 85.50552526221952 6.35
      vertex -74.50003962915292 85.75503204678313 6.35
    endloop
  endfacet
  facet normal 0 0 1
    outer loop
      vertex -110 100 6.35
      vertex -75.24496795321687 86.49996037084708 6.35
      vertex -75.49447473778048 86.96675473261426 6.35
    endloop
  endfacet
  facet normal 0 0 1
    outer loop
      vertex -110 100 6.35
      vertex -75.49447473778048 86.96675473261426 6.35
      vertex -75.64812025708872 87.47325613055645 6.35
    endloop
  endfacet
  facet normal 0 0 1
    outer loop
      vertex -110 100 6.35
      vertex -75.64812025708872 87.47325613055645 6.35
      vertex -75.7 88 6.35
    endloop
  endfacet
  facet normal 0 0 1
    outer loop
      vertex -110 100 6.35
      vertex -75.7 88 6.35
      vertex -75.64812025708872 88.52674386944355 6.35
    endloop
  endfacet
  facet normal 0 0 1
    outer loop
      vertex -110 100 6.35
      vertex -74.90918830920369 86.09081169079631 6.35
      vertex -75.24496795321687 86.49996037084708 6.35
    endloop
  endfacet
  facet normal 0 0 1
    outer loop
      vertex -110 100 6.35
      vertex -75.64812025708872 88.52674386944355 6.35
      vertex -75.49447473778048 89.03324526738574 6.35
    endloop
  endfacet
  facet normal 0 0 1
    outer loop
      vertex -110 100 6.35
      vertex -75.49447473778048 89.03324526738574 6.35
      vertex -75.24496795321687 89.50003962915292 6.35
    endloop
  endfacet
  facet normal 0 0 1
    outer loop
      vertex -110 100 6.35
      vertex -75.24496795321687 89.50003962915292 6.35
      vertex -74.90918830920369 89.90918830920369 6.35
    endloop
  endfacet
  facet normal 0 0 1
    outer loop
      vertex -110 100 6.35
      vertex -74.90918830920369 89.90918830920369 6.35
      vertex -74.50003962915292 90.24496795321687 6.35
    endloop
  endfacet
  facet normal 0 0 1
    outer loop
      vertex -110 100 6.35
      vertex -74.50003962915292 90.24496795321687 6.35
      vertex -74.03324526738574 90.49447473778048 6.35
    endloop
  endfacet
  facet normal 0 0 1
    outer loop
      vertex -110 100 6.35
      vertex -74.03324526738574 90.49447473778048 6.35
      vertex -73.52674386944355 90.64812025708872 6.35
    endloop
  endfacet
  facet normal 0 0 1
    outer loop
      vertex -110 100 6.35
      vertex -73.52674386944355 90.64812025708872 6.35
      vertex -73 90.7 6.35
    endloop
  endfacet
  facet normal 0 0 1
    outer loop
      vertex -110 100 6.35
      vertex -73 90.7 6.35
      vertex -72.47325613055645 90.64812025708872 6.35
    endloop
  endfacet
  facet normal 0 0 1
    outer loop
      vertex -110 100 6.35
      vertex -3.5355339059327378 53.46446609406726 6.35
      vertex -74.03324526738574 85.50552526221952 6.35
    endloop
  endfacet
  facet normal 0 0 1
    outer loop
      vertex -110 100 6.35
      vertex -84.84265193848728 59.777851165098014 6.35
      vertex 110 -100 6.35
    endloop
  endfacet
  facet normal 0 0 1
    outer loop
      vertex 110 -100 6.35
      vertex -84.09607359798385 57.97545161008064 6.35
      vertex -84 57 6.35
    endloop
  endfacet
  facet normal 0 0 1
    outer loop
      vertex 110 -100 6.35
      vertex -84.38060233744356 58.91341716182545 6.35
      vertex -84.09607359798385 57.97545161008064 6.35
    endloop
  endfacet
  facet normal 0 0 1
    outer loop
      vertex 110 -100 6.35
      vertex -84.84265193848728 59.777851165098014 6.35
      vertex -84.38060233744356 58.91341716182545 6.35
    endloop
  endfacet
  facet normal 0 0 1
    outer loop
      vertex -110 100 6.35
      vertex 84.38060233744356 -58.91341716182545 6.35
      vertex -2.777851165098011 52.84265193848727 6.35
    endloop
  endfacet
  facet normal 0 0 1
    outer loop
      vertex -73.52674386944355 85.35187974291128 6.35
      vertex -74.03324526738574 85.50552526221952 6.35
      vertex -3.5355339059327378 53.46446609406726 6.35
    endloop
  endfacet
  facet normal 0 0 1
    outer loop
      vertex -73 85.3 6.35
      vertex -73.52674386944355 85.35187974291128 6.35
      vertex -3.5355339059327378 53.46446609406726 6.35
    endloop
  endfacet
  facet normal 0 0 1
    outer loop
      vertex -72.47325613055645 85.35187974291128 6.35
      vertex -73 85.3 6.35
      vertex -4.157348061512726 54.222148834901986 6.35
    endloop
  endfacet
  facet normal 0 0 1
    outer loop
      vertex -110 100 6.35
      vertex -2.777851165098011 52.84265193848727 6.35
      vertex -3.5355339059327378 53.46446609406726 6.35
    endloop
  endfacet
  facet normal 0 0 1
    outer loop
      vertex -71.96675473261426 85.50552526221952 6.35
      vertex -72.47325613055645 85.35187974291128 6.35
      vertex -4.619397662556434 55.08658283817455 6.35
    endloop
  endfacet
  facet normal 0 0 1
    outer loop
      vertex -71.49996037084708 85.75503204678313 6.35
      vertex -71.96675473261426 85.50552526221952 6.35
      vertex -4.903926402016152 56.02454838991936 6.35
    endloop
  endfacet
  facet normal 0 0 1
    outer loop
      vertex -71.09081169079631 86.09081169079631 6.35
      vertex -71.49996037084708 85.75503204678313 6.35
      vertex -5 57 6.35
    endloop
  endfacet
  facet normal 0 0 1
    outer loop
      vertex -71.09081169079631 86.09081169079631 6.35
      vertex -4.903926402016152 57.97545161008064 6.35
      vertex -70.75503204678313 86.49996037084708 6.35
    endloop
  endfacet
  facet normal 0 0 1
    outer loop
      vertex -70.75503204678313 86.49996037084708 6.35
      vertex -4.619397662556434 58.91341716182545 6.35
      vertex -70.50552526221952 86.96675473261426 6.35
    endloop
  endfacet
  facet normal 0 0 1
    outer loop
      vertex -70.50552526221952 86.96675473261426 6.35
      vertex -4.619397662556434 58.91341716182545 6.35
      vertex -70.35187974291128 87.47325613055645 6.35
    endloop
  endfacet
  facet normal 0 0 1
    outer loop
      vertex -70.35187974291128 87.47325613055645 6.35
      vertex -4.157348061512726 59.777851165098014 6.35
      vertex -70.3 88 6.35
    endloop
  endfacet
  facet normal 0 0 1
    outer loop
      vertex -110 100 6.35
      vertex -72.47325613055645 90.64812025708872 6.35
      vertex 71.96675473261426 90.49447473778048 6.35
    endloop
  endfacet
  facet normal 0 0 1
    outer loop
      vertex -73 85.3 6.35
      vertex -3.5355339059327378 53.46446609406726 6.35
      vertex -4.157348061512726 54.222148834901986 6.35
    endloop
  endfacet
  facet normal 0 0 1
    outer loop
      vertex -72.47325613055645 85.35187974291128 6.35
      vertex -4.157348061512726 54.222148834901986 6.35
      vertex -4.619397662556434 55.08658283817455 6.35
    endloop
  endfacet
  facet normal 0 0 1
    outer loop
      vertex -71.96675473261426 85.50552526221952 6.35
      vertex -4.619397662556434 55.08658283817455 6.35
      vertex -4.903926402016152 56.02454838991936 6.35
    endloop
  endfacet
  facet normal 0 0 1
    outer loop
      vertex -71.49996037084708 85.75503204678313 6.35
      vertex -4.903926402016152 56.02454838991936 6.35
      vertex -5 57 6.35
    endloop
  endfacet
  facet normal 0 0 1
    outer loop
      vertex -71.09081169079631 86.09081169079631 6.35
      vertex -5 57 6.35
      vertex -4.903926402016152 57.97545161008064 6.35
    endloop
  endfacet
  facet normal 0 0 1
    outer loop
      vertex -70.75503204678313 86.49996037084708 6.35
      vertex -4.903926402016152 57.97545161008064 6.35
      vertex -4.619397662556434 58.91341716182545 6.35
    endloop
  endfacet
  facet normal 0 0 1
    outer loop
      vertex -70.35187974291128 87.47325613055645 6.35
      vertex -4.619397662556434 58.91341716182545 6.35
      vertex -4.157348061512726 59.777851165098014 6.35
    endloop
  endfacet
  facet normal 0 0 1
    outer loop
      vertex -70.3 88 6.35
      vertex -4.157348061512726 59.777851165098014 6.35
      vertex -3.5355339059327378 60.53553390593274 6.35
    endloop
  endfacet
  facet normal 0 0 1
    outer loop
      vertex -70.3 88 6.35
      vertex -3.5355339059327378 60.53553390593274 6.35
      vertex -2.777851165098011 61.15734806151273 6.35
    endloop
  endfacet
  facet normal 0 0 1
    outer loop
      vertex -70.3 88 6.35
      vertex -2.777851165098011 61.15734806151273 6.35
      vertex -1.913417161825449 61.61939766255644 6.35
    endloop
  endfacet
  facet normal 0 0 1
    outer loop
      vertex -70.3 88 6.35
      vertex -1.913417161825449 61.61939766255644 6.35
      vertex -0.9754516100806412 61.903926402016154 6.35
    endloop
  endfacet
  facet normal 0 0 1
    outer loop
      vertex -70.3 88 6.35
      vertex -0.9754516100806412 61.903926402016154 6.35
      vertex 0 62 6.35
    endloop
  endfacet
  facet normal 0 0 1
    outer loop
      vertex -70.3 88 6.35
      vertex 0 62 6.35
      vertex 0.9754516100806412 61.903926402016154 6.35
    endloop
  endfacet
  facet normal 0 0 1
    outer loop
      vertex -70.3 88 6.35
      vertex 0.9754516100806412 61.903926402016154 6.35
      vertex 1.913417161825449 61.61939766255644 6.35
    endloop
  endfacet
  facet normal 0 0 1
    outer loop
      vertex -72.47325613055645 90.64812025708872 6.35
      vertex -71.96675473261426 90.49447473778048 6.35
      vertex 71.96675473261426 90.49447473778048 6.35
    endloop
  endfacet
  facet normal 0 0 1
    outer loop
      vertex -70.3 88 6.35
      vertex 70.50552526221952 89.03324526738574 6.35
      vertex -70.35187974291128 88.52674386944355 6.35
    endloop
  endfacet
  facet normal 0 0 1
    outer loop
      vertex -70.35187974291128 88.52674386944355 6.35
      vertex 70.75503204678313 89.50003962915292 6.35
      vertex -70.50552526221952 89.03324526738574 6.35
    endloop
  endfacet
  facet normal 0 0 1
    outer loop
      vertex -70.75503204678313 89.50003962915292 6.35
      vertex 71.09081169079631 89.90918830920369 6.35
      vertex -71.09081169079631 89.90918830920369 6.35
    endloop
  endfacet
  facet normal 0 0 1
    outer loop
      vertex -70.50552526221952 89.03324526738574 6.35
      vertex 71.09081169079631 89.90918830920369 6.35
      vertex -70.75503204678313 89.50003962915292 6.35
    endloop
  endfacet
  facet normal 0 0 1
    outer loop
      vertex -71.49996037084708 90.24496795321687 6.35
      vertex -71.09081169079631 89.90918830920369 6.35
      vertex 71.49996037084708 90.24496795321687 6.35
    endloop
  endfacet
  facet normal 0 0 1
    outer loop
      vertex -71.96675473261426 90.49447473778048 6.35
      vertex -71.49996037084708 90.24496795321687 6.35
      vertex 71.96675473261426 90.49447473778048 6.35
    endloop
  endfacet
  facet normal 0 0 -1
    outer loop
      vertex -71.49996037084708 -90.24496795321687 -6.35
      vertex 71.49996037084708 -90.24496795321687 -6.35
      vertex 71.96675473261426 -90.49447473778048 -6.35
    endloop
  endfacet
  facet normal 0 0 -1
    outer loop
      vertex -71.09081169079631 -89.90918830920369 -6.35
      vertex 71.09081169079631 -89.90918830920369 -6.35
      vertex 71.49996037084708 -90.24496795321687 -6.35
    endloop
  endfacet
  facet normal 0 0 -1
    outer loop
      vertex -70.50552526221952 -89.03324526738574 -6.35
      vertex 70.75503204678313 -89.50003962915292 -6.35
      vertex 71.09081169079631 -89.90918830920369 -6.35
    endloop
  endfacet
  facet normal 0 0 -1
    outer loop
      vertex -70.3 -88 -6.35
      vertex 70.35187974291128 -88.52674386944355 -6.35
      vertex 70.50552526221952 -89.03324526738574 -6.35
    endloop
  endfacet
  facet normal 0 0 -1
    outer loop
      vertex -70.35187974291128 -88.52674386944355 -6.35
      vertex 70.50552526221952 -89.03324526738574 -6.35
      vertex 70.75503204678313 -89.50003962915292 -6.35
    endloop
  endfacet
  facet normal 0 0 -1
    outer loop
      vertex -70.3 -88 -6.35
      vertex 70.3 -88 -6.35
      vertex 70.35187974291128 -88.52674386944355 -6.35
    endloop
  endfacet
  facet normal 0 0 -1
    outer loop
      vertex -71.96675473261426 -90.49447473778048 -6.35
      vertex 71.96675473261426 -90.49447473778048 -6.35
      vertex 72.47325613055645 -90.64812025708872 -6.35
    endloop
  endfacet
  facet normal 0 0 -1
    outer loop
      vertex -71.96675473261426 -90.49447473778048 -6.35
      vertex 72.47325613055645 -90.64812025708872 -6.35
      vertex 73 -90.7 -6.35
    endloop
  endfacet
  facet normal 0 0 -1
    outer loop
      vertex -0.861037722821452 -59.07872894815039 -6.35
      vertex -0.43895322453628854 -59.20676688090727 -6.35
      vertex 70.3 -88 -6.35
    endloop
  endfacet
  facet normal 0 0 -1
    outer loop
      vertex -0.43895322453628854 -59.20676688090727 -6.35
      vertex 0 -59.25 -6.35
      vertex 70.3 -88 -6.35
    endloop
  endfacet
  facet normal 0 0 -1
    outer loop
      vertex 0 -59.25 -6.35
      vertex 0.43895322453628854 -59.20676688090727 -6.35
      vertex 70.3 -88 -6.35
    endloop
  endfacet
  facet normal 0 0 -1
    outer loop
      vertex 0.43895322453628854 -59.20676688090727 -6.35
      vertex 0.861037722821452 -59.07872894815039 -6.35
      vertex 70.3 -88 -6.35
    endloop
  endfacet
  facet normal 0 0 -1
    outer loop
      vertex 0.861037722821452 -59.07872894815039 -6.35
      vertex 1.250033024294105 -58.87080662768073 -6.35
      vertex 70.3 -88 -6.35
    endloop
  endfacet
  facet normal 0 0 -1
    outer loop
      vertex 1.250033024294105 -58.87080662768073 -6.35
      vertex 1.5909902576697321 -58.59099025766973 -6.35
      vertex 70.3 -88 -6.35
    endloop
  endfacet
  facet normal 0 0 -1
    outer loop
      vertex 1.5909902576697321 -58.59099025766973 -6.35
      vertex 1.8708066276807267 -58.250033024294105 -6.35
      vertex 70.35187974291128 -87.47325613055645 -6.35
    endloop
  endfacet
  facet normal 0 0 -1
    outer loop
      vertex 110 -100 -6.35
      vertex -71.96675473261426 -90.49447473778048 -6.35
      vertex 73 -90.7 -6.35
    endloop
  endfacet
  facet normal 0 0 -1
    outer loop
      vertex 1.5909902576697321 -58.59099025766973 -6.35
      vertex 70.35187974291128 -87.47325613055645 -6.35
      vertex 70.3 -88 -6.35
    endloop
  endfacet
  facet normal 0 0 -1
    outer loop
      vertex 1.8708066276807267 -58.250033024294105 -6.35
      vertex 70.50552526221952 -86.96675473261426 -6.35
      vertex 70.35187974291128 -87.47325613055645 -6.35
    endloop
  endfacet
  facet normal 0 0 -1
    outer loop
      vertex 1.8708066276807267 -58.250033024294105 -6.35
      vertex 70.75503204678313 -86.49996037084708 -6.35
      vertex 70.50552526221952 -86.96675473261426 -6.35
    endloop
  endfacet
  facet normal 0 0 -1
    outer loop
      vertex 1.8708066276807267 -58.250033024294105 -6.35
      vertex 2.078728948150395 -57.86103772282145 -6.35
      vertex 87.12919337231928 -58.250033024294105 -6.35
    endloop
  endfacet
  facet normal 0 0 -1
    outer loop
      vertex 2.078728948150395 -57.86103772282145 -6.35
      vertex 2.2067668809072685 -57.43895322453629 -6.35
      vertex 86.9212710518496 -57.86103772282145 -6.35
    endloop
  endfacet
  facet normal 0 0 -1
    outer loop
      vertex 2.2067668809072685 -57.43895322453629 -6.35
      vertex 2.25 -57 -6.35
      vertex 86.79323311909273 -57.43895322453629 -6.35
    endloop
  endfacet
  facet normal 0 0 -1
    outer loop
      vertex 2.25 -57 -6.35
      vertex 2.2067668809072685 -56.56104677546371 -6.35
      vertex 86.75 -57 -6.35
    endloop
  endfacet
  facet normal 0 0 -1
    outer loop
      vertex 2.2067668809072685 -56.56104677546371 -6.35
      vertex 2.078728948150395 -56.13896227717855 -6.35
      vertex 86.79323311909273 -56.56104677546371 -6.35
    endloop
  endfacet
  facet normal 0 0 -1
    outer loop
      vertex 2.078728948150395 -56.13896227717855 -6.35
      vertex 1.8708066276807267 -55.749966975705895 -6.35
      vertex 86.9212710518496 -56.13896227717855 -6.35
    endloop
  endfacet
  facet normal 0 0 -1
    outer loop
      vertex 1.8708066276807267 -55.749966975705895 -6.35
      vertex 1.5909902576697321 -55.40900974233027 -6.35
      vertex 87.12919337231928 -55.749966975705895 -6.35
    endloop
  endfacet
  facet normal 0 0 -1
    outer loop
      vertex 1.5909902576697321 -55.40900974233027 -6.35
      vertex 1.250033024294105 -55.12919337231927 -6.35
      vertex 87.40900974233027 -55.40900974233027 -6.35
    endloop
  endfacet
  facet normal 0 0 -1
    outer loop
      vertex 1.8708066276807267 -58.250033024294105 -6.35
      vertex 87.12919337231928 -58.250033024294105 -6.35
      vertex 70.75503204678313 -86.49996037084708 -6.35
    endloop
  endfacet
  facet normal 0 -1 0
    outer loop
      vertex -110 -100 -6.35
      vertex 110 -100 -6.35
      vertex 110 -100 6.35
    endloop
  endfacet
  facet normal 0 0 -1
    outer loop
      vertex -74.03324526738574 -85.50552526221952 -6.35
      vertex 86.75 57 -6.35
      vertex -1.8708066276807267 -55.749966975705895 -6.35
    endloop
  endfacet
  facet normal 0 0 -1
    outer loop
      vertex -1.5909902576697321 -55.40900974233027 -6.35
      vertex -1.8708066276807267 -55.749966975705895 -6.35
      vertex 86.75 57 -6.35
    endloop
  endfacet
  facet normal 0 0 -1
    outer loop
      vertex -1.250033024294105 -55.12919337231927 -6.35
      vertex -1.5909902576697321 -55.40900974233027 -6.35
      vertex 86.75 57 -6.35
    endloop
  endfacet
  facet normal 0 0 -1
    outer loop
      vertex -0.861037722821452 -54.92127105184961 -6.35
      vertex -1.250033024294105 -55.12919337231927 -6.35
      vertex 86.75 57 -6.35
    endloop
  endfacet
  facet normal 0 0 -1
    outer loop
      vertex -0.43895322453628854 -54.79323311909273 -6.35
      vertex -0.861037722821452 -54.92127105184961 -6.35
      vertex 86.79323311909273 56.56104677546371 -6.35
    endloop
  endfacet
  facet normal 0 0 -1
    outer loop
      vertex -0.43895322453628854 -54.79323311909273 -6.35
      vertex 86.9212710518496 56.13896227717855 -6.35
      vertex 0 -54.75 -6.35
    endloop
  endfacet
  facet normal 0 0 -1
    outer loop
      vertex 0.43895322453628854 -54.79323311909273 -6.35
      vertex 0 -54.75 -6.35
      vertex 87.12919337231928 55.749966975705895 -6.35
    endloop
  endfacet
  facet normal 0 0 -1
    outer loop
      vertex 0.861037722821452 -54.92127105184961 -6.35
      vertex 0.43895322453628854 -54.79323311909273 -6.35
      vertex 87.40900974233027 55.40900974233027 -6.35
    endloop
  endfacet
  facet normal 0 0 -1
    outer loop
      vertex 1.250033024294105 -55.12919337231927 -6.35
      vertex 0.861037722821452 -54.92127105184961 -6.35
      vertex 87.74996697570589 55.12919337231927 -6.35
    endloop
  endfacet
  facet normal 0 0 -1
    outer loop
      vertex 87.12919337231928 -58.250033024294105 -6.35
      vertex 71.09081169079631 -86.09081169079631 -6.35
      vertex 70.75503204678313 -86.49996037084708 -6.35
    endloop
  endfacet
  facet normal 0 0 -1
    outer loop
      vertex 87.12919337231928 -58.250033024294105 -6.35
      vertex 71.49996037084708 -85.75503204678313 -6.35
      vertex 71.09081169079631 -86.09081169079631 -6.35
    endloop
  endfacet
  facet normal 0 0 -1
    outer loop
      vertex 87.12919337231928 -58.250033024294105 -6.35
      vertex 71.96675473261426 -85.50552526221952 -6.35
      vertex 71.49996037084708 -85.75503204678313 -6.35
    endloop
  endfacet
  facet normal 0 0 -1
    outer loop
      vertex 87.12919337231928 -58.250033024294105 -6.35
      vertex 72.47325613055645 -85.35187974291128 -6.35
      vertex 71.96675473261426 -85.50552526221952 -6.35
    endloop
  endfacet
  facet normal 0 0 -1
    outer loop
      vertex 88.13896227717855 -59.07872894815039 -6.35
      vertex 74.03324526738574 -85.50552526221952 -6.35
      vertex 73.52674386944355 -85.35187974291128 -6.35
    endloop
  endfacet
  facet normal 0 0 -1
    outer loop
      vertex 88.13896227717855 -59.07872894815039 -6.35
      vertex 74.50003962915292 -85.75503204678313 -6.35
      vertex 74.03324526738574 -85.50552526221952 -6.35
    endloop
  endfacet
  facet normal 0 0 -1
    outer loop
      vertex 87.12919337231928 -58.250033024294105 -6.35
      vertex 73 -85.3 -6.35
      vertex 72.47325613055645 -85.35187974291128 -6.35
    endloop
  endfacet
  facet normal 0 0 -1
    outer loop
      vertex 87.40900974233027 -58.59099025766973 -6.35
      vertex 73.52674386944355 -85.35187974291128 -6.35
      vertex 73 -85.3 -6.35
    endloop
  endfacet
  facet normal 0 0 -1
    outer loop
      vertex 88.56104677546371 -59.20676688090727 -6.35
      vertex 74.90918830920369 -86.09081169079631 -6.35
      vertex 74.50003962915292 -85.75503204678313 -6.35
    endloop
  endfacet
  facet normal 0 0 -1
    outer loop
      vertex 89 -59.25 -6.35
      vertex 75.24496795321687 -86.49996037084708 -6.35
      vertex 74.90918830920369 -86.09081169079631 -6.35
    endloop
  endfacet
  facet normal 0 0 -1
    outer loop
      vertex 89.86103772282145 -59.07872894815039 -6.35
      vertex 75.64812025708872 -87.47325613055645 -6.35
      vertex 75.49447473778048 -86.96675473261426 -6.35
    endloop
  endfacet
  facet normal 0 0 -1
    outer loop
      vertex 89.43895322453629 -59.20676688090727 -6.35
      vertex 75.49447473778048 -86.96675473261426 -6.35
      vertex 75.24496795321687 -86.49996037084708 -6.35
    endloop
  endfacet
  facet normal 0 0 -1
    outer loop
      vertex 90.25003302429411 -58.87080662768073 -6.35
      vertex 75.7 -88 -6.35
      vertex 75.64812025708872 -87.47325613055645 -6.35
    endloop
  endfacet
  facet normal 0 0 -1
    outer loop
      vertex 2.078728948150395 -57.86103772282145 -6.35
      vertex 86.9212710518496 -57.86103772282145 -6.35
      vertex 87.12919337231928 -58.250033024294105 -6.35
    endloop
  endfacet
  facet normal 0 0 -1
    outer loop
      vertex 2.2067668809072685 -57.43895322453629 -6.35
      vertex 86.79323311909273 -57.43895322453629 -6.35
      vertex 86.9212710518496 -57.86103772282145 -6.35
    endloop
  endfacet
  facet normal 0 0 -1
    outer loop
      vertex 2.25 -57 -6.35
      vertex 86.75 -57 -6.35
      vertex 86.79323311909273 -57.43895322453629 -6.35
    endloop
  endfacet
  facet normal 0 0 -1
    outer loop
      vertex 2.2067668809072685 -56.56104677546371 -6.35
      vertex 86.79323311909273 -56.56104677546371 -6.35
      vertex 86.75 -57 -6.35
    endloop
  endfacet
  facet normal 0 0 -1
    outer loop
      vertex 2.078728948150395 -56.13896227717855 -6.35
      vertex 86.9212710518496 -56.13896227717855 -6.35
      vertex 86.79323311909273 -56.56104677546371 -6.35
    endloop
  endfacet
  facet normal 0 0 -1
    outer loop
      vertex 1.8708066276807267 -55.749966975705895 -6.35
      vertex 87.12919337231928 -55.749966975705895 -6.35
      vertex 86.9212710518496 -56.13896227717855 -6.35
    endloop
  endfacet
  facet normal 0 0 -1
    outer loop
      vertex 1.5909902576697321 -55.40900974233027 -6.35
      vertex 87.40900974233027 -55.40900974233027 -6.35
      vertex 87.12919337231928 -55.749966975705895 -6.35
    endloop
  endfacet
  facet normal 0 0 -1
    outer loop
      vertex 1.250033024294105 -55.12919337231927 -6.35
      vertex 87.74996697570589 -55.12919337231927 -6.35
      vertex 87.40900974233027 -55.40900974233027 -6.35
    endloop
  endfacet
  facet normal 0 0 -1
    outer loop
      vertex 110 -100 -6.35
      vertex 73 -90.7 -6.35
      vertex 73.52674386944355 -90.64812025708872 -6.35
    endloop
  endfacet
  facet normal 0 0 -1
    outer loop
      vertex 110 -100 -6.35
      vertex 73.52674386944355 -90.64812025708872 -6.35
      vertex 74.03324526738574 -90.49447473778048 -6.35
    endloop
  endfacet
  facet normal 0 0 -1
    outer loop
      vertex 110 -100 -6.35
      vertex 74.03324526738574 -90.49447473778048 -6.35
      vertex 74.50003962915292 -90.24496795321687 -6.35
    endloop
  endfacet
  facet normal 0 0 -1
    outer loop
      vertex 110 -100 -6.35
      vertex 74.50003962915292 -90.24496795321687 -6.35
      vertex 74.90918830920369 -89.90918830920369 -6.35
    endloop
  endfacet
  facet normal 0 0 -1
    outer loop
      vertex 110 -100 -6.35
      vertex 74.90918830920369 -89.90918830920369 -6.35
      vertex 75.24496795321687 -89.50003962915292 -6.35
    endloop
  endfacet
  facet normal 0 0 -1
    outer loop
      vertex 110 -100 -6.35
      vertex 75.24496795321687 -89.50003962915292 -6.35
      vertex 75.49447473778048 -89.03324526738574 -6.35
    endloop
  endfacet
  facet normal 0 0 -1
    outer loop
      vertex 110 -100 -6.35
      vertex 75.49447473778048 -89.03324526738574 -6.35
      vertex 75.64812025708872 -88.52674386944355 -6.35
    endloop
  endfacet
  facet normal 0 0 -1
    outer loop
      vertex 110 -100 -6.35
      vertex 75.64812025708872 -88.52674386944355 -6.35
      vertex 75.7 -88 -6.35
    endloop
  endfacet
  facet normal 0 0 -1
    outer loop
      vertex 110 -100 -6.35
      vertex 75.7 -88 -6.35
      vertex 90.59099025766973 -58.59099025766973 -6.35
    endloop
  endfacet
  facet normal 0 0 -1
    outer loop
      vertex 87.40900974233027 -58.59099025766973 -6.35
      vertex 87.74996697570589 -58.87080662768073 -6.35
      vertex 73.52674386944355 -85.35187974291128 -6.35
    endloop
  endfacet
  facet normal 0 0 -1
    outer loop
      vertex 87.12919337231928 -58.250033024294105 -6.35
      vertex 87.40900974233027 -58.59099025766973 -6.35
      vertex 73 -85.3 -6.35
    endloop
  endfacet
  facet normal 0 0 -1
    outer loop
      vertex 87.74996697570589 -58.87080662768073 -6.35
      vertex 88.13896227717855 -59.07872894815039 -6.35
      vertex 73.52674386944355 -85.35187974291128 -6.35
    endloop
  endfacet
  facet normal 0 0 -1
    outer loop
      vertex 88.13896227717855 -59.07872894815039 -6.35
      vertex 88.56104677546371 -59.20676688090727 -6.35
      vertex 74.50003962915292 -85.75503204678313 -6.35
    endloop
  endfacet
  facet normal 0 0 -1
    outer loop
      vertex 88.56104677546371 -59.20676688090727 -6.35
      vertex 89 -59.25 -6.35
      vertex 74.90918830920369 -86.09081169079631 -6.35
    endloop
  endfacet
  facet normal 0 0 -1
    outer loop
      vertex 89 -59.25 -6.35
      vertex 89.43895322453629 -59.20676688090727 -6.35
      vertex 75.24496795321687 -86.49996037084708 -6.35
    endloop
  endfacet
  facet normal 0 0 -1
    outer loop
      vertex 89.43895322453629 -59.20676688090727 -6.35
      vertex 89.86103772282145 -59.07872894815039 -6.35
      vertex 75.49447473778048 -86.96675473261426 -6.35
    endloop
  endfacet
  facet normal 0 0 -1
    outer loop
      vertex 89.86103772282145 -59.07872894815039 -6.35
      vertex 90.25003302429411 -58.87080662768073 -6.35
      vertex 75.64812025708872 -87.47325613055645 -6.35
    endloop
  endfacet
  facet normal 0 0 -1
    outer loop
      vertex 90.25003302429411 -58.87080662768073 -6.35
      vertex 90.59099025766973 -58.59099025766973 -6.35
      vertex 75.7 -88 -6.35
    endloop
  endfacet
  facet normal 0 0 -1
    outer loop
      vertex 110 -100 -6.35
      vertex 90.59099025766973 -58.59099025766973 -6.35
      vertex 90.87080662768072 -58.250033024294105 -6.35
    endloop
  endfacet
  facet normal 0 0 -1
    outer loop
      vertex 110 -100 -6.35
      vertex 90.87080662768072 -58.250033024294105 -6.35
      vertex 91.0787289481504 -57.86103772282145 -6.35
    endloop
  endfacet
  facet normal 0 0 -1
    outer loop
      vertex 110 -100 -6.35
      vertex 91.0787289481504 -57.86103772282145 -6.35
      vertex 91.20676688090727 -57.43895322453629 -6.35
    endloop
  endfacet
  facet normal 0 0 -1
    outer loop
      vertex 110 -100 -6.35
      vertex 91.20676688090727 -57.43895322453629 -6.35
      vertex 91.25 -57 -6.35
    endloop
  endfacet
  facet normal 0 0 -1
    outer loop
      vertex 110 -100 -6.35
      vertex 91.25 -57 -6.35
      vertex 91.20676688090727 -56.56104677546371 -6.35
    endloop
  endfacet
  facet normal 0 0 -1
    outer loop
      vertex 110 -100 -6.35
      vertex 91.20676688090727 -56.56104677546371 -6.35
      vertex 91.0787289481504 -56.13896227717855 -6.35
    endloop
  endfacet
  facet normal 0 0 -1
    outer loop
      vertex 1.250033024294105 -55.12919337231927 -6.35
      vertex 87.74996697570589 55.12919337231927 -6.35
      vertex 87.74996697570589 -55.12919337231927 -6.35
    endloop
  endfacet
  facet normal 0 0 -1
    outer loop
      vertex 110 -100 -6.35
      vertex 91.0787289481504 -56.13896227717855 -6.35
      vertex 91.0787289481504 56.13896227717855 -6.35
    endloop
  endfacet
  facet normal 0 0 -1
    outer loop
      vertex 88.13896227717855 -54.92127105184961 -6.35
      vertex 87.74996697570589 -55.12919337231927 -6.35
      vertex 88.13896227717855 54.92127105184961 -6.35
    endloop
  endfacet
  facet normal 0 0 -1
    outer loop
      vertex 88.56104677546371 -54.79323311909273 -6.35
      vertex 88.13896227717855 -54.92127105184961 -6.35
      vertex 88.56104677546371 54.79323311909273 -6.35
    endloop
  endfacet
  facet normal 0 0 -1
    outer loop
      vertex 89 -54.75 -6.35
      vertex 88.56104677546371 -54.79323311909273 -6.35
      vertex 89 54.75 -6.35
    endloop
  endfacet
  facet normal 0 0 -1
    outer loop
      vertex 89.43895322453629 -54.79323311909273 -6.35
      vertex 89 -54.75 -6.35
      vertex 89.43895322453629 54.79323311909273 -6.35
    endloop
  endfacet
  facet normal 0 0 -1
    outer loop
      vertex 89.86103772282145 -54.92127105184961 -6.35
      vertex 89.43895322453629 -54.79323311909273 -6.35
      vertex 89.86103772282145 54.92127105184961 -6.35
    endloop
  endfacet
  facet normal 0 0 -1
    outer loop
      vertex 90.25003302429411 -55.12919337231927 -6.35
      vertex 89.86103772282145 -54.92127105184961 -6.35
      vertex 90.25003302429411 55.12919337231927 -6.35
    endloop
  endfacet
  facet normal 0 0 -1
    outer loop
      vertex 90.59099025766973 -55.40900974233027 -6.35
      vertex 90.25003302429411 -55.12919337231927 -6.35
      vertex 90.59099025766973 55.40900974233027 -6.35
    endloop
  endfacet
  facet normal 0 0 -1
    outer loop
      vertex 90.87080662768072 -55.749966975705895 -6.35
      vertex 90.59099025766973 -55.40900974233027 -6.35
      vertex 90.87080662768072 55.749966975705895 -6.35
    endloop
  endfacet
  facet normal 0 0 -1
    outer loop
      vertex 91.0787289481504 -56.13896227717855 -6.35
      vertex 90.87080662768072 -55.749966975705895 -6.35
      vertex 91.0787289481504 56.13896227717855 -6.35
    endloop
  endfacet
  facet normal 1 0 0
    outer loop
      vertex 110 -100 -6.35
      vertex 110 100 -6.35
      vertex 110 -100 6.35
    endloop
  endfacet
  facet normal 0 0 1
    outer loop
      vertex -110 -100 6.35
      vertex 73 -90.7 6.35
      vertex 72.47325613055645 -90.64812025708872 6.35
    endloop
  endfacet
  facet normal 0 0 1
    outer loop
      vertex -110 -100 6.35
      vertex 72.47325613055645 -90.64812025708872 6.35
      vertex 71.96675473261426 -90.49447473778048 6.35
    endloop
  endfacet
  facet normal 0 0 1
    outer loop
      vertex -110 -100 6.35
      vertex 110 -100 6.35
      vertex 73 -90.7 6.35
    endloop
  endfacet
  facet normal 0 0 1
    outer loop
      vertex -71.96675473261426 -90.49447473778048 6.35
      vertex 71.96675473261426 -90.49447473778048 6.35
      vertex 71.49996037084708 -90.24496795321687 6.35
    endloop
  endfacet
  facet normal 0 0 1
    outer loop
      vertex -71.09081169079631 -89.90918830920369 6.35
      vertex 71.49996037084708 -90.24496795321687 6.35
      vertex 71.09081169079631 -89.90918830920369 6.35
    endloop
  endfacet
  facet normal 0 0 1
    outer loop
      vertex -71.09081169079631 -89.90918830920369 6.35
      vertex 70.75503204678313 -89.50003962915292 6.35
      vertex 70.50552526221952 -89.03324526738574 6.35
    endloop
  endfacet
  facet normal 0 0 1
    outer loop
      vertex -71.09081169079631 -89.90918830920369 6.35
      vertex 71.09081169079631 -89.90918830920369 6.35
      vertex 70.75503204678313 -89.50003962915292 6.35
    endloop
  endfacet
  facet normal 0 0 1
    outer loop
      vertex -70.50552526221952 -89.03324526738574 6.35
      vertex 70.50552526221952 -89.03324526738574 6.35
      vertex 70.35187974291128 -88.52674386944355 6.35
    endloop
  endfacet
  facet normal 0 0 1
    outer loop
      vertex -70.35187974291128 -88.52674386944355 6.35
      vertex 70.35187974291128 -88.52674386944355 6.35
      vertex 70.3 -88 6.35
    endloop
  endfacet
  facet normal 0 0 1
    outer loop
      vertex -70.3 -88 6.35
      vertex 70.3 -88 6.35
      vertex 70.35187974291128 -87.47325613055645 6.35
    endloop
  endfacet
  facet normal 0 0 1
    outer loop
      vertex -70.35187974291128 -87.47325613055645 6.35
      vertex 70.35187974291128 -87.47325613055645 6.35
      vertex 70.50552526221952 -86.96675473261426 6.35
    endloop
  endfacet
  facet normal 0 0 1
    outer loop
      vertex -70.35187974291128 -87.47325613055645 6.35
      vertex 70.50552526221952 -86.96675473261426 6.35
      vertex 70.75503204678313 -86.49996037084708 6.35
    endloop
  endfacet
  facet normal 0 0 1
    outer loop
      vertex -70.35187974291128 -87.47325613055645 6.35
      vertex 70.75503204678313 -86.49996037084708 6.35
      vertex 71.09081169079631 -86.09081169079631 6.35
    endloop
  endfacet
  facet normal 0 0 1
    outer loop
      vertex -70.35187974291128 -87.47325613055645 6.35
      vertex 71.09081169079631 -86.09081169079631 6.35
      vertex 71.49996037084708 -85.75503204678313 6.35
    endloop
  endfacet
  facet normal 0 0 1
    outer loop
      vertex -70.75503204678313 -86.49996037084708 6.35
      vertex 71.49996037084708 -85.75503204678313 6.35
      vertex 71.96675473261426 -85.50552526221952 6.35
    endloop
  endfacet
  facet normal 0 0 1
    outer loop
      vertex -71.96675473261426 -85.50552526221952 6.35
      vertex 71.96675473261426 -85.50552526221952 6.35
      vertex 72.47325613055645 -85.35187974291128 6.35
    endloop
  endfacet
  facet normal 0 0 1
    outer loop
      vertex -0.9754516100806412 -61.903926402016154 6.35
      vertex -1.913417161825449 -61.61939766255644 6.35
      vertex 72.47325613055645 -85.35187974291128 6.35
    endloop
  endfacet
  facet normal 0 0 1
    outer loop
      vertex 0 -62 6.35
      vertex -0.9754516100806412 -61.903926402016154 6.35
      vertex 72.47325613055645 -85.35187974291128 6.35
    endloop
  endfacet
  facet normal 0 0 1
    outer loop
      vertex 72.47325613055645 -85.35187974291128 6.35
      vertex 0.9754516100806412 -61.903926402016154 6.35
      vertex 0 -62 6.35
    endloop
  endfacet
  facet normal 0 0 1
    outer loop
      vertex 72.47325613055645 -85.35187974291128 6.35
      vertex 1.913417161825449 -61.61939766255644 6.35
      vertex 0.9754516100806412 -61.903926402016154 6.35
    endloop
  endfacet
  facet normal 0 0 1
    outer loop
      vertex 72.47325613055645 -85.35187974291128 6.35
      vertex 2.777851165098011 -61.15734806151273 6.35
      vertex 1.913417161825449 -61.61939766255644 6.35
    endloop
  endfacet
  facet normal 0 0 1
    outer loop
      vertex 72.47325613055645 -85.35187974291128 6.35
      vertex 3.5355339059327378 -60.53553390593274 6.35
      vertex 2.777851165098011 -61.15734806151273 6.35
    endloop
  endfacet
  facet normal 0 0 1
    outer loop
      vertex 72.47325613055645 -85.35187974291128 6.35
      vertex 4.157348061512726 -59.777851165098014 6.35
      vertex 3.5355339059327378 -60.53553390593274 6.35
    endloop
  endfacet
  facet normal 0 0 1
    outer loop
      vertex 72.47325613055645 -85.35187974291128 6.35
      vertex 4.619397662556434 -58.91341716182545 6.35
      vertex 4.157348061512726 -59.777851165098014 6.35
    endloop
  endfacet
  facet normal 0 0 1
    outer loop
      vertex 72.47325613055645 -85.35187974291128 6.35
      vertex 4.903926402016152 -57.97545161008064 6.35
      vertex 4.619397662556434 -58.91341716182545 6.35
    endloop
  endfacet
  facet normal 0 0 1
    outer loop
      vertex 72.47325613055645 -85.35187974291128 6.35
      vertex 5 -57 6.35
      vertex 4.903926402016152 -57.97545161008064 6.35
    endloop
  endfacet
  facet normal 0 0 1
    outer loop
      vertex 72.47325613055645 -85.35187974291128 6.35
      vertex 73 -85.3 6.35
      vertex 5 -57 6.35
    endloop
  endfacet
  facet normal 0 0 1
    outer loop
      vertex 73 -85.3 6.35
      vertex 73.52674386944355 -85.35187974291128 6.35
      vertex 5 -57 6.35
    endloop
  endfacet
  facet normal 0 0 1
    outer loop
      vertex 73.52674386944355 -85.35187974291128 6.35
      vertex 74.03324526738574 -85.50552526221952 6.35
      vertex 5 -57 6.35
    endloop
  endfacet
  facet normal 0 0 1
    outer loop
      vertex 110 -100 6.35
      vertex 4.619397662556434 -55.08658283817455 6.35
      vertex 4.903926402016152 -56.02454838991936 6.35
    endloop
  endfacet
  facet normal 0 0 1
    outer loop
      vertex 110 -100 6.35
      vertex 4.903926402016152 -56.02454838991936 6.35
      vertex 5 -57 6.35
    endloop
  endfacet
  facet normal 0 0 1
    outer loop
      vertex 110 -100 6.35
      vertex 4.157348061512726 -54.222148834901986 6.35
      vertex 4.619397662556434 -55.08658283817455 6.35
    endloop
  endfacet
  facet normal 0 0 1
    outer loop
      vertex 110 -100 6.35
      vertex -84 57 6.35
      vertex 4.157348061512726 -54.222148834901986 6.35
    endloop
  endfacet
  facet normal 0 0 1
    outer loop
      vertex -110 100 6.35
      vertex 85.46446609406726 -60.53553390593274 6.35
      vertex 84.84265193848728 -59.777851165098014 6.35
    endloop
  endfacet
  facet normal 0 0 1
    outer loop
      vertex -110 100 6.35
      vertex 84.84265193848728 -59.777851165098014 6.35
      vertex 84.38060233744356 -58.91341716182545 6.35
    endloop
  endfacet
  facet normal 0 0 1
    outer loop
      vertex -110 100 6.35
      vertex 110 -100 6.35
      vertex 85.46446609406726 -60.53553390593274 6.35
    endloop
  endfacet
  facet normal 0 0 1
    outer loop
      vertex 110 -100 6.35
      vertex 5 -57 6.35
      vertex 74.03324526738574 -85.50552526221952 6.35
    endloop
  endfacet
  facet normal 0 0 1
    outer loop
      vertex 110 -100 6.35
      vertex 73.52674386944355 -90.64812025708872 6.35
      vertex 73 -90.7 6.35
    endloop
  endfacet
  facet normal 0 0 1
    outer loop
      vertex 110 -100 6.35
      vertex 74.03324526738574 -90.49447473778048 6.35
      vertex 73.52674386944355 -90.64812025708872 6.35
    endloop
  endfacet
  facet normal 0 0 1
    outer loop
      vertex 110 -100 6.35
      vertex 74.50003962915292 -90.24496795321687 6.35
      vertex 74.03324526738574 -90.49447473778048 6.35
    endloop
  endfacet
  facet normal 0 0 1
    outer loop
      vertex 110 -100 6.35
      vertex 74.90918830920369 -89.90918830920369 6.35
      vertex 74.50003962915292 -90.24496795321687 6.35
    endloop
  endfacet
  facet normal 0 0 1
    outer loop
      vertex 110 -100 6.35
      vertex 75.24496795321687 -89.50003962915292 6.35
      vertex 74.90918830920369 -89.90918830920369 6.35
    endloop
  endfacet
  facet normal 0 0 1
    outer loop
      vertex 110 -100 6.35
      vertex 75.49447473778048 -89.03324526738574 6.35
      vertex 75.24496795321687 -89.50003962915292 6.35
    endloop
  endfacet
  facet normal 0 0 1
    outer loop
      vertex 110 -100 6.35
      vertex 75.64812025708872 -88.52674386944355 6.35
      vertex 75.49447473778048 -89.03324526738574 6.35
    endloop
  endfacet
  facet normal 0 0 1
    outer loop
      vertex 110 -100 6.35
      vertex 74.90918830920369 -86.09081169079631 6.35
      vertex 75.24496795321687 -86.49996037084708 6.35
    endloop
  endfacet
  facet normal 0 0 1
    outer loop
      vertex 110 -100 6.35
      vertex 75.7 -88 6.35
      vertex 75.64812025708872 -88.52674386944355 6.35
    endloop
  endfacet
  facet normal 0 0 1
    outer loop
      vertex 110 -100 6.35
      vertex 75.64812025708872 -87.47325613055645 6.35
      vertex 75.7 -88 6.35
    endloop
  endfacet
  facet normal 0 0 1
    outer loop
      vertex 110 -100 6.35
      vertex 75.49447473778048 -86.96675473261426 6.35
      vertex 75.64812025708872 -87.47325613055645 6.35
    endloop
  endfacet
  facet normal 0 0 1
    outer loop
      vertex 110 -100 6.35
      vertex 75.24496795321687 -86.49996037084708 6.35
      vertex 75.49447473778048 -86.96675473261426 6.35
    endloop
  endfacet
  facet normal 0 0 1
    outer loop
      vertex 110 -100 6.35
      vertex 74.03324526738574 -85.50552526221952 6.35
      vertex 74.50003962915292 -85.75503204678313 6.35
    endloop
  endfacet
  facet normal 0 0 1
    outer loop
      vertex 110 -100 6.35
      vertex 74.50003962915292 -85.75503204678313 6.35
      vertex 74.90918830920369 -86.09081169079631 6.35
    endloop
  endfacet
  facet normal 0 0 1
    outer loop
      vertex 110 -100 6.35
      vertex 87.08658283817455 -61.61939766255644 6.35
      vertex 86.22214883490199 -61.15734806151273 6.35
    endloop
  endfacet
  facet normal 0 0 1
    outer loop
      vertex 110 -100 6.35
      vertex 86.22214883490199 -61.15734806151273 6.35
      vertex 85.46446609406726 -60.53553390593274 6.35
    endloop
  endfacet
  facet normal 0 0 1
    outer loop
      vertex 110 -100 6.35
      vertex 88.02454838991936 -61.903926402016154 6.35
      vertex 87.08658283817455 -61.61939766255644 6.35
    endloop
  endfacet
  facet normal 0 0 1
    outer loop
      vertex 110 -100 6.35
      vertex 89 -62 6.35
      vertex 88.02454838991936 -61.903926402016154 6.35
    endloop
  endfacet
  facet normal 0 0 1
    outer loop
      vertex 110 -100 6.35
      vertex 89.97545161008064 -61.903926402016154 6.35
      vertex 89 -62 6.35
    endloop
  endfacet
  facet normal 0 0 1
    outer loop
      vertex 110 -100 6.35
      vertex 90.91341716182545 -61.61939766255644 6.35
      vertex 89.97545161008064 -61.903926402016154 6.35
    endloop
  endfacet
  facet normal 0 0 1
    outer loop
      vertex 110 -100 6.35
      vertex 91.77785116509801 -61.15734806151273 6.35
      vertex 90.91341716182545 -61.61939766255644 6.35
    endloop
  endfacet
  facet normal 0 0 1
    outer loop
      vertex 110 -100 6.35
      vertex 92.53553390593274 -60.53553390593274 6.35
      vertex 91.77785116509801 -61.15734806151273 6.35
    endloop
  endfacet
  facet normal 0 0 1
    outer loop
      vertex 110 -100 6.35
      vertex 93.15734806151272 -59.777851165098014 6.35
      vertex 92.53553390593274 -60.53553390593274 6.35
    endloop
  endfacet
  facet normal 0 0 1
    outer loop
      vertex 110 -100 6.35
      vertex 93.61939766255644 -58.91341716182545 6.35
      vertex 93.15734806151272 -59.777851165098014 6.35
    endloop
  endfacet
  facet normal 0 0 1
    outer loop
      vertex 110 -100 6.35
      vertex 93.90392640201615 -57.97545161008064 6.35
      vertex 93.61939766255644 -58.91341716182545 6.35
    endloop
  endfacet
  facet normal 0 0 1
    outer loop
      vertex 110 -100 6.35
      vertex 94 -57 6.35
      vertex 93.90392640201615 -57.97545161008064 6.35
    endloop
  endfacet
  facet normal 0 0 1
    outer loop
      vertex -2.777851165098011 52.84265193848727 6.35
      vertex 84.38060233744356 -58.91341716182545 6.35
      vertex 84.09607359798385 -57.97545161008064 6.35
    endloop
  endfacet
  facet normal 0 0 1
    outer loop
      vertex -1.913417161825449 52.38060233744356 6.35
      vertex 84.09607359798385 -57.97545161008064 6.35
      vertex 84 -57 6.35
    endloop
  endfacet
  facet normal 0 0 1
    outer loop
      vertex -0.9754516100806412 52.096073597983846 6.35
      vertex 84 -57 6.35
      vertex 84.09607359798385 -56.02454838991936 6.35
    endloop
  endfacet
  facet normal 0 0 1
    outer loop
      vertex 0 52 6.35
      vertex 84.09607359798385 -56.02454838991936 6.35
      vertex 84.38060233744356 -55.08658283817455 6.35
    endloop
  endfacet
  facet normal 0 0 1
    outer loop
      vertex 84.84265193848728 -54.222148834901986 6.35
      vertex 0.9754516100806412 52.096073597983846 6.35
      vertex 84.38060233744356 -55.08658283817455 6.35
    endloop
  endfacet
  facet normal 0 0 1
    outer loop
      vertex 85.46446609406726 -53.46446609406726 6.35
      vertex 1.913417161825449 52.38060233744356 6.35
      vertex 84.84265193848728 -54.222148834901986 6.35
    endloop
  endfacet
  facet normal 0 0 1
    outer loop
      vertex 85.46446609406726 -53.46446609406726 6.35
      vertex 86.22214883490199 -52.84265193848727 6.35
      vertex 2.777851165098011 52.84265193848727 6.35
    endloop
  endfacet
  facet normal 0 0 1
    outer loop
      vertex 86.22214883490199 -52.84265193848727 6.35
      vertex 87.08658283817455 -52.38060233744356 6.35
      vertex 2.777851165098011 52.84265193848727 6.35
    endloop
  endfacet
  facet normal 0 0 1
    outer loop
      vertex 87.08658283817455 -52.38060233744356 6.35
      vertex 88.02454838991936 -52.096073597983846 6.35
      vertex 87.08658283817455 52.38060233744356 6.35
    endloop
  endfacet
  facet normal 0 0 1
    outer loop
      vertex 88.02454838991936 -52.096073597983846 6.35
      vertex 89 -52 6.35
      vertex 88.02454838991936 52.096073597983846 6.35
    endloop
  endfacet
  facet normal 0 0 1
    outer loop
      vertex 89 -52 6.35
      vertex 89.97545161008064 -52.096073597983846 6.35
      vertex 89 52 6.35
    endloop
  endfacet
  facet normal 0 0 1
    outer loop
      vertex 94 -57 6.35
      vertex 93.90392640201615 56.02454838991936 6.35
      vertex 93.90392640201615 -56.02454838991936 6.35
    endloop
  endfacet
  facet normal 0 0 1
    outer loop
      vertex 89.97545161008064 -52.096073597983846 6.35
      vertex 90.91341716182545 -52.38060233744356 6.35
      vertex 89.97545161008064 52.096073597983846 6.35
    endloop
  endfacet
  facet normal 0 0 1
    outer loop
      vertex 90.91341716182545 -52.38060233744356 6.35
      vertex 91.77785116509801 -52.84265193848727 6.35
      vertex 90.91341716182545 52.38060233744356 6.35
    endloop
  endfacet
  facet normal 0 0 1
    outer loop
      vertex 93.15734806151272 -54.222148834901986 6.35
      vertex 92.53553390593274 53.46446609406726 6.35
      vertex 92.53553390593274 -53.46446609406726 6.35
    endloop
  endfacet
  facet normal 0 0 1
    outer loop
      vertex 91.77785116509801 -52.84265193848727 6.35
      vertex 92.53553390593274 -53.46446609406726 6.35
      vertex 91.77785116509801 52.84265193848727 6.35
    endloop
  endfacet
  facet normal 0 0 1
    outer loop
      vertex 93.61939766255644 -55.08658283817455 6.35
      vertex 93.15734806151272 54.222148834901986 6.35
      vertex 93.15734806151272 -54.222148834901986 6.35
    endloop
  endfacet
  facet normal 0 0 1
    outer loop
      vertex 93.90392640201615 -56.02454838991936 6.35
      vertex 93.61939766255644 55.08658283817455 6.35
      vertex 93.61939766255644 -55.08658283817455 6.35
    endloop
  endfacet
  facet normal 0 0 1
    outer loop
      vertex 110 -100 6.35
      vertex 110 100 6.35
      vertex 94 -57 6.35
    endloop
  endfacet
  facet normal 0 0 -1
    outer loop
      vertex -110 -100 -6.35
      vertex 86.79323311909273 57.43895322453629 -6.35
      vertex 86.75 57 -6.35
    endloop
  endfacet
  facet normal 0 0 -1
    outer loop
      vertex -110 -100 -6.35
      vertex 86.9212710518496 57.86103772282145 -6.35
      vertex 86.79323311909273 57.43895322453629 -6.35
    endloop
  endfacet
  facet normal 0 0 -1
    outer loop
      vertex -110 -100 -6.35
      vertex 87.12919337231928 58.250033024294105 -6.35
      vertex 86.9212710518496 57.86103772282145 -6.35
    endloop
  endfacet
  facet normal 0 0 -1
    outer loop
      vertex 110 100 -6.35
      vertex -86.79323311909273 -57.43895322453629 -6.35
      vertex 1.250033024294105 55.12919337231927 -6.35
    endloop
  endfacet
  facet normal 0 0 -1
    outer loop
      vertex -110 -100 -6.35
      vertex 110 100 -6.35
      vertex 87.12919337231928 58.250033024294105 -6.35
    endloop
  endfacet
  facet normal 0 0 -1
    outer loop
      vertex 1.5909902576697321 55.40900974233027 -6.35
      vertex 1.8708066276807267 55.749966975705895 -6.35
      vertex 73 85.3 -6.35
    endloop
  endfacet
  facet normal 0 0 -1
    outer loop
      vertex 1.8708066276807267 55.749966975705895 -6.35
      vertex 2.078728948150395 56.13896227717855 -6.35
      vertex 72.47325613055645 85.35187974291128 -6.35
    endloop
  endfacet
  facet normal 0 0 -1
    outer loop
      vertex 2.078728948150395 56.13896227717855 -6.35
      vertex 2.2067668809072685 56.56104677546371 -6.35
      vertex 71.96675473261426 85.50552526221952 -6.35
    endloop
  endfacet
  facet normal 0 0 -1
    outer loop
      vertex 2.2067668809072685 56.56104677546371 -6.35
      vertex 2.25 57 -6.35
      vertex 71.49996037084708 85.75503204678313 -6.35
    endloop
  endfacet
  facet normal 0 0 -1
    outer loop
      vertex 2.25 57 -6.35
      vertex 2.2067668809072685 57.43895322453629 -6.35
      vertex 71.09081169079631 86.09081169079631 -6.35
    endloop
  endfacet
  facet normal 0 0 -1
    outer loop
      vertex 1.8708066276807267 58.250033024294105 -6.35
      vertex 1.5909902576697321 58.59099025766973 -6.35
      vertex 70.50552526221952 86.96675473261426 -6.35
    endloop
  endfacet
  facet normal 0 0 -1
    outer loop
      vertex 2.078728948150395 57.86103772282145 -6.35
      vertex 1.8708066276807267 58.250033024294105 -6.35
      vertex 70.50552526221952 86.96675473261426 -6.35
    endloop
  endfacet
  facet normal 0 0 -1
    outer loop
      vertex 1.5909902576697321 58.59099025766973 -6.35
      vertex 1.250033024294105 58.87080662768073 -6.35
      vertex 70.35187974291128 87.47325613055645 -6.35
    endloop
  endfacet
  facet normal 0 0 -1
    outer loop
      vertex 1.250033024294105 58.87080662768073 -6.35
      vertex 0.861037722821452 59.07872894815039 -6.35
      vertex 70.3 88 -6.35
    endloop
  endfacet
  facet normal 0 0 -1
    outer loop
      vertex 2.2067668809072685 57.43895322453629 -6.35
      vertex 2.078728948150395 57.86103772282145 -6.35
      vertex 70.75503204678313 86.49996037084708 -6.35
    endloop
  endfacet
  facet normal 0 0 -1
    outer loop
      vertex -0.43895322453628854 59.20676688090727 -6.35
      vertex -0.861037722821452 59.07872894815039 -6.35
      vertex 70.3 88 -6.35
    endloop
  endfacet
  facet normal 0 0 -1
    outer loop
      vertex -0.43895322453628854 59.20676688090727 -6.35
      vertex 70.3 88 -6.35
      vertex 0 59.25 -6.35
    endloop
  endfacet
  facet normal 0 0 -1
    outer loop
      vertex 0.43895322453628854 59.20676688090727 -6.35
      vertex 0 59.25 -6.35
      vertex 70.3 88 -6.35
    endloop
  endfacet
  facet normal 0 0 -1
    outer loop
      vertex 0.861037722821452 59.07872894815039 -6.35
      vertex 0.43895322453628854 59.20676688090727 -6.35
      vertex 70.3 88 -6.35
    endloop
  endfacet
  facet normal 0 0 -1
    outer loop
      vertex -70.50552526221952 89.03324526738574 -6.35
      vertex 70.35187974291128 88.52674386944355 -6.35
      vertex 70.3 88 -6.35
    endloop
  endfacet
  facet normal 0 0 -1
    outer loop
      vertex -70.75503204678313 89.50003962915292 -6.35
      vertex 70.50552526221952 89.03324526738574 -6.35
      vertex 70.35187974291128 88.52674386944355 -6.35
    endloop
  endfacet
  facet normal 0 0 -1
    outer loop
      vertex -71.09081169079631 89.90918830920369 -6.35
      vertex 70.75503204678313 89.50003962915292 -6.35
      vertex 70.50552526221952 89.03324526738574 -6.35
    endloop
  endfacet
  facet normal 0 0 -1
    outer loop
      vertex -71.09081169079631 89.90918830920369 -6.35
      vertex 71.09081169079631 89.90918830920369 -6.35
      vertex 70.75503204678313 89.50003962915292 -6.35
    endloop
  endfacet
  facet normal 0 0 -1
    outer loop
      vertex -71.49996037084708 90.24496795321687 -6.35
      vertex 71.49996037084708 90.24496795321687 -6.35
      vertex 71.09081169079631 89.90918830920369 -6.35
    endloop
  endfacet
  facet normal 0 0 -1
    outer loop
      vertex -71.96675473261426 90.49447473778048 -6.35
      vertex 71.96675473261426 90.49447473778048 -6.35
      vertex 71.49996037084708 90.24496795321687 -6.35
    endloop
  endfacet
  facet normal 0 0 -1
    outer loop
      vertex -71.96675473261426 90.49447473778048 -6.35
      vertex 72.47325613055645 90.64812025708872 -6.35
      vertex 71.96675473261426 90.49447473778048 -6.35
    endloop
  endfacet
  facet normal 0 0 -1
    outer loop
      vertex 110 100 -6.35
      vertex 1.250033024294105 55.12919337231927 -6.35
      vertex 1.5909902576697321 55.40900974233027 -6.35
    endloop
  endfacet
  facet normal 0 0 -1
    outer loop
      vertex 110 100 -6.35
      vertex 72.47325613055645 90.64812025708872 -6.35
      vertex -71.96675473261426 90.49447473778048 -6.35
    endloop
  endfacet
  facet normal 0 0 -1
    outer loop
      vertex 2.2067668809072685 57.43895322453629 -6.35
      vertex 70.75503204678313 86.49996037084708 -6.35
      vertex 71.09081169079631 86.09081169079631 -6.35
    endloop
  endfacet
  facet normal 0 0 -1
    outer loop
      vertex 2.078728948150395 57.86103772282145 -6.35
      vertex 70.50552526221952 86.96675473261426 -6.35
      vertex 70.75503204678313 86.49996037084708 -6.35
    endloop
  endfacet
  facet normal 0 0 -1
    outer loop
      vertex 1.5909902576697321 58.59099025766973 -6.35
      vertex 70.35187974291128 87.47325613055645 -6.35
      vertex 70.50552526221952 86.96675473261426 -6.35
    endloop
  endfacet
  facet normal 0 0 -1
    outer loop
      vertex 1.250033024294105 58.87080662768073 -6.35
      vertex 70.3 88 -6.35
      vertex 70.35187974291128 87.47325613055645 -6.35
    endloop
  endfacet
  facet normal 0 0 -1
    outer loop
      vertex 2.078728948150395 56.13896227717855 -6.35
      vertex 71.96675473261426 85.50552526221952 -6.35
      vertex 72.47325613055645 85.35187974291128 -6.35
    endloop
  endfacet
  facet normal 0 0 -1
    outer loop
      vertex 2.25 57 -6.35
      vertex 71.09081169079631 86.09081169079631 -6.35
      vertex 71.49996037084708 85.75503204678313 -6.35
    endloop
  endfacet
  facet normal 0 0 -1
    outer loop
      vertex 2.2067668809072685 56.56104677546371 -6.35
      vertex 71.49996037084708 85.75503204678313 -6.35
      vertex 71.96675473261426 85.50552526221952 -6.35
    endloop
  endfacet
  facet normal 0 0 -1
    outer loop
      vertex 1.5909902576697321 55.40900974233027 -6.35
      vertex 73 85.3 -6.35
      vertex 73.52674386944355 85.35187974291128 -6.35
    endloop
  endfacet
  facet normal 0 0 -1
    outer loop
      vertex 1.8708066276807267 55.749966975705895 -6.35
      vertex 72.47325613055645 85.35187974291128 -6.35
      vertex 73 85.3 -6.35
    endloop
  endfacet
  facet normal 0 0 -1
    outer loop
      vertex 1.5909902576697321 55.40900974233027 -6.35
      vertex 73.52674386944355 85.35187974291128 -6.35
      vertex 74.03324526738574 85.50552526221952 -6.35
    endloop
  endfacet
  facet normal 0 0 -1
    outer loop
      vertex 0.861037722821452 -54.92127105184961 -6.35
      vertex 87.40900974233027 55.40900974233027 -6.35
      vertex 87.74996697570589 55.12919337231927 -6.35
    endloop
  endfacet
  facet normal 0 0 -1
    outer loop
      vertex -0.861037722821452 -54.92127105184961 -6.35
      vertex 86.75 57 -6.35
      vertex 86.79323311909273 56.56104677546371 -6.35
    endloop
  endfacet
  facet normal 0 0 -1
    outer loop
      vertex -0.43895322453628854 -54.79323311909273 -6.35
      vertex 86.79323311909273 56.56104677546371 -6.35
      vertex 86.9212710518496 56.13896227717855 -6.35
    endloop
  endfacet
  facet normal 0 0 -1
    outer loop
      vertex 0 -54.75 -6.35
      vertex 86.9212710518496 56.13896227717855 -6.35
      vertex 87.12919337231928 55.749966975705895 -6.35
    endloop
  endfacet
  facet normal 0 0 -1
    outer loop
      vertex 0.43895322453628854 -54.79323311909273 -6.35
      vertex 87.12919337231928 55.749966975705895 -6.35
      vertex 87.40900974233027 55.40900974233027 -6.35
    endloop
  endfacet
  facet normal 0 0 -1
    outer loop
      vertex 87.74996697570589 -55.12919337231927 -6.35
      vertex 87.74996697570589 55.12919337231927 -6.35
      vertex 88.13896227717855 54.92127105184961 -6.35
    endloop
  endfacet
  facet normal 0 0 -1
    outer loop
      vertex 88.13896227717855 -54.92127105184961 -6.35
      vertex 88.13896227717855 54.92127105184961 -6.35
      vertex 88.56104677546371 54.79323311909273 -6.35
    endloop
  endfacet
  facet normal 0 0 -1
    outer loop
      vertex 88.56104677546371 -54.79323311909273 -6.35
      vertex 88.56104677546371 54.79323311909273 -6.35
      vertex 89 54.75 -6.35
    endloop
  endfacet
  facet normal 0 0 -1
    outer loop
      vertex 89 -54.75 -6.35
      vertex 89 54.75 -6.35
      vertex 89.43895322453629 54.79323311909273 -6.35
    endloop
  endfacet
  facet normal 0 0 -1
    outer loop
      vertex 89.43895322453629 -54.79323311909273 -6.35
      vertex 89.43895322453629 54.79323311909273 -6.35
      vertex 89.86103772282145 54.92127105184961 -6.35
    endloop
  endfacet
  facet normal 0 0 -1
    outer loop
      vertex 89.86103772282145 -54.92127105184961 -6.35
      vertex 89.86103772282145 54.92127105184961 -6.35
      vertex 90.25003302429411 55.12919337231927 -6.35
    endloop
  endfacet
  facet normal 0 0 -1
    outer loop
      vertex 90.25003302429411 -55.12919337231927 -6.35
      vertex 90.25003302429411 55.12919337231927 -6.35
      vertex 90.59099025766973 55.40900974233027 -6.35
    endloop
  endfacet
  facet normal 0 0 -1
    outer loop
      vertex 90.59099025766973 -55.40900974233027 -6.35
      vertex 90.59099025766973 55.40900974233027 -6.35
      vertex 90.87080662768072 55.749966975705895 -6.35
    endloop
  endfacet
  facet normal 0 0 -1
    outer loop
      vertex 90.87080662768072 -55.749966975705895 -6.35
      vertex 90.87080662768072 55.749966975705895 -6.35
      vertex 91.0787289481504 56.13896227717855 -6.35
    endloop
  endfacet
  facet normal 0 0 -1
    outer loop
      vertex 110 -100 -6.35
      vertex 91.0787289481504 56.13896227717855 -6.35
      vertex 91.20676688090727 56.56104677546371 -6.35
    endloop
  endfacet
  facet normal 0 0 -1
    outer loop
      vertex 110 -100 -6.35
      vertex 91.20676688090727 56.56104677546371 -6.35
      vertex 91.25 57 -6.35
    endloop
  endfacet
  facet normal 0 0 -1
    outer loop
      vertex 110 -100 -6.35
      vertex 91.25 57 -6.35
      vertex 91.20676688090727 57.43895322453629 -6.35
    endloop
  endfacet
  facet normal 0 0 -1
    outer loop
      vertex 110 -100 -6.35
      vertex 91.20676688090727 57.43895322453629 -6.35
      vertex 110 100 -6.35
    endloop
  endfacet
  facet normal 0 0 -1
    outer loop
      vertex 110 100 -6.35
      vertex 1.5909902576697321 55.40900974233027 -6.35
      vertex 74.03324526738574 85.50552526221952 -6.35
    endloop
  endfacet
  facet normal 0 0 -1
    outer loop
      vertex 110 100 -6.35
      vertex 87.40900974233027 58.59099025766973 -6.35
      vertex 87.12919337231928 58.250033024294105 -6.35
    endloop
  endfacet
  facet normal 0 0 -1
    outer loop
      vertex 110 100 -6.35
      vertex 87.74996697570589 58.87080662768073 -6.35
      vertex 87.40900974233027 58.59099025766973 -6.35
    endloop
  endfacet
  facet normal 0 0 -1
    outer loop
      vertex 110 100 -6.35
      vertex 88.13896227717855 59.07872894815039 -6.35
      vertex 87.74996697570589 58.87080662768073 -6.35
    endloop
  endfacet
  facet normal 0 0 -1
    outer loop
      vertex 110 100 -6.35
      vertex 88.56104677546371 59.20676688090727 -6.35
      vertex 88.13896227717855 59.07872894815039 -6.35
    endloop
  endfacet
  facet normal 0 0 -1
    outer loop
      vertex 110 100 -6.35
      vertex 89 59.25 -6.35
      vertex 88.56104677546371 59.20676688090727 -6.35
    endloop
  endfacet
  facet normal 0 0 -1
    outer loop
      vertex 110 100 -6.35
      vertex 89.43895322453629 59.20676688090727 -6.35
      vertex 89 59.25 -6.35
    endloop
  endfacet
  facet normal 0 0 -1
    outer loop
      vertex 110 100 -6.35
      vertex 91.20676688090727 57.43895322453629 -6.35
      vertex 91.0787289481504 57.86103772282145 -6.35
    endloop
  endfacet
  facet normal 0 0 -1
    outer loop
      vertex 110 100 -6.35
      vertex 90.25003302429411 58.87080662768073 -6.35
      vertex 89.86103772282145 59.07872894815039 -6.35
    endloop
  endfacet
  facet normal 0 0 -1
    outer loop
      vertex 110 100 -6.35
      vertex 90.59099025766973 58.59099025766973 -6.35
      vertex 90.25003302429411 58.87080662768073 -6.35
    endloop
  endfacet
  facet normal 0 0 -1
    outer loop
      vertex 110 100 -6.35
      vertex 89.86103772282145 59.07872894815039 -6.35
      vertex 89.43895322453629 59.20676688090727 -6.35
    endloop
  endfacet
  facet normal 0 0 -1
    outer loop
      vertex 110 100 -6.35
      vertex 91.0787289481504 57.86103772282145 -6.35
      vertex 90.87080662768072 58.250033024294105 -6.35
    endloop
  endfacet
  facet normal 0 0 -1
    outer loop
      vertex 110 100 -6.35
      vertex 90.87080662768072 58.250033024294105 -6.35
      vertex 90.59099025766973 58.59099025766973 -6.35
    endloop
  endfacet
  facet normal 0 0 -1
    outer loop
      vertex 110 100 -6.35
      vertex 74.03324526738574 90.49447473778048 -6.35
      vertex 73.52674386944355 90.64812025708872 -6.35
    endloop
  endfacet
  facet normal 0 0 -1
    outer loop
      vertex 110 100 -6.35
      vertex 74.03324526738574 85.50552526221952 -6.35
      vertex 74.50003962915292 85.75503204678313 -6.35
    endloop
  endfacet
  facet normal 0 0 -1
    outer loop
      vertex 110 100 -6.35
      vertex 74.50003962915292 85.75503204678313 -6.35
      vertex 74.90918830920369 86.09081169079631 -6.35
    endloop
  endfacet
  facet normal 0 0 -1
    outer loop
      vertex 110 100 -6.35
      vertex 74.90918830920369 86.09081169079631 -6.35
      vertex 75.24496795321687 86.49996037084708 -6.35
    endloop
  endfacet
  facet normal 0 0 -1
    outer loop
      vertex 110 100 -6.35
      vertex 75.24496795321687 86.49996037084708 -6.35
      vertex 75.49447473778048 86.96675473261426 -6.35
    endloop
  endfacet
  facet normal 0 0 -1
    outer loop
      vertex 110 100 -6.35
      vertex 75.49447473778048 86.96675473261426 -6.35
      vertex 75.64812025708872 87.47325613055645 -6.35
    endloop
  endfacet
  facet normal 0 0 -1
    outer loop
      vertex 110 100 -6.35
      vertex 75.64812025708872 87.47325613055645 -6.35
      vertex 75.7 88 -6.35
    endloop
  endfacet
  facet normal 0 0 -1
    outer loop
      vertex 110 100 -6.35
      vertex 75.7 88 -6.35
      vertex 75.64812025708872 88.52674386944355 -6.35
    endloop
  endfacet
  facet normal 0 0 -1
    outer loop
      vertex 110 100 -6.35
      vertex 74.50003962915292 90.24496795321687 -6.35
      vertex 74.03324526738574 90.49447473778048 -6.35
    endloop
  endfacet
  facet normal 0 0 -1
    outer loop
      vertex 110 100 -6.35
      vertex 75.24496795321687 89.50003962915292 -6.35
      vertex 74.90918830920369 89.90918830920369 -6.35
    endloop
  endfacet
  facet normal 0 0 -1
    outer loop
      vertex 110 100 -6.35
      vertex 74.90918830920369 89.90918830920369 -6.35
      vertex 74.50003962915292 90.24496795321687 -6.35
    endloop
  endfacet
  facet normal 0 0 -1
    outer loop
      vertex 110 100 -6.35
      vertex 75.64812025708872 88.52674386944355 -6.35
      vertex 75.49447473778048 89.03324526738574 -6.35
    endloop
  endfacet
  facet normal 0 0 -1
    outer loop
      vertex 110 100 -6.35
      vertex 75.49447473778048 89.03324526738574 -6.35
      vertex 75.24496795321687 89.50003962915292 -6.35
    endloop
  endfacet
  facet normal 0 0 -1
    outer loop
      vertex 110 100 -6.35
      vertex 73 90.7 -6.35
      vertex 72.47325613055645 90.64812025708872 -6.35
    endloop
  endfacet
  facet normal 0 0 -1
    outer loop
      vertex 110 100 -6.35
      vertex 73.52674386944355 90.64812025708872 -6.35
      vertex 73 90.7 -6.35
    endloop
  endfacet
  facet normal 0 0 1
    outer loop
      vertex -1.913417161825449 52.38060233744356 6.35
      vertex -2.777851165098011 52.84265193848727 6.35
      vertex 84.09607359798385 -57.97545161008064 6.35
    endloop
  endfacet
  facet normal 0 0 1
    outer loop
      vertex -0.9754516100806412 52.096073597983846 6.35
      vertex -1.913417161825449 52.38060233744356 6.35
      vertex 84 -57 6.35
    endloop
  endfacet
  facet normal 0 0 1
    outer loop
      vertex 0 52 6.35
      vertex -0.9754516100806412 52.096073597983846 6.35
      vertex 84.09607359798385 -56.02454838991936 6.35
    endloop
  endfacet
  facet normal 0 0 1
    outer loop
      vertex 84.38060233744356 -55.08658283817455 6.35
      vertex 0.9754516100806412 52.096073597983846 6.35
      vertex 0 52 6.35
    endloop
  endfacet
  facet normal 0 0 1
    outer loop
      vertex 84.84265193848728 -54.222148834901986 6.35
      vertex 1.913417161825449 52.38060233744356 6.35
      vertex 0.9754516100806412 52.096073597983846 6.35
    endloop
  endfacet
  facet normal 0 0 1
    outer loop
      vertex 85.46446609406726 -53.46446609406726 6.35
      vertex 2.777851165098011 52.84265193848727 6.35
      vertex 1.913417161825449 52.38060233744356 6.35
    endloop
  endfacet
  facet normal 0 1 0
    outer loop
      vertex -110 100 6.35
      vertex 110 100 6.35
      vertex 110 100 -6.35
    endloop
  endfacet
  facet normal 0 0 1
    outer loop
      vertex 1.913417161825449 61.61939766255644 6.35
      vertex 2.777851165098011 61.15734806151273 6.35
      vertex 70.3 88 6.35
    endloop
  endfacet
  facet normal 0 0 1
    outer loop
      vertex 2.777851165098011 61.15734806151273 6.35
      vertex 3.5355339059327378 60.53553390593274 6.35
      vertex 70.3 88 6.35
    endloop
  endfacet
  facet normal 0 0 1
    outer loop
      vertex 4.157348061512726 59.777851165098014 6.35
      vertex 70.35187974291128 87.47325613055645 6.35
      vertex 3.5355339059327378 60.53553390593274 6.35
    endloop
  endfacet
  facet normal 0 0 1
    outer loop
      vertex -70.3 88 6.35
      vertex 1.913417161825449 61.61939766255644 6.35
      vertex 70.3 88 6.35
    endloop
  endfacet
  facet normal 0 0 1
    outer loop
      vertex -110 100 6.35
      vertex 71.96675473261426 90.49447473778048 6.35
      vertex 72.47325613055645 90.64812025708872 6.35
    endloop
  endfacet
  facet normal 0 0 1
    outer loop
      vertex -110 100 6.35
      vertex 72.47325613055645 90.64812025708872 6.35
      vertex 73 90.7 6.35
    endloop
  endfacet
  facet normal 0 0 1
    outer loop
      vertex -70.3 88 6.35
      vertex 70.3 88 6.35
      vertex 70.35187974291128 88.52674386944355 6.35
    endloop
  endfacet
  facet normal 0 0 1
    outer loop
      vertex -70.3 88 6.35
      vertex 70.35187974291128 88.52674386944355 6.35
      vertex 70.50552526221952 89.03324526738574 6.35
    endloop
  endfacet
  facet normal 0 0 1
    outer loop
      vertex -70.35187974291128 88.52674386944355 6.35
      vertex 70.50552526221952 89.03324526738574 6.35
      vertex 70.75503204678313 89.50003962915292 6.35
    endloop
  endfacet
  facet normal 0 0 1
    outer loop
      vertex -70.50552526221952 89.03324526738574 6.35
      vertex 70.75503204678313 89.50003962915292 6.35
      vertex 71.09081169079631 89.90918830920369 6.35
    endloop
  endfacet
  facet normal 0 0 1
    outer loop
      vertex -71.09081169079631 89.90918830920369 6.35
      vertex 71.09081169079631 89.90918830920369 6.35
      vertex 71.49996037084708 90.24496795321687 6.35
    endloop
  endfacet
  facet normal 0 0 1
    outer loop
      vertex -71.49996037084708 90.24496795321687 6.35
      vertex 71.49996037084708 90.24496795321687 6.35
      vertex 71.96675473261426 90.49447473778048 6.35
    endloop
  endfacet
  facet normal 0 0 1
    outer loop
      vertex -110 100 6.35
      vertex 73 90.7 6.35
      vertex 110 100 6.35
    endloop
  endfacet
  facet normal 0 0 1
    outer loop
      vertex 3.5355339059327378 53.46446609406726 6.35
      vertex 2.777851165098011 52.84265193848727 6.35
      vertex 85.46446609406726 53.46446609406726 6.35
    endloop
  endfacet
  facet normal 0 0 1
    outer loop
      vertex 3.5355339059327378 53.46446609406726 6.35
      vertex 84.84265193848728 54.222148834901986 6.35
      vertex 4.157348061512726 54.222148834901986 6.35
    endloop
  endfacet
  facet normal 0 0 1
    outer loop
      vertex 4.157348061512726 54.222148834901986 6.35
      vertex 84.38060233744356 55.08658283817455 6.35
      vertex 4.619397662556434 55.08658283817455 6.35
    endloop
  endfacet
  facet normal 0 0 1
    outer loop
      vertex 4.619397662556434 55.08658283817455 6.35
      vertex 84.09607359798385 56.02454838991936 6.35
      vertex 4.903926402016152 56.02454838991936 6.35
    endloop
  endfacet
  facet normal 0 0 1
    outer loop
      vertex 4.903926402016152 56.02454838991936 6.35
      vertex 84 57 6.35
      vertex 5 57 6.35
    endloop
  endfacet
  facet normal 0 0 1
    outer loop
      vertex 5 57 6.35
      vertex 84.09607359798385 57.97545161008064 6.35
      vertex 4.903926402016152 57.97545161008064 6.35
    endloop
  endfacet
  facet normal 0 0 1
    outer loop
      vertex 4.903926402016152 57.97545161008064 6.35
      vertex 84.38060233744356 58.91341716182545 6.35
      vertex 4.619397662556434 58.91341716182545 6.35
    endloop
  endfacet
  facet normal 0 0 1
    outer loop
      vertex 4.619397662556434 58.91341716182545 6.35
      vertex 84.84265193848728 59.777851165098014 6.35
      vertex 4.157348061512726 59.777851165098014 6.35
    endloop
  endfacet
  facet normal 0 0 1
    outer loop
      vertex 73 85.3 6.35
      vertex 4.157348061512726 59.777851165098014 6.35
      vertex 84.84265193848728 59.777851165098014 6.35
    endloop
  endfacet
  facet normal 0 0 1
    outer loop
      vertex 70.3 88 6.35
      vertex 3.5355339059327378 60.53553390593274 6.35
      vertex 70.35187974291128 87.47325613055645 6.35
    endloop
  endfacet
  facet normal 0 0 1
    outer loop
      vertex 71.49996037084708 85.75503204678313 6.35
      vertex 71.09081169079631 86.09081169079631 6.35
      vertex 4.157348061512726 59.777851165098014 6.35
    endloop
  endfacet
  facet normal 0 0 1
    outer loop
      vertex 70.35187974291128 87.47325613055645 6.35
      vertex 4.157348061512726 59.777851165098014 6.35
      vertex 70.50552526221952 86.96675473261426 6.35
    endloop
  endfacet
  facet normal 0 0 1
    outer loop
      vertex 70.50552526221952 86.96675473261426 6.35
      vertex 4.157348061512726 59.777851165098014 6.35
      vertex 70.75503204678313 86.49996037084708 6.35
    endloop
  endfacet
  facet normal 0 0 1
    outer loop
      vertex 70.75503204678313 86.49996037084708 6.35
      vertex 4.157348061512726 59.777851165098014 6.35
      vertex 71.09081169079631 86.09081169079631 6.35
    endloop
  endfacet
  facet normal 0 0 1
    outer loop
      vertex 71.96675473261426 85.50552526221952 6.35
      vertex 71.49996037084708 85.75503204678313 6.35
      vertex 4.157348061512726 59.777851165098014 6.35
    endloop
  endfacet
  facet normal 0 0 1
    outer loop
      vertex 72.47325613055645 85.35187974291128 6.35
      vertex 71.96675473261426 85.50552526221952 6.35
      vertex 4.157348061512726 59.777851165098014 6.35
    endloop
  endfacet
  facet normal 0 0 1
    outer loop
      vertex 73 85.3 6.35
      vertex 72.47325613055645 85.35187974291128 6.35
      vertex 4.157348061512726 59.777851165098014 6.35
    endloop
  endfacet
  facet normal 1 0 0
    outer loop
      vertex 110 -100 6.35
      vertex 110 100 -6.35
      vertex 110 100 6.35
    endloop
  endfacet
  facet normal 0 0 1
    outer loop
      vertex 87.08658283817455 -52.38060233744356 6.35
      vertex 86.22214883490199 52.84265193848727 6.35
      vertex 2.777851165098011 52.84265193848727 6.35
    endloop
  endfacet
  facet normal 0 0 1
    outer loop
      vertex 87.08658283817455 -52.38060233744356 6.35
      vertex 87.08658283817455 52.38060233744356 6.35
      vertex 86.22214883490199 52.84265193848727 6.35
    endloop
  endfacet
  facet normal 0 0 1
    outer loop
      vertex 88.02454838991936 -52.096073597983846 6.35
      vertex 88.02454838991936 52.096073597983846 6.35
      vertex 87.08658283817455 52.38060233744356 6.35
    endloop
  endfacet
  facet normal 0 0 1
    outer loop
      vertex 89 -52 6.35
      vertex 89 52 6.35
      vertex 88.02454838991936 52.096073597983846 6.35
    endloop
  endfacet
  facet normal 0 0 1
    outer loop
      vertex 89.97545161008064 -52.096073597983846 6.35
      vertex 89.97545161008064 52.096073597983846 6.35
      vertex 89 52 6.35
    endloop
  endfacet
  facet normal 0 0 1
    outer loop
      vertex 90.91341716182545 -52.38060233744356 6.35
      vertex 90.91341716182545 52.38060233744356 6.35
      vertex 89.97545161008064 52.096073597983846 6.35
    endloop
  endfacet
  facet normal 0 0 1
    outer loop
      vertex 91.77785116509801 -52.84265193848727 6.35
      vertex 91.77785116509801 52.84265193848727 6.35
      vertex 90.91341716182545 52.38060233744356 6.35
    endloop
  endfacet
  facet normal 0 0 1
    outer loop
      vertex 92.53553390593274 -53.46446609406726 6.35
      vertex 92.53553390593274 53.46446609406726 6.35
      vertex 91.77785116509801 52.84265193848727 6.35
    endloop
  endfacet
  facet normal 0 0 1
    outer loop
      vertex 93.15734806151272 -54.222148834901986 6.35
      vertex 93.15734806151272 54.222148834901986 6.35
      vertex 92.53553390593274 53.46446609406726 6.35
    endloop
  endfacet
  facet normal 0 0 1
    outer loop
      vertex 93.61939766255644 -55.08658283817455 6.35
      vertex 93.61939766255644 55.08658283817455 6.35
      vertex 93.15734806151272 54.222148834901986 6.35
    endloop
  endfacet
  facet normal 0 0 1
    outer loop
      vertex 93.90392640201615 -56.02454838991936 6.35
      vertex 93.90392640201615 56.02454838991936 6.35
      vertex 93.61939766255644 55.08658283817455 6.35
    endloop
  endfacet
  facet normal 0 0 1
    outer loop
      vertex 94 -57 6.35
      vertex 94 57 6.35
      vertex 93.90392640201615 56.02454838991936 6.35
    endloop
  endfacet
  facet normal 0 0 1
    outer loop
      vertex 110 100 6.35
      vertex 94 57 6.35
      vertex 94 -57 6.35
    endloop
  endfacet
  facet normal 0 0 1
    outer loop
      vertex 2.777851165098011 52.84265193848727 6.35
      vertex 86.22214883490199 52.84265193848727 6.35
      vertex 85.46446609406726 53.46446609406726 6.35
    endloop
  endfacet
  facet normal 0 0 1
    outer loop
      vertex 3.5355339059327378 53.46446609406726 6.35
      vertex 85.46446609406726 53.46446609406726 6.35
      vertex 84.84265193848728 54.222148834901986 6.35
    endloop
  endfacet
  facet normal 0 0 1
    outer loop
      vertex 4.157348061512726 54.222148834901986 6.35
      vertex 84.84265193848728 54.222148834901986 6.35
      vertex 84.38060233744356 55.08658283817455 6.35
    endloop
  endfacet
  facet normal 0 0 1
    outer loop
      vertex 4.619397662556434 55.08658283817455 6.35
      vertex 84.38060233744356 55.08658283817455 6.35
      vertex 84.09607359798385 56.02454838991936 6.35
    endloop
  endfacet
  facet normal 0 0 1
    outer loop
      vertex 4.903926402016152 56.02454838991936 6.35
      vertex 84.09607359798385 56.02454838991936 6.35
      vertex 84 57 6.35
    endloop
  endfacet
  facet normal 0 0 1
    outer loop
      vertex 5 57 6.35
      vertex 84 57 6.35
      vertex 84.09607359798385 57.97545161008064 6.35
    endloop
  endfacet
  facet normal 0 0 1
    outer loop
      vertex 4.903926402016152 57.97545161008064 6.35
      vertex 84.09607359798385 57.97545161008064 6.35
      vertex 84.38060233744356 58.91341716182545 6.35
    endloop
  endfacet
  facet normal 0 0 1
    outer loop
      vertex 4.619397662556434 58.91341716182545 6.35
      vertex 84.38060233744356 58.91341716182545 6.35
      vertex 84.84265193848728 59.777851165098014 6.35
    endloop
  endfacet
  facet normal 0 0 1
    outer loop
      vertex 73 85.3 6.35
      vertex 84.84265193848728 59.777851165098014 6.35
      vertex 85.46446609406726 60.53553390593274 6.35
    endloop
  endfacet
  facet normal 0 0 1
    outer loop
      vertex 73.52674386944355 85.35187974291128 6.35
      vertex 85.46446609406726 60.53553390593274 6.35
      vertex 86.22214883490199 61.15734806151273 6.35
    endloop
  endfacet
  facet normal 0 0 1
    outer loop
      vertex 74.03324526738574 85.50552526221952 6.35
      vertex 86.22214883490199 61.15734806151273 6.35
      vertex 87.08658283817455 61.61939766255644 6.35
    endloop
  endfacet
  facet normal 0 0 1
    outer loop
      vertex 73.52674386944355 85.35187974291128 6.35
      vertex 73 85.3 6.35
      vertex 85.46446609406726 60.53553390593274 6.35
    endloop
  endfacet
  facet normal 0 0 1
    outer loop
      vertex 74.03324526738574 85.50552526221952 6.35
      vertex 73.52674386944355 85.35187974291128 6.35
      vertex 86.22214883490199 61.15734806151273 6.35
    endloop
  endfacet
  facet normal 0 0 1
    outer loop
      vertex 74.50003962915292 85.75503204678313 6.35
      vertex 74.03324526738574 85.50552526221952 6.35
      vertex 87.08658283817455 61.61939766255644 6.35
    endloop
  endfacet
  facet normal 0 0 1
    outer loop
      vertex 74.90918830920369 86.09081169079631 6.35
      vertex 74.50003962915292 85.75503204678313 6.35
      vertex 88.02454838991936 61.903926402016154 6.35
    endloop
  endfacet
  facet normal 0 0 1
    outer loop
      vertex 74.90918830920369 86.09081169079631 6.35
      vertex 89 62 6.35
      vertex 75.24496795321687 86.49996037084708 6.35
    endloop
  endfacet
  facet normal 0 0 1
    outer loop
      vertex 75.24496795321687 86.49996037084708 6.35
      vertex 89.97545161008064 61.903926402016154 6.35
      vertex 75.49447473778048 86.96675473261426 6.35
    endloop
  endfacet
  facet normal 0 0 1
    outer loop
      vertex 75.49447473778048 86.96675473261426 6.35
      vertex 89.97545161008064 61.903926402016154 6.35
      vertex 75.64812025708872 87.47325613055645 6.35
    endloop
  endfacet
  facet normal 0 0 1
    outer loop
      vertex 75.64812025708872 87.47325613055645 6.35
      vertex 90.91341716182545 61.61939766255644 6.35
      vertex 75.7 88 6.35
    endloop
  endfacet
  facet normal 0 0 1
    outer loop
      vertex 74.50003962915292 85.75503204678313 6.35
      vertex 87.08658283817455 61.61939766255644 6.35
      vertex 88.02454838991936 61.903926402016154 6.35
    endloop
  endfacet
  facet normal 0 0 1
    outer loop
      vertex 74.90918830920369 86.09081169079631 6.35
      vertex 88.02454838991936 61.903926402016154 6.35
      vertex 89 62 6.35
    endloop
  endfacet
  facet normal 0 0 1
    outer loop
      vertex 75.24496795321687 86.49996037084708 6.35
      vertex 89 62 6.35
      vertex 89.97545161008064 61.903926402016154 6.35
    endloop
  endfacet
  facet normal 0 0 1
    outer loop
      vertex 75.64812025708872 87.47325613055645 6.35
      vertex 89.97545161008064 61.903926402016154 6.35
      vertex 90.91341716182545 61.61939766255644 6.35
    endloop
  endfacet
  facet normal 0 0 1
    outer loop
      vertex 110 100 6.35
      vertex 93.90392640201615 57.97545161008064 6.35
      vertex 94 57 6.35
    endloop
  endfacet
  facet normal 0 0 1
    outer loop
      vertex 110 100 6.35
      vertex 90.91341716182545 61.61939766255644 6.35
      vertex 91.77785116509801 61.15734806151273 6.35
    endloop
  endfacet
  facet normal 0 0 1
    outer loop
      vertex 110 100 6.35
      vertex 93.61939766255644 58.91341716182545 6.35
      vertex 93.90392640201615 57.97545161008064 6.35
    endloop
  endfacet
  facet normal 0 0 1
    outer loop
      vertex 110 100 6.35
      vertex 93.15734806151272 59.777851165098014 6.35
      vertex 93.61939766255644 58.91341716182545 6.35
    endloop
  endfacet
  facet normal 0 0 1
    outer loop
      vertex 110 100 6.35
      vertex 91.77785116509801 61.15734806151273 6.35
      vertex 92.53553390593274 60.53553390593274 6.35
    endloop
  endfacet
  facet normal 0 0 1
    outer loop
      vertex 110 100 6.35
      vertex 92.53553390593274 60.53553390593274 6.35
      vertex 93.15734806151272 59.777851165098014 6.35
    endloop
  endfacet
  facet normal 0 0 1
    outer loop
      vertex 110 100 6.35
      vertex 75.7 88 6.35
      vertex 90.91341716182545 61.61939766255644 6.35
    endloop
  endfacet
  facet normal 0 0 1
    outer loop
      vertex 110 100 6.35
      vertex 73.52674386944355 90.64812025708872 6.35
      vertex 74.03324526738574 90.49447473778048 6.35
    endloop
  endfacet
  facet normal 0 0 1
    outer loop
      vertex 110 100 6.35
      vertex 75.64812025708872 88.52674386944355 6.35
      vertex 75.7 88 6.35
    endloop
  endfacet
  facet normal 0 0 1
    outer loop
      vertex 110 100 6.35
      vertex 74.03324526738574 90.49447473778048 6.35
      vertex 74.50003962915292 90.24496795321687 6.35
    endloop
  endfacet
  facet normal 0 0 1
    outer loop
      vertex 110 100 6.35
      vertex 74.90918830920369 89.90918830920369 6.35
      vertex 75.24496795321687 89.50003962915292 6.35
    endloop
  endfacet
  facet normal 0 0 1
    outer loop
      vertex 110 100 6.35
      vertex 74.50003962915292 90.24496795321687 6.35
      vertex 74.90918830920369 89.90918830920369 6.35
    endloop
  endfacet
  facet normal 0 0 1
    outer loop
      vertex 110 100 6.35
      vertex 75.49447473778048 89.03324526738574 6.35
      vertex 75.64812025708872 88.52674386944355 6.35
    endloop
  endfacet
  facet normal 0 0 1
    outer loop
      vertex 110 100 6.35
      vertex 75.24496795321687 89.50003962915292 6.35
      vertex 75.49447473778048 89.03324526738574 6.35
    endloop
  endfacet
  facet normal 0 0 1
    outer loop
      vertex 110 100 6.35
      vertex 73 90.7 6.35
      vertex 73.52674386944355 90.64812025708872 6.35
    endloop
  endfacet
endsolid OpenSCAD_Model
